datetime,limit_up_count,limit_down_count,limit_up_ratio,limit_down_ratio,avg_pct_change
2014-01-02,0,0,0.0,0.0,
2014-01-03,13,0,0.006007393715341959,0.0,-0.005609606809003151
2014-01-06,6,6,0.0027649769585253456,0.0027649769585253456,-0.02940155272861046
2014-01-07,10,3,0.004597701149425287,0.001379310344827586,0.007097706508461027
2014-01-08,10,0,0.004597701149425287,0.0,0.003988302952548425
2014-01-09,8,2,0.0036730945821854912,0.0009182736455463728,-0.01646058601214203
2014-01-10,11,9,0.005048187241854061,0.004130335016062414,-0.016806768743471943
2014-01-13,7,10,0.0032080659945004585,0.00458295142071494,-0.001623103735659005
2014-01-14,23,4,0.010531135531135532,0.0018315018315018315,0.021238286067035123
2014-01-15,11,0,0.005034324942791762,0.0,0.007192407157990723
2014-01-16,14,1,0.006392694063926941,0.00045662100456621003,0.0016551779288915475
2014-01-17,7,4,0.0031934306569343066,0.0018248175182481751,-0.010637759147187521
2014-01-20,13,9,0.00592255125284738,0.004100227790432802,-0.006791961086927268
2014-01-21,25,0,0.011343012704174229,0.0,0.015555890379263271
2014-01-22,32,1,0.014486192847442281,0.0004526935264825713,0.023183778336281248
2014-01-23,27,0,0.012173128944995492,0.0,0.0064172286766859925
2014-01-24,42,0,0.018935978358881875,0.0,0.013627195514190489
2014-01-27,16,0,0.00718132854578097,0.0,-0.0037385354825210126
2014-01-28,13,4,0.005803571428571429,0.0017857142857142857,-0.001694853395517322
2014-01-29,25,3,0.011130899376669634,0.0013357079252003562,0.009250218034657831
2014-01-30,15,8,0.006678539626001781,0.003561887800534283,-0.005902923645374768
2014-02-07,47,1,0.020926090828138913,0.0004452359750667854,0.018502087581082457
2014-02-10,62,0,0.027592345349354695,0.0,0.028786112769241846
2014-02-11,46,1,0.020462633451957295,0.00044483985765124553,0.004340444527975104
2014-02-12,44,0,0.019572953736654804,0.0,0.014017301483400156
2014-02-13,17,5,0.00755891507336594,0.0022232103156958646,-0.01596337246518129
2014-02-14,40,1,0.017777777777777778,0.00044444444444444447,0.019771246704641584
2014-02-17,49,0,0.021777777777777778,0.0,0.020452157999765252
2014-02-18,34,0,0.015104398045313194,0.0,-0.0004697724305100564
2014-02-19,32,1,0.01419698314108252,0.00044365572315882877,0.0016033173535180269
2014-02-20,28,8,0.012416851441241685,0.003547671840354767,-0.013532490596577318
2014-02-21,13,3,0.00576241134751773,0.0013297872340425532,-0.004620568997852712
2014-02-24,31,12,0.013735046521931768,0.005316792202038104,0.0010437098306232632
2014-02-25,18,50,0.007964601769911504,0.022123893805309734,-0.03799335247861415
2014-02-26,38,1,0.016799292661361626,0.0004420866489832007,0.0067167404479203646
2014-02-27,26,12,0.011494252873563218,0.005305039787798408,-0.01280324013517917
2014-02-28,30,6,0.013256738842244807,0.0026513477684489617,0.011514657588359118
2014-03-03,49,0,0.02163355408388521,0.0,0.021014309663020946
2014-03-04,19,2,0.008388520971302429,0.0008830022075055188,-0.0007248650303281221
2014-03-05,19,4,0.008384819064430714,0.00176522506619594,-0.0023094458706736805
2014-03-06,20,2,0.0088261253309797,0.00088261253309797,0.0023574086439153907
2014-03-07,19,3,0.008384819064430714,0.001323918799646955,-0.003093467842379372
2014-03-10,7,46,0.0030823425803610744,0.02025539409951563,-0.036436585899943766
2014-03-11,17,4,0.007485689123734038,0.0017613386173491853,0.0009718798788799065
2014-03-12,19,12,0.00836635843240863,0.005284015852047556,-0.0010003883296897979
2014-03-13,22,3,0.009687362395420519,0.001321003963011889,0.012274006873398764
2014-03-14,7,5,0.0030809859154929575,0.0022007042253521128,-0.003135669828578886
2014-03-17,29,0,0.012758468983721953,0.0,0.020587529972235768
2014-03-18,24,0,0.01054481546572935,0.0,0.004996793221685117
2014-03-19,25,1,0.010979358805445762,0.0004391743522178305,0.0010990056977925218
2014-03-20,16,19,0.007020623080298377,0.008336989907854322,-0.024898383702909213
2014-03-21,28,2,0.012280701754385965,0.0008771929824561404,0.019017844752044297
2014-03-24,36,1,0.01578255151249452,0.00043840420868040335,0.005615158465205178
2014-03-25,24,4,0.010512483574244415,0.0017520805957074025,0.000639893739735875
2014-03-26,15,1,0.006570302233902759,0.0004380201489268506,0.0034083770552294783
2014-03-27,11,12,0.004818221638195357,0.005256241787122208,-0.01781799016147832
2014-03-28,8,36,0.003504161191414805,0.01576872536136662,-0.02091877644112596
2014-03-31,4,28,0.0017520805957074025,0.012264564169951819,-0.007606483955762626
2014-04-01,17,2,0.007446342531756461,0.0008760402978537013,0.01587629794215935
2014-04-02,18,3,0.00788436268068331,0.001314060446780552,-0.0015288132685704712
2014-04-03,10,7,0.0043782837127845885,0.003064798598949212,-0.0009358705360065598
2014-04-04,18,3,0.00787746170678337,0.001312910284463895,0.010667765970578483
2014-04-08,17,2,0.0074365704286964126,0.0008748906386701663,0.010156508741457727
2014-04-09,19,1,0.008311461067366578,0.0004374453193350831,0.009668911007795666
2014-04-10,20,5,0.008748906386701663,0.0021872265966754157,0.0031378822819326537
2014-04-11,12,2,0.005249343832020997,0.0008748906386701663,-0.004346078507941168
2014-04-14,19,3,0.008307826847398338,0.0013117621337997377,0.007223090958369622
2014-04-15,12,2,0.005247048535198951,0.0008745080891998251,-0.006707937483569844
2014-04-16,9,5,0.003935286401399213,0.0021862702229995625,0.000641953967031766
2014-04-17,8,3,0.0034965034965034965,0.0013111888111888112,4.026881589439971e-05
2014-04-18,8,2,0.0034934497816593887,0.0008733624454148472,0.0030793220138498993
2014-04-21,8,11,0.0034934497816593887,0.00480349344978166,-0.015937595272996083
2014-04-22,6,12,0.0026200873362445414,0.005240174672489083,-0.007706420353056653
2014-04-23,10,5,0.004366812227074236,0.002183406113537118,-0.003156873523468151
2014-04-24,9,14,0.003930131004366812,0.00611353711790393,-0.009596256600752468
2014-04-25,3,23,0.0013100436681222707,0.010043668122270743,-0.020565212259056546
2014-04-28,4,78,0.0017467248908296944,0.03406113537117904,-0.03318813997515317
2014-04-29,21,10,0.009170305676855894,0.004366812227074236,0.012813593643004434
2014-04-30,16,13,0.006983849847228284,0.005674378000872981,0.007198369739549657
2014-05-05,14,3,0.006110868616324749,0.0013094718463553033,0.010290540471201082
2014-05-06,14,1,0.006108202443280977,0.0004363001745200698,0.0067612358228679205
2014-05-07,9,13,0.003926701570680628,0.005671902268760907,-0.016060705571036032
2014-05-08,18,6,0.007853403141361256,0.002617801047120419,0.0003900499670423889
2014-05-09,9,6,0.003926701570680628,0.002617801047120419,-0.008644160299427764
2014-05-12,49,4,0.02137870855148342,0.0017452006980802793,0.02349473596507287
2014-05-13,9,16,0.0039249890972525075,0.006977758395115569,-0.0034439158147083464
2014-05-14,12,9,0.005233318796336677,0.0039249890972525075,-0.0008044457169010005
2014-05-15,2,13,0.0008722197993894462,0.0056694286960314,-0.019515711320005482
2014-05-16,4,15,0.0017444395987788923,0.0065416484954208464,-0.004086638546494713
2014-05-19,2,10,0.0008707009142359599,0.0043535045711798,-0.0054056308144252
2014-05-20,11,11,0.00478885502829778,0.00478885502829778,0.002808295025380067
2014-05-21,14,11,0.0060949063996517195,0.00478885502829778,0.00797059827295595
2014-05-22,12,10,0.00522420548541576,0.0043535045711798,-0.002363927779466709
2014-05-23,13,16,0.0056595559425337396,0.006965607313887679,0.00699868670865798
2014-05-26,9,4,0.00391815411406182,0.0017414018284719198,0.010517255380389088
2014-05-27,10,11,0.0043535045711798,0.00478885502829778,-0.0052367025432437
2014-05-28,14,14,0.0060949063996517195,0.0060949063996517195,0.009204614972223213
2014-05-29,7,7,0.0030474531998258597,0.0030474531998258597,-0.011818927230367161
2014-05-30,11,12,0.00478885502829778,0.00522420548541576,0.0012588797767050474
2014-06-03,15,4,0.006530256856769699,0.0017414018284719198,-0.001445000245180652
2014-06-04,5,9,0.0021767522855899,0.00391815411406182,-0.008096842589688805
2014-06-05,15,2,0.006530256856769699,0.0008707009142359599,0.011489651153737566
2014-06-06,2,4,0.0008707009142359599,0.0017414018284719198,-0.0030590979873712796
2014-06-09,7,9,0.0030474531998258597,0.00391815411406182,-0.006001762829304928
2014-06-10,9,5,0.00391815411406182,0.0021767522855899,0.011071134596323563
2014-06-11,9,8,0.00391815411406182,0.0034828036569438396,0.004288176879315093
2014-06-12,14,14,0.0060949063996517195,0.0060949063996517195,-0.0031318154052622
2014-06-13,19,3,0.00827165868524162,0.00130605137135394,0.010035086242002196
2014-06-16,16,9,0.006965607313887679,0.00391815411406182,0.004962034231490904
2014-06-17,8,11,0.0034828036569438396,0.00478885502829778,-0.010550128117535
2014-06-18,13,5,0.0056595559425337396,0.0021767522855899,-0.007554378321040588
2014-06-19,3,37,0.00130605137135394,0.01610796691336526,-0.02805834798080345
2014-06-20,13,5,0.0056595559425337396,0.0021767522855899,0.009870964137417301
2014-06-23,22,5,0.00957771005659556,0.0021767522855899,0.009681386008173405
2014-06-24,19,5,0.00827165868524162,0.0021767522855899,0.006979036622328739
2014-06-25,11,5,0.00478885502829778,0.0021767522855899,-0.003771474857880511
2014-06-26,21,1,0.009130434782608696,0.0004347826086956522,0.01467538361835465
2014-06-27,36,7,0.01564537157757497,0.003042155584528466,0.006764667677938524
2014-06-30,26,3,0.011294526498696786,0.0013032145960034753,0.00910487805498442
2014-07-01,24,3,0.010416666666666666,0.0013020833333333333,0.005424102163271609
2014-07-02,32,3,0.013870827915041179,0.0013003901170351106,0.005861989877797521
2014-07-03,31,3,0.013431542461005199,0.0012998266897746968,0.006284573814424252
2014-07-04,20,8,0.008665511265164644,0.0034662045060658577,-0.0014463531101069412
2014-07-07,15,3,0.006499133448873483,0.0012998266897746968,0.00033822023614177104
2014-07-08,19,2,0.008232235701906412,0.0008665511265164644,0.0070479770656641585
2014-07-09,15,14,0.006499133448873483,0.006065857885615251,-0.015320531860095066
2014-07-10,31,4,0.013431542461005199,0.0017331022530329288,0.0025505252676740154
2014-07-11,26,2,0.011265164644714038,0.0008665511265164644,0.008273158028694038
2014-07-14,35,5,0.015164644714038129,0.002166377816291161,0.01243206649997829
2014-07-15,23,7,0.00996533795493934,0.0030329289428076256,-0.0029295259837837937
2014-07-16,19,9,0.008232235701906412,0.00389948006932409,-0.0092019537202924
2014-07-17,6,7,0.0025996533795493936,0.0030329289428076256,-0.004301867084049065
2014-07-18,14,2,0.006063230835859679,0.0008661758336942399,0.0009815198302146103
2014-07-21,15,1,0.0064963187527068,0.00043308791684711995,-0.0030963206190554736
2014-07-22,31,1,0.013425725422260719,0.00043308791684711995,0.012515545474702855
2014-07-23,19,0,0.00822867042009528,0.0,-0.009406068732366105
2014-07-24,19,5,0.00822867042009528,0.0021654395842356,-0.0020474495573284614
2014-07-25,19,2,0.00822867042009528,0.0008661758336942399,0.009389916027926293
2014-07-28,27,3,0.01169337375487224,0.00129926375054136,0.017348237127753057
2014-07-29,38,2,0.01645734084019056,0.0008661758336942399,0.010316859745177097
2014-07-30,37,1,0.01602425292334344,0.00043308791684711995,0.004971005235677811
2014-07-31,21,2,0.009083044982698962,0.0008650519031141869,0.007959566753118512
2014-08-01,22,1,0.009495036685369012,0.00043159257660768235,-0.01005391719079122
2014-08-04,35,1,0.015105740181268883,0.00043159257660768235,0.01585296100963874
2014-08-05,25,1,0.010785159620362382,0.0004314063848144953,0.007761226725411789
2014-08-06,19,0,0.008193186718413108,0.0,0.004296858906106094
2014-08-07,13,2,0.00560586459680897,0.0008624407072013799,-0.008536828208254311
2014-08-08,14,1,0.00603448275862069,0.0004310344827586207,0.00783498053042786
2014-08-11,26,2,0.011206896551724138,0.0008620689655172414,0.014709088660803742
2014-08-12,19,1,0.008189655172413794,0.0004310344827586207,0.005057977245437101
2014-08-13,22,3,0.009482758620689655,0.001293103448275862,0.001390947309471924
2014-08-14,22,3,0.009482758620689655,0.001293103448275862,-0.004264826481203692
2014-08-15,24,2,0.010344827586206896,0.0008620689655172414,0.010721213925804447
2014-08-18,34,1,0.014655172413793103,0.0004310344827586207,0.015004996684170234
2014-08-19,37,1,0.015948275862068966,0.0004310344827586207,0.004790438486493379
2014-08-20,33,1,0.014224137931034483,0.0004310344827586207,0.0007399673179760602
2014-08-21,26,1,0.011206896551724138,0.0004310344827586207,0.0007437412489467584
2014-08-22,27,0,0.011632916846186989,0.0,0.007681931330027279
2014-08-25,23,2,0.009905254091300603,0.0008613264427217916,-0.0056088827437801095
2014-08-26,20,7,0.008613264427217916,0.0030146425495262705,-0.018870654615962486
2014-08-27,34,2,0.014642549526270457,0.0008613264427217916,0.005262829548987294
2014-08-28,13,7,0.005598621877691645,0.0030146425495262705,-0.007286620267451586
2014-08-29,11,1,0.004737295434969853,0.0004306632213608958,0.011099190526368393
2014-09-01,24,1,0.0103359173126615,0.0004306632213608958,0.01740871545611968
2014-09-02,33,1,0.014211886304909561,0.0004306632213608958,0.015111506955957962
2014-09-03,25,1,0.010766580534022395,0.0004306632213608958,0.007934403108345416
2014-09-04,26,0,0.01119724375538329,0.0,0.009459032970150986
2014-09-05,27,0,0.01162290142057684,0.0,0.005266709750856575
2014-09-09,25,0,0.010757314974182444,0.0,0.007264030305086333
2014-09-10,33,3,0.014181349376880103,0.001289213579716373,0.006531822704274761
2014-09-11,26,1,0.0111731843575419,0.0004297378599054577,-0.00041059019781987713
2014-09-12,34,2,0.014598540145985401,0.0008587376556462001,0.012460474800734467
2014-09-15,36,3,0.015457277801631602,0.0012881064834693002,0.011216975588767815
2014-09-16,16,30,0.006869901245169601,0.012881064834693002,-0.03174431589479637
2014-09-17,29,1,0.0124516960068699,0.00042936882782310007,0.008774223311748633
2014-09-18,25,0,0.010734220695577501,0.0,0.007930580107150255
2014-09-19,34,4,0.014598540145985401,0.0017174753112924003,0.009753696097414912
2014-09-22,20,5,0.008587376556462,0.0021468441391155,-0.011941120123636025
2014-09-23,29,1,0.0124516960068699,0.00042936882782310007,0.013847723145512783
2014-09-24,28,0,0.012022327179046801,0.0,0.014080123926676385
2014-09-25,22,4,0.009446114212108201,0.0017174753112924003,7.992349922441863e-05
2014-09-26,15,5,0.006437768240343348,0.002145922746781116,0.004563760629117962
2014-09-29,26,3,0.011154011154011155,0.001287001287001287,0.011385572513184316
2014-09-30,25,2,0.010715816545220747,0.0008572653236176596,0.006759457228192216
2014-10-08,46,1,0.019717102443206173,0.0004286326618088298,0.013700044432952946
2014-10-09,29,4,0.01240376390076989,0.001710863986313088,0.002287761113306315
2014-10-10,22,3,0.009393680614859094,0.0012809564474807857,-0.004443173806863857
2014-10-13,24,1,0.010243277848911651,0.0004268032437046522,0.0013151899408661693
2014-10-14,25,1,0.010670081092616303,0.0004268032437046522,-0.001725017431871346
2014-10-15,30,1,0.012798634812286689,0.0004266211604095563,0.004959456483170634
2014-10-16,22,4,0.00938566552901024,0.0017064846416382253,-0.013016052192302171
2014-10-17,26,4,0.011092150170648464,0.0017064846416382253,-0.010541292436773396
2014-10-20,18,2,0.007679180887372013,0.0008532423208191126,0.014001435002433438
2014-10-21,11,4,0.00469283276450512,0.0017064846416382253,-0.0068378885211789605
2014-10-22,12,2,0.005119453924914676,0.0008532423208191126,-0.011491094099094495
2014-10-23,10,8,0.004266211604095563,0.0034129692832764505,-0.01689756393366622
2014-10-24,14,8,0.005972696245733789,0.0034129692832764505,0.002097759648563433
2014-10-27,10,7,0.004266211604095563,0.0029863481228668944,0.007029855937012992
2014-10-28,38,0,0.016211604095563138,0.0,0.0261584160984524
2014-10-29,38,2,0.016211604095563138,0.0008532423208191126,0.014194132759293036
2014-10-30,20,1,0.008521516829995739,0.00042607584149978694,0.0012121511898771466
2014-10-31,15,0,0.006388415672913117,0.0,0.0002742178576555939
2014-11-03,29,0,0.012350936967632026,0.0,0.011739122455083304
2014-11-04,30,1,0.012760527435133985,0.0004253509145044662,-0.003427121590628254
2014-11-05,23,1,0.00977891156462585,0.00042517006802721087,-0.0002430287340474345
2014-11-06,29,1,0.012324691882702932,0.00042498937526561835,0.009052189051578674
2014-11-07,18,0,0.0076465590484282074,0.0,-0.008163087823736393
2014-11-10,38,2,0.016142735768903994,0.0008496176720475786,0.009574536769672038
2014-11-11,18,34,0.007643312101910828,0.014437367303609342,-0.03029581840161459
2014-11-12,45,0,0.01910828025477707,0.0,0.017543638471989864
2014-11-13,26,9,0.011040339702760084,0.003821656050955414,-0.01266025170141797
2014-11-14,15,11,0.006369426751592357,0.004670912951167728,-0.003981065975504871
2014-11-17,21,0,0.008917197452229299,0.0,0.012075049741248072
2014-11-18,19,1,0.008067940552016985,0.0004246284501061571,0.004172671933980255
2014-11-19,21,0,0.008917197452229299,0.0,0.006525122571333958
2014-11-20,19,0,0.008067940552016985,0.0,-0.00032096637004802874
2014-11-21,25,1,0.010615711252653927,0.0004246284501061571,0.010641559810942428
2014-11-24,29,0,0.012314225053078557,0.0,0.011742904811231943
2014-11-25,39,1,0.016560509554140127,0.0004246284501061571,0.01398840827942911
2014-11-26,29,1,0.012314225053078557,0.0004246284501061571,0.006427071822165481
2014-11-27,37,1,0.015704584040747028,0.00042444821731748726,0.007732345051261168
2014-11-28,41,1,0.01740237691001698,0.00042444821731748726,0.0011074588937580422
2014-12-01,36,5,0.015280135823429542,0.0021222410865874364,-0.007806792857016601
2014-12-02,37,0,0.015704584040747028,0.0,0.012753481578642069
2014-12-03,37,3,0.015664690939881456,0.0012701100762066045,0.009487626424904394
2014-12-04,72,0,0.03046974185357596,0.0,0.015363991396548966
2014-12-05,47,24,0.019873150105708247,0.01014799154334038,-0.02580568188556307
2014-12-08,74,9,0.03128964059196617,0.0038054968287526427,0.0037152235065849026
2014-12-09,14,162,0.005917159763313609,0.06846999154691462,-0.04227377395735379
2014-12-10,95,1,0.04015215553677092,0.00042265426880811494,0.033241888265091425
2014-12-11,72,2,0.030418250950570342,0.0008449514152936206,0.01437024660562289
2014-12-12,41,4,0.01731418918918919,0.0016891891891891893,0.010949021807765332
2014-12-15,47,1,0.01984797297297297,0.0004222972972972973,0.015030247516234677
2014-12-16,45,2,0.01900337837837838,0.0008445945945945946,-0.0010893089442945724
2014-12-17,33,1,0.01393581081081081,0.0004222972972972973,-0.011813456949294471
2014-12-18,33,2,0.01393581081081081,0.0008445945945945946,-0.002066519280640835
2014-12-19,40,11,0.016891891891891893,0.0046452702702702705,-0.011003185761344856
2014-12-22,25,217,0.010557432432432432,0.09163851351351351,-0.04317006643400579
2014-12-23,14,41,0.0059121621621621625,0.01731418918918919,-0.01412759854510082
2014-12-24,39,1,0.016469594594594593,0.0004222972972972973,0.01833761358395643
2014-12-25,50,0,0.021114864864864864,0.0,0.014177514335670908
2014-12-26,34,2,0.014358108108108109,0.0008445945945945946,0.0056880108763576786
2014-12-29,20,18,0.008438818565400843,0.007594936708860759,-0.01613713527735484
2014-12-30,25,18,0.010530749789385004,0.007582139848357203,-0.01629692601239296
2014-12-31,32,4,0.013451029844472467,0.0016813787305590584,0.009804906968669922
2015-01-05,81,3,0.034047919293820936,0.0012610340479192938,0.012016098560976117
2015-01-06,31,0,0.013030685161832704,0.0,0.01700211249529061
2015-01-07,29,1,0.012189995796553174,0.0004203446826397646,-0.0009193493130346198
2015-01-08,31,2,0.013030685161832704,0.0008406893652795292,-0.0032944746418422867
2015-01-09,10,0,0.004203446826397646,0.0,-0.006918962570731092
2015-01-12,18,7,0.007566204287515763,0.0029424127784783522,-0.014327980962257266
2015-01-13,23,0,0.009667927700714587,0.0,0.015240211678666278
2015-01-14,19,2,0.007986548970155528,0.0008406893652795292,-0.004609803734274552
2015-01-15,15,1,0.006305170239596469,0.0004203446826397646,0.008610494040717316
2015-01-16,28,1,0.011769651113913409,0.0004203446826397646,0.012419650873604209
2015-01-19,13,152,0.00546448087431694,0.06389239176124423,-0.03022847311612636
2015-01-20,69,0,0.028991596638655463,0.0,0.0351953221714753
2015-01-21,43,0,0.018036912751677854,0.0,0.023462054481879897
2015-01-22,57,1,0.02385935537881959,0.0004185851820845542,0.0148248122733894
2015-01-23,23,3,0.009615384615384616,0.001254180602006689,-0.008215706964655201
2015-01-26,54,1,0.02254697286012526,0.0004175365344467641,0.01975553565059173
2015-01-27,48,1,0.020016680567139282,0.0004170141784820684,0.0056907982110155466
2015-01-28,26,1,0.010833333333333334,0.0004166666666666667,-0.0028554750559770235
2015-01-29,36,0,0.014993752603082049,0.0,-0.0046808852359022995
2015-01-30,26,9,0.010828821324448146,0.003748438150770512,-0.009924643134990856
2015-02-02,26,9,0.010828821324448146,0.003748438150770512,-0.003984949570681036
2015-02-03,45,1,0.018742190753852563,0.00041649312786339027,0.01734216004398899
2015-02-04,33,0,0.013744273219491879,0.0,-0.0016981822787819555
2015-02-05,37,1,0.015410245730945439,0.00041649312786339027,-0.0033444963319622465
2015-02-06,14,18,0.0058309037900874635,0.007496876301541024,-0.019519902736282044
2015-02-09,17,17,0.007080383173677634,0.007080383173677634,-0.006051088532298349
2015-02-10,16,2,0.006663890045814244,0.0008329862557267805,0.01133394017531194
2015-02-11,27,1,0.011245314452311536,0.00041649312786339027,0.011490691711420486
2015-02-12,23,0,0.009579341940857976,0.0,0.009348438117500427
2015-02-13,37,0,0.015410245730945439,0.0,0.01573983606088033
2015-02-16,52,1,0.021630615640599003,0.00041597337770382697,0.01819526453996266
2015-02-17,43,0,0.017783291976840365,0.0,0.006004178477791113
2015-02-25,38,5,0.015708970649028525,0.002066969822240595,-0.0006859148011870591
2015-02-26,32,0,0.01321767864518794,0.0,0.010519609564899985
2015-02-27,49,0,0.02023121387283237,0.0,0.011010595331154036
2015-03-02,74,1,0.03052805280528053,0.00041254125412541255,0.020751685312176867
2015-03-03,51,1,0.021030927835051547,0.0004123711340206186,-0.004445814725720441
2015-03-04,60,1,0.024742268041237112,0.0004123711340206186,0.01740810588773366
2015-03-05,43,1,0.017731958762886597,0.0004123711340206186,0.005113576610508653
2015-03-06,32,5,0.013195876288659794,0.002061855670103093,-0.009967365976689613
2015-03-09,34,1,0.014020618556701031,0.0004123711340206186,0.012725345229947468
2015-03-10,45,2,0.018556701030927835,0.0008247422680412372,0.010984069217971468
2015-03-11,36,2,0.014845360824742268,0.0008247422680412372,-0.0003488524114253793
2015-03-12,14,2,0.00577319587628866,0.0008247422680412372,-0.003147159889961361
2015-03-13,27,0,0.0111340206185567,0.0,0.014167618142697014
2015-03-16,84,0,0.03463917525773196,0.0,0.029215543061503577
2015-03-17,69,1,0.02845360824742268,0.0004123711340206186,0.01313403958746141
2015-03-18,65,1,0.02679307502061006,0.00041220115416323167,0.019361353673185405
2015-03-19,49,4,0.020131470829909615,0.0016433853738701725,0.007315456110666635
2015-03-20,57,1,0.023370233702337023,0.0004100041000410004,0.010682305806498553
2015-03-23,110,2,0.045081967213114756,0.000819672131147541,0.02475824938801826
2015-03-24,98,0,0.04013104013104013,0.0,0.0061565290150055125
2015-03-25,96,1,0.03927986906710311,0.0004091653027823241,0.012458995702262998
2015-03-26,60,28,0.024519820187985288,0.011442582754393135,-0.008937880676700307
2015-03-27,70,1,0.028606456885982835,0.0004086636697997548,0.011772719247262921
2015-03-30,61,7,0.024928483857785042,0.0028606456885982836,0.008319620357701627
2015-03-31,44,1,0.01798120147118921,0.0004086636697997548,0.0024735084419305908
2015-04-01,93,0,0.0380057212913772,0.0,0.024357263403606003
2015-04-02,98,0,0.04004903964037597,0.0,0.021821735759674676
2015-04-03,115,0,0.0469963220269718,0.0,0.020754588961277656
2015-04-07,105,3,0.042909685328974254,0.0012259910093992644,0.02186273021239196
2015-04-08,77,12,0.03146710257458112,0.004903964037597058,-0.00960008048999508
2015-04-09,69,11,0.02819779321618308,0.004495300367797303,-0.009735222429976367
2015-04-10,104,8,0.0425010216591745,0.0032693093583980384,0.024003562802833618
2015-04-13,137,2,0.05598692276256641,0.0008173273395995096,0.022929110951032155
2015-04-14,86,7,0.035145075602778915,0.0028606456885982836,0.0008758327459108993
2015-04-15,40,65,0.016346546791990192,0.02656313853698406,-0.03538274169398865
2015-04-16,66,5,0.026971802206783815,0.002043318348998774,0.010896815270372572
2015-04-17,65,7,0.02656313853698406,0.0028606456885982836,0.005775637873587155
2015-04-20,54,36,0.022067838169186758,0.014711892112791173,-0.020204781867461608
2015-04-21,101,9,0.04127503064977524,0.0036779730281977932,0.033891119868162116
2015-04-22,116,3,0.04721204721204721,0.001221001221001221,0.02672323356842483
2015-04-23,96,7,0.03894523326572008,0.002839756592292089,0.01003716081433862
2015-04-24,76,8,0.030719482619240096,0.0032336297493936943,0.0003603676856445513
2015-04-27,80,8,0.03232323232323232,0.0032323232323232323,0.008138876940089218
2015-04-28,58,53,0.023424878836833602,0.021405492730210016,-0.029654927791768895
2015-04-29,115,12,0.046445880452342485,0.004846526655896607,0.021441336623521084
2015-04-30,79,19,0.031906300484652664,0.007673667205169628,0.0014795262333999065
2015-05-04,90,13,0.036348949919224556,0.005250403877221325,0.009319623595336076
2015-05-05,38,38,0.015347334410339256,0.015347334410339256,-0.026716034270125876
2015-05-06,27,11,0.010904684975767368,0.0044426494345718905,-0.010238504350916855
2015-05-07,34,70,0.013731825525040387,0.02827140549273021,-0.021324970353975767
2015-05-08,127,13,0.051292407108239096,0.005250403877221325,0.03830502712979923
2015-05-11,193,4,0.07794830371567044,0.0016155088852988692,0.04309724654068441
2015-05-12,158,13,0.06381260096930533,0.005250403877221325,0.019220766958648966
2015-05-13,130,4,0.05244050020169423,0.0016135538523598225,0.010143797175879222
2015-05-14,124,11,0.0499597099113618,0.004431909750201451,0.009684030888243326
2015-05-15,89,18,0.03569995988768552,0.007220216606498195,-0.005064531185302151
2015-05-18,165,4,0.06605284227381905,0.0016012810248198558,0.02402418388720377
2015-05-19,157,6,0.0628,0.0024,0.025312339418728035
2015-05-20,138,15,0.0552,0.006,0.017371765234372873
2015-05-21,255,14,0.102,0.0056,0.033208347672189345
2015-05-22,194,16,0.0776,0.0064,0.015232892918603832
2015-05-25,212,10,0.0848,0.004,0.02536157935595087
2015-05-26,256,11,0.1024,0.0044,0.035902200110587916
2015-05-27,258,8,0.10282981267437226,0.0031885213232363493,0.01889357427614743
2015-05-28,55,454,0.02185141040921732,0.18037346046881209,-0.054064103491703895
2015-05-29,152,13,0.06031746031746032,0.005158730158730159,0.010277087396433269
2015-06-01,356,14,0.14126984126984127,0.005555555555555556,0.04811464294553846
2015-06-02,303,17,0.12023809523809524,0.006746031746031746,0.03679503327524763
2015-06-03,188,11,0.0746031746031746,0.004365079365079365,0.006162008147145458
2015-06-04,155,36,0.061507936507936505,0.014285714285714285,-0.005132518643597402
2015-06-05,163,8,0.06468253968253969,0.0031746031746031746,0.016466570724666958
2015-06-08,114,52,0.04523809523809524,0.020634920634920634,-0.01093959446006055
2015-06-09,90,24,0.03571428571428571,0.009523809523809525,0.001056325320490206
2015-06-10,118,10,0.04667721518987342,0.003955696202531646,0.01951175710985273
2015-06-11,161,10,0.06346078044934962,0.003941663381947182,0.019630577201119246
2015-06-12,157,15,0.06173810460086512,0.005898545025560362,0.015135713897318529
2015-06-15,83,58,0.032638615808100666,0.022807707432166733,-0.016148841797017293
2015-06-16,52,110,0.020448289421942586,0.04325599685410932,-0.03636098109368017
2015-06-17,98,9,0.03853716083366103,0.003539127015336217,0.020627417853110314
2015-06-18,35,97,0.013763271726307511,0.03814392449862367,-0.03132559097395197
2015-06-19,24,794,0.009437672040896579,0.3122296500196618,-0.06452965637465523
2015-06-23,84,32,0.03303185214313802,0.012583562721195438,0.007158991982556746
2015-06-24,119,15,0.04679512386944554,0.005898545025560362,0.02215789125590118
2015-06-25,36,102,0.014156508061344868,0.04011010617381046,-0.037199489638688535
2015-06-26,19,1507,0.00745975657636435,0.5916764821358461,-0.08068122628592694
2015-06-29,31,1063,0.012142577359968664,0.4163728946337642,-0.06683673076015309
2015-06-30,224,16,0.08746583365872707,0.006247559547051933,0.04566299052093949
2015-07-01,29,645,0.011310452418096724,0.2515600624024961,-0.05700736207991557
2015-07-02,23,1102,0.008963367108339828,0.4294621979734996,-0.06727082330357322
2015-07-03,21,1134,0.00818394388152767,0.4419329696024942,-0.06540595865834926
2015-07-06,42,695,0.01636788776305534,0.27084957131722526,-0.042374344898231456
2015-07-07,18,1351,0.007014809041309431,0.5265003897116134,-0.06700564715789334
2015-07-08,10,777,0.003897116134060795,0.30280592361652375,-0.03940714746195436
2015-07-09,1021,3,0.39789555728760717,0.0011691348402182386,0.048205739911221755
2015-07-10,1030,2,0.4014029618082619,0.000779423226812159,0.04988859281163885
2015-07-13,1208,6,0.47077162899454406,0.002338269680436477,0.058482196003113905
2015-07-14,647,36,0.25214341387373346,0.014029618082618862,0.03026027328933627
2015-07-15,109,989,0.04247856586126267,0.3854247856586126,-0.048597273599944535
2015-07-16,100,36,0.03897116134060795,0.014029618082618862,0.013798918474408683
2015-07-17,389,8,0.15159781761496494,0.003117692907248636,0.05772279221640852
2015-07-20,238,7,0.09275136399064692,0.0027279812938425566,0.02296459543096369
2015-07-21,211,12,0.08222915042868277,0.004676539360872954,0.022251162221912316
2015-07-22,157,9,0.06118472330475448,0.0035074045206547155,0.014219750318346653
2015-07-23,228,3,0.08885424785658613,0.0011691348402182386,0.03674924470579432
2015-07-24,78,9,0.030397505845674203,0.0035074045206547155,-0.01158945463077189
2015-07-27,15,1383,0.005845674201091193,0.538971161340608,-0.07405977256096051
2015-07-28,52,216,0.020265003897116135,0.08417770849571317,-0.03493359867299581
2015-07-29,325,4,0.12665627435697585,0.001558846453624318,0.05349914806778772
2015-07-30,31,53,0.012081060015588464,0.020654715510522212,-0.025995776677439828
2015-07-31,62,56,0.024162120031176928,0.021823850350740453,-0.013549821179846119
2015-08-03,61,315,0.02377240841777085,0.12275915822291504,-0.03782542127693386
2015-08-04,460,12,0.17926734216679657,0.004676539360872954,0.059716286442995946
2015-08-05,62,12,0.024162120031176928,0.004676539360872954,-0.004025819016411537
2015-08-06,60,21,0.02338269680436477,0.00818394388152767,-0.003470659617805575
2015-08-07,131,2,0.051052221356196414,0.000779423226812159,0.035009191562631825
2015-08-10,261,0,0.10171473109898675,0.0,0.05071893034321357
2015-08-11,111,4,0.04325798908807482,0.001558846453624318,0.008356567609004446
2015-08-12,59,15,0.02299298519095869,0.005845674201091193,-0.01073805150982587
2015-08-13,137,4,0.05339049103663289,0.001558846453624318,0.027208009673775856
2015-08-14,123,6,0.04793452844894778,0.002338269680436477,0.008562497455757255
2015-08-17,159,9,0.06196414653156664,0.0035074045206547155,0.01545112832096447
2015-08-18,19,1215,0.0074045206547155105,0.4734996102883866,-0.07214524159338584
2015-08-19,147,5,0.057287607170693686,0.0019485580670303975,0.023857044676551947
2015-08-20,34,122,0.013250194855806703,0.0475448168355417,-0.03305648915913287
2015-08-21,8,256,0.003117692907248636,0.09976617303195635,-0.056191638896431736
2015-08-24,5,1648,0.0019485580670303975,0.642244738893219,-0.08186943589372996
2015-08-25,4,1511,0.001558846453624318,0.5888542478565861,-0.0785236260369654
2015-08-26,46,513,0.017926734216679657,0.19992205767731877,-0.035942572646678474
2015-08-27,215,27,0.08378799688230709,0.010522213561964146,0.03931737953792889
2015-08-28,490,4,0.19095869056897896,0.001558846453624318,0.06450509932739279
2015-08-31,33,198,0.012860483242400623,0.07716289945440374,-0.03858213368867301
2015-09-01,11,763,0.004286827747466875,0.29734996102883865,-0.061880886126931385
2015-09-02,23,289,0.008963367108339828,0.11262665627435697,-0.03259080306636929
2015-09-07,49,31,0.019095869056897894,0.012081060015588464,0.015069721203238837
2015-09-08,240,19,0.09353078721745908,0.0074045206547155105,0.0517083660770961
2015-09-09,194,8,0.07560405300077942,0.003117692907248636,0.040128079399707174
2015-09-10,36,21,0.014029618082618862,0.00818394388152767,-0.017244734288516517
2015-09-11,72,13,0.028059236165237724,0.005066250974279034,0.011182475840579189
2015-09-14,14,1023,0.005455962587685113,0.39867498051441935,-0.07182617079143269
2015-09-15,13,547,0.005066250974279034,0.2131722525331255,-0.057515655947313095
2015-09-16,760,19,0.2961808261886204,0.0074045206547155105,0.07533776763534417
2015-09-17,20,62,0.00779423226812159,0.024162120031176928,-0.018154439939457326
2015-09-18,60,28,0.02338269680436477,0.010911925175370226,0.014317731189357197
2015-09-21,158,19,0.06157443491816056,0.0074045206547155105,0.03922222737170518
2015-09-22,74,15,0.028838659392049885,0.005845674201091193,0.007478329143370298
2015-09-23,43,22,0.01675759937646142,0.00857365549493375,-0.011421608358945574
2015-09-24,72,22,0.028059236165237724,0.00857365549493375,0.01462686498160522
2015-09-25,21,93,0.00818394388152767,0.0362431800467654,-0.03823649807030064
2015-09-28,60,17,0.02338269680436477,0.006625097427903352,0.02328549305050094
2015-09-29,31,23,0.012081060015588464,0.008963367108339828,-0.0187361562837721
2015-09-30,35,12,0.013639906469212782,0.004676539360872954,0.0027609352787247403
2015-10-08,141,6,0.05494933749025721,0.002338269680436477,0.04248545327481331
2015-10-09,74,14,0.028838659392049885,0.005455962587685113,0.01565501079046358
2015-10-12,163,8,0.06352299298519096,0.003117692907248636,0.04397162769737669
2015-10-13,73,14,0.028448947778643804,0.005455962587685113,0.012679770470633053
2015-10-14,43,10,0.01675759937646142,0.003897116134060795,-0.012346261672980592
2015-10-15,114,0,0.044427123928293066,0.0,0.033343065729333064
2015-10-16,95,2,0.03702260327357755,0.000779423226812159,0.015488918499029886
2015-10-19,80,3,0.03117692907248636,0.0011691348402182386,0.00019276647349793582
2015-10-20,79,9,0.03078721745908028,0.0035074045206547155,0.018313529583522104
2015-10-21,23,648,0.008963367108339828,0.2525331254871395,-0.06369775461827902
2015-10-22,171,10,0.0666406858924396,0.003897116134060795,0.03818031362847904
2015-10-23,179,5,0.06975837879968823,0.0019485580670303975,0.03135178683327291
2015-10-26,85,16,0.033125487139516754,0.006235385814497272,0.009592381650390903
2015-10-27,94,10,0.036632891660171474,0.003897116134060795,0.007310465122739633
2015-10-28,32,31,0.012470771628994544,0.012081060015588464,-0.020501931847546104
2015-10-29,61,7,0.02377240841777085,0.0027279812938425566,0.01017624577035632
2015-10-30,46,9,0.017926734216679657,0.0035074045206547155,-0.0010979181292763247
2015-11-02,28,60,0.01090767432800935,0.02337358784573432,-0.01887114996902482
2015-11-03,48,9,0.018698870276587457,0.003506038176860148,0.002416118258873483
2015-11-04,175,1,0.06817296455005843,0.00038955979742890534,0.049637588858087764
2015-11-05,43,4,0.01675107128944293,0.0015582391897156214,0.0025390975130596314
2015-11-06,93,1,0.0362290611608882,0.00038955979742890534,0.026455249771555424
2015-11-09,109,2,0.04246201791975068,0.0007791195948578107,0.01726064815684618
2015-11-10,84,4,0.03272302298402805,0.0015582391897156214,0.007261589594897821
2015-11-11,109,2,0.04246201791975068,0.0007791195948578107,0.02075522792189527
2015-11-12,90,3,0.03506038176860148,0.001168679392286716,0.006625446417222306
2015-11-13,38,49,0.014803272302298403,0.019088430074016362,-0.023733336639229934
2015-11-16,107,4,0.04168289832489287,0.0015582391897156214,0.022036693923561095
2015-11-17,41,4,0.01597195169458512,0.0015582391897156214,-0.00735499177829279
2015-11-18,27,18,0.010518114530580444,0.007012076353720296,-0.017619615453806105
2015-11-19,97,3,0.03778730035060382,0.001168679392286716,0.028220953496680763
2015-11-20,107,1,0.04168289832489287,0.00038955979742890534,0.015311104919079778
2015-11-23,64,14,0.024931827035449942,0.005453837164004675,-0.006184803345509645
2015-11-24,72,3,0.028048305414881184,0.001168679392286716,0.015066221177423903
2015-11-25,96,0,0.037397740553174914,0.0,0.019134940278878364
2015-11-26,53,5,0.020646669263731984,0.0019477989871445266,-0.004083184994655374
2015-11-27,19,262,0.007401636151149201,0.1020646669263732,-0.06017074071264319
2015-11-30,104,10,0.04051421893260616,0.0038955979742890533,0.009352487959591144
2015-12-01,53,33,0.020646669263731984,0.012855473315153876,0.0012082141634793334
2015-12-02,37,23,0.014413712504869497,0.008959875340864823,-0.00748364255686649
2015-12-03,73,1,0.02843786521231009,0.00038955979742890534,0.025585130654693467
2015-12-04,41,2,0.015965732087227413,0.000778816199376947,-0.0023842354418355705
2015-12-07,69,3,0.026869158878504672,0.0011682242990654205,0.013581094093891593
2015-12-08,38,12,0.014797507788161994,0.004672897196261682,-0.018886429751863856
2015-12-09,52,9,0.020202020202020204,0.0034965034965034965,-0.004590765328138704
2015-12-10,39,6,0.015128006206361521,0.0023273855702094647,-0.0031848345815130097
2015-12-11,31,13,0.012024825446082235,0.00504266873545384,-0.007143942076229291
2015-12-14,66,3,0.02560124127230411,0.0011636927851047323,0.020614812964403248
2015-12-15,50,4,0.019394879751745538,0.0015515903801396431,0.010581774055346717
2015-12-16,54,3,0.02094647013188518,0.0011636927851047323,0.008711836063806457
2015-12-17,97,1,0.03762606671838634,0.0003878975950349108,0.028450931043068298
2015-12-18,54,2,0.02093834819697557,0.0007754943776657619,-0.002040227423869051
2015-12-21,68,3,0.026366808840635907,0.0011632415664986429,0.010830669251893046
2015-12-22,73,1,0.028272656855151047,0.0003872966692486445,0.010142868869760888
2015-12-23,53,11,0.020502901353965184,0.00425531914893617,-0.010550955687384306
2015-12-24,41,6,0.01585460170146945,0.002320185614849188,0.0005917351675480989
2015-12-25,47,0,0.01817478731631864,0.0,0.00884509819115248
2015-12-28,38,27,0.014694508894044857,0.010440835266821345,-0.02222097791030066
2015-12-29,48,3,0.018561484918793503,0.001160092807424594,0.012505633242377997
2015-12-30,43,0,0.01662156938538848,0.0,0.011583444838139332
2015-12-31,22,9,0.008481110254433308,0.003469545104086353,-0.015995064042098987
2016-01-04,17,913,0.0065535851966075555,0.3519660755589823,-0.08216322002598228
2016-01-05,61,58,0.023515805705474173,0.02235929067077872,-0.018332376955652555
2016-01-06,128,1,0.04932562620423892,0.0003853564547206166,0.029275852347649657
2016-01-07,13,948,0.005009633911368015,0.3653179190751445,-0.08444201705059697
2016-01-08,94,8,0.036223506743737956,0.0030828516377649326,0.010538156914858666
2016-01-11,18,884,0.006936416184971098,0.34065510597302506,-0.07141047531818698
2016-01-12,28,91,0.010789980732177264,0.03506743737957611,-0.00018760027334377313
2016-01-13,15,146,0.005780346820809248,0.05626204238921002,-0.03860026739729494
2016-01-14,82,7,0.03159922928709056,0.002697495183044316,0.03746742378105869
2016-01-15,11,93,0.004238921001926782,0.035838150289017344,-0.038726134072781866
2016-01-18,68,9,0.026204238921001925,0.003468208092485549,0.021013804571515193
2016-01-19,131,9,0.05048169556840077,0.003468208092485549,0.04049761943673971
2016-01-20,34,14,0.013102119460500963,0.005394990366088632,-0.006359149805857244
2016-01-21,11,100,0.004238921001926782,0.038535645472061654,-0.04150445848601321
2016-01-22,49,9,0.018882466281310212,0.003468208092485549,0.017861883335321103
2016-01-25,59,10,0.022736030828516378,0.0038535645472061657,0.014051815264769433
2016-01-26,7,732,0.002697495183044316,0.28208092485549136,-0.07582548737178843
2016-01-27,39,40,0.015028901734104046,0.015414258188824663,-0.010997660400018762
2016-01-28,11,188,0.004238921001926782,0.07244701348747591,-0.046614136239251515
2016-01-29,87,5,0.03352601156069364,0.0019267822736030828,0.03928922002472557
2016-02-01,17,35,0.006551059730250481,0.01348747591522158,-0.01273245968652779
2016-02-02,83,1,0.031972265023112484,0.0003852080123266564,0.037107394112001486
2016-02-03,38,5,0.014637904468412942,0.001926040061633282,0.00572079879036869
2016-02-04,100,2,0.03849114703618168,0.0007698229407236335,0.02367074295249396
2016-02-05,30,3,0.011542901115813775,0.0011542901115813775,-0.009258676303622346
2016-02-15,53,6,0.020384615384615383,0.002307692307692308,-0.0001709198354640415
2016-02-16,147,0,0.05653846153846154,0.0,0.04362584642762685
2016-02-17,79,0,0.030384615384615385,0.0,0.015331182121435295
2016-02-18,53,2,0.020368946963873945,0.0007686395080707148,-0.0009586334584059097
2016-02-19,29,0,0.011145272867025366,0.0,0.005668343043600318
2016-02-22,70,2,0.026902382782475018,0.0007686395080707148,0.022711198645927366
2016-02-23,45,1,0.017294388931591083,0.0003843197540353574,-0.004026923888154747
2016-02-24,54,4,0.0207532667179093,0.0015372790161414297,0.004158142038579364
2016-02-25,11,1012,0.004227517294388932,0.3889315910837817,-0.0790593413662636
2016-02-26,51,16,0.01960030745580323,0.006149116064565719,-0.000567326822544126
2016-02-29,12,361,0.004611837048424289,0.13873943120676402,-0.05994126582210286
2016-03-01,50,6,0.01921598770176787,0.0023059185242121443,0.02267782316747685
2016-03-02,208,2,0.07993850883935434,0.0007686395080707148,0.0509171687555553
2016-03-03,44,6,0.016903572800614674,0.002305032654629274,0.0023123244190679454
2016-03-04,19,63,0.0072992700729927005,0.024202842873607376,-0.03351983694269139
2016-03-07,59,1,0.022657450076804916,0.00038402457757296467,0.02532879731680021
2016-03-08,36,2,0.01381957773512476,0.0007677543186180423,0.007719197796077216
2016-03-09,13,19,0.004986574606827772,0.00728807057920982,-0.02273422409712793
2016-03-10,6,10,0.0023006134969325155,0.003834355828220859,-0.016876685731340293
2016-03-11,14,10,0.005366040628593331,0.0038328861632809506,-0.0009332324352437187
2016-03-14,72,4,0.027596780375622843,0.0015331544653123803,0.037901792573277956
2016-03-15,16,7,0.006130268199233717,0.0026819923371647508,-0.006999789099563245
2016-03-16,16,4,0.006127920337035618,0.0015319800842589046,-0.009411457167898893
2016-03-17,62,4,0.023745691306013023,0.0015319800842589046,0.03481814976221467
2016-03-18,111,0,0.0425124473381846,0.0,0.03724487669623993
2016-03-21,91,1,0.03485254691689008,0.00038299502106472615,0.027071677903756128
2016-03-22,28,0,0.010715652506697282,0.0,-0.002280144845556881
2016-03-23,44,1,0.016838882510524303,0.0003827018752391887,0.010777112796032724
2016-03-24,31,10,0.011859219586840091,0.0038255547054322878,-0.014452596708780744
2016-03-25,35,4,0.013389441469013007,0.001530221882172915,0.00797916813913714
2016-03-28,23,1,0.008795411089866157,0.0003824091778202677,-0.0049200586143930206
2016-03-29,11,15,0.004204892966360856,0.005733944954128441,-0.020361661523248205
2016-03-30,67,1,0.025611620795107034,0.00038226299694189603,0.03726715111878672
2016-03-31,40,1,0.015278838808250574,0.0003819709702062643,0.00486214370565928
2016-04-01,27,5,0.010313216195569137,0.0019098548510313217,-0.0034428981937662034
2016-04-05,76,1,0.029029793735676088,0.0003819709702062643,0.027631341242913644
2016-04-06,32,3,0.012218403970981291,0.001145475372279496,0.005890334310199886
2016-04-07,19,2,0.007254677357770141,0.0007636502481863307,-0.014930855581768052
2016-04-08,18,7,0.006872852233676976,0.002672775868652157,-0.007441213774155016
2016-04-11,51,2,0.019473081328751432,0.0007636502481863307,0.022632193468991736
2016-04-12,22,9,0.008396946564885497,0.003435114503816794,-0.006852326696867439
2016-04-13,39,1,0.014885496183206106,0.0003816793893129771,0.014448491037428077
2016-04-14,34,2,0.012977099236641221,0.0007633587786259542,0.012272060966273635
2016-04-15,24,6,0.009156810377718427,0.002289202594429607,0.00048324410158860187
2016-04-18,19,9,0.007246376811594203,0.003432494279176201,-0.014457892053621472
2016-04-19,26,3,0.009912314144109797,0.001143728555089592,0.0046060441245224515
2016-04-20,22,79,0.008387342737323675,0.030118185284025923,-0.0452699594627166
2016-04-21,27,11,0.010289634146341464,0.004192073170731708,-0.011425744257674312
2016-04-22,29,8,0.011051829268292682,0.003048780487804878,0.008334002130206226
2016-04-25,18,5,0.006857142857142857,0.0019047619047619048,-0.004220868385945874
2016-04-26,27,4,0.010285714285714285,0.0015238095238095239,0.012409533096843069
2016-04-27,20,9,0.007616146230007616,0.003427265803503427,-0.003509574922049869
2016-04-28,17,8,0.006468797564687975,0.0030441400304414,-0.0029097578371231943
2016-04-29,17,10,0.006466337010270064,0.003803727653100038,-0.0016275061285948994
2016-05-03,45,8,0.017110266159695818,0.003041825095057034,0.028026952637177773
2016-05-04,24,6,0.009122006841505131,0.002280501710376283,0.0007747782682058725
2016-05-05,23,5,0.008741923223109084,0.0019004180919802356,0.006365617427701414
2016-05-06,10,63,0.0037979491074819596,0.023927079377136347,-0.04004347900236266
2016-05-09,7,145,0.002658564375237372,0.05507026205848842,-0.04219245322736359
2016-05-10,13,26,0.004935459377372817,0.009870918754745633,-0.0024182378637748253
2016-05-11,15,35,0.0056925996204933585,0.013282732447817837,-0.009143735515131845
2016-05-12,16,24,0.0060721062618595825,0.009108159392789373,-0.005257140397728052
2016-05-13,16,14,0.0060721062618595825,0.005313092979127135,-0.003752680622317433
2016-05-16,45,10,0.01707132018209408,0.0037936267071320183,0.01719374041418289
2016-05-17,20,13,0.0075843761850587785,0.004929844520288207,-0.0027917373328397383
2016-05-18,10,50,0.0037921880925293893,0.018960940462646948,-0.031986772790300044
2016-05-19,19,14,0.007202426080363912,0.00530705079605762,0.003844930529373385
2016-05-20,29,12,0.010993176648976498,0.004548900682335102,0.011696498743167567
2016-05-23,38,11,0.014404852160727824,0.004169825625473844,0.014944756286083292
2016-05-24,15,11,0.005686125852918878,0.004169825625473844,-0.011158616544114625
2016-05-25,14,8,0.005305039787798408,0.0030314513073133762,-0.002764628977832252
2016-05-26,23,11,0.008712121212121213,0.004166666666666667,0.003783811990546484
2016-05-27,23,19,0.008712121212121213,0.007196969696969697,-0.0025040090276491757
2016-05-30,14,13,0.005299015897047691,0.004920514761544285,-0.005898623487122158
2016-05-31,72,18,0.02725208175624527,0.006813020439061317,0.037513329699890074
2016-06-01,28,8,0.010598031794095382,0.003028009084027252,0.006205969265771418
2016-06-02,41,6,0.015512674990541053,0.0022701475595913734,0.010759156755925035
2016-06-03,35,13,0.0132375189107413,0.004916792738275341,0.0020493118414351016
2016-06-06,27,8,0.010207939508506616,0.0030245746691871457,0.002304272697968038
2016-06-07,35,14,0.013227513227513227,0.005291005291005291,0.0021894062955564344
2016-06-08,26,14,0.009818731117824773,0.005287009063444109,-0.004924665648196359
2016-06-13,11,164,0.004154078549848943,0.061933534743202415,-0.04944200773114654
2016-06-14,31,7,0.011706948640483383,0.0026435045317220545,0.0032088091435265305
2016-06-15,85,10,0.03208758021895055,0.003775009437523594,0.03152528299131228
2016-06-16,37,10,0.013967534918837296,0.003775009437523594,-0.001418873904388822
2016-06-17,30,9,0.011325028312570781,0.0033975084937712344,0.0068685117331116225
2016-06-20,31,24,0.011702529256323141,0.009060022650056626,0.0026189479140868426
2016-06-21,25,11,0.009437523593808984,0.004152510381275953,-0.010539372253456702
2016-06-22,39,10,0.01471698113207547,0.0037735849056603774,0.015817603990957434
2016-06-23,25,11,0.009433962264150943,0.004150943396226415,-0.003834867953169119
2016-06-24,30,10,0.011312217194570135,0.003770739064856712,-0.010712381782159948
2016-06-27,49,6,0.01847662141779789,0.0022624434389140274,0.023594421465289093
2016-06-28,46,5,0.017338861666038447,0.0018846588767433095,0.010851881143327313
2016-06-29,27,5,0.010169491525423728,0.0018832391713747645,0.0032630347327175856
2016-06-30,24,11,0.00903954802259887,0.004143126177024482,-0.0010038567305134065
2016-07-01,23,4,0.008659638554216868,0.0015060240963855422,-0.0012014818358881752
2016-07-04,51,4,0.019201807228915662,0.0015060240963855422,0.018984068003874623
2016-07-05,41,7,0.015425131677953348,0.0026335590669676447,0.005960040703407805
2016-07-06,53,5,0.01993230537796164,0.00188040616773223,0.004688804740447153
2016-07-07,41,6,0.015413533834586466,0.002255639097744361,0.0014849848456949045
2016-07-08,23,5,0.00864336715520481,0.0018789928598271326,-0.0023624453623100595
2016-07-11,28,11,0.010522360015031942,0.004133784291619692,-0.005452573057934747
2016-07-12,34,1,0.012767555388659407,0.0003755163349605708,0.011655953175853504
2016-07-13,26,0,0.00976342470897484,0.0,0.007096854310899321
2016-07-14,20,2,0.007510326699211416,0.0007510326699211416,0.001961107274586994
2016-07-15,24,5,0.009012392039053699,0.001877581674802854,-0.003130020557303308
2016-07-18,23,11,0.008636875704093128,0.004130679684566279,-0.004871732882008814
2016-07-19,22,5,0.008258258258258258,0.0018768768768768769,0.005128344408340266
2016-07-20,24,5,0.009009009009009009,0.0018768768768768769,0.0008348976467302878
2016-07-21,24,6,0.009009009009009009,0.0022522522522522522,0.0008954628052613637
2016-07-22,10,7,0.0037537537537537537,0.002627627627627628,-0.00960906717005341
2016-07-25,19,5,0.007132132132132132,0.0018768768768768769,0.0013703879528508462
2016-07-26,16,3,0.005999250093738283,0.0011248593925759281,0.01256715539686759
2016-07-27,14,75,0.005249343832020997,0.0281214848143982,-0.04409670643160093
2016-07-28,18,9,0.006746626686656672,0.003373313343328336,-0.0005130070298064436
2016-07-29,12,5,0.004497751124437781,0.0018740629685157421,-0.006571152101231962
2016-08-01,10,23,0.003746721618583739,0.008617459722742601,-0.015888859331292183
2016-08-02,21,3,0.00786222388618495,0.0011231748408835642,0.010112039750146363
2016-08-03,33,0,0.012354923249719206,0.0,0.006358945763450199
2016-08-04,18,1,0.0067390490453013855,0.00037439161362785476,0.006078112527391095
2016-08-05,17,1,0.006362275449101796,0.00037425149700598805,-0.004763801878437833
2016-08-08,24,3,0.008975317875841436,0.0011219147344801795,0.011657428933483935
2016-08-09,24,0,0.008965259618976467,0.0,0.010573809232125841
2016-08-10,16,1,0.00597460791635549,0.0003734129947722181,-0.0019154409741350764
2016-08-11,14,2,0.005227781926811053,0.0007468259895444362,-0.014282946993690173
2016-08-12,23,2,0.008578888474449832,0.0007459903021260724,0.0112498249940835
2016-08-15,33,2,0.012304250559284116,0.0007457121551081282,0.022572861732621175
2016-08-16,42,3,0.015654118524040254,0.0011181513231457323,0.007194460951874925
2016-08-17,36,2,0.013412816691505217,0.0007451564828614009,0.004569770893245294
2016-08-18,30,0,0.011164867882396725,0.0,0.0009151183413508272
2016-08-19,37,0,0.013764880952380952,0.0,0.002552202557339261
2016-08-22,33,10,0.012272220156191893,0.003718854592785422,-0.010905952730764732
2016-08-23,27,4,0.010033444816053512,0.0014864362690449647,0.00344340604976433
2016-08-24,31,1,0.011519881085098476,0.0003716090672612412,0.003757960306623239
2016-08-25,26,5,0.00966183574879227,0.0018580453363062058,-0.005062629840868294
2016-08-26,30,0,0.011135857461024499,0.0,0.004213621824693152
2016-08-29,27,4,0.01002227171492205,0.0014847809948032665,0.0034686138130619916
2016-08-30,17,3,0.006305637982195846,0.001112759643916914,0.0002812985292966833
2016-08-31,18,1,0.006674082313681869,0.0003707823507601038,0.0022927906073869847
2016-09-01,21,2,0.007783543365455893,0.0007412898443291327,-0.006235256212128973
2016-09-02,20,3,0.007410151908114116,0.0011115227862171174,-0.002653429869340522
2016-09-05,26,0,0.00962962962962963,0.0,0.005142014273148901
2016-09-06,32,3,0.011851851851851851,0.0011111111111111111,0.014652194680699455
2016-09-07,27,1,0.01,0.00037037037037037035,0.0004887779379017616
2016-09-08,23,5,0.008512213175425611,0.001850481125092524,0.00436877454264001
2016-09-09,29,4,0.01072881982981872,0.0014798372179060304,-0.0065822414290208015
2016-09-12,14,23,0.005177514792899409,0.008505917159763314,-0.02848953904868056
2016-09-13,31,5,0.011451791651274473,0.001847063169560399,0.008066361159277195
2016-09-14,28,3,0.0103359173126615,0.0011074197120708748,-0.003592571741349364
2016-09-19,26,2,0.00959409594095941,0.0007380073800738007,0.01222602463934706
2016-09-20,21,2,0.007743362831858407,0.0007374631268436578,0.0006720381045545145
2016-09-21,17,3,0.006268436578171091,0.0011061946902654867,0.002815652163148892
2016-09-22,27,1,0.00995575221238938,0.0003687315634218289,0.005625709291737348
2016-09-23,21,6,0.007740508661997788,0.0022115739034279398,-0.0035815442508875597
2016-09-26,11,27,0.004054552156284556,0.009952082565425728,-0.02257834526258074
2016-09-27,20,11,0.007371913011426466,0.004054552156284556,0.006795526247978064
2016-09-28,10,3,0.003681885125184094,0.0011045655375552283,-0.002105773187752625
2016-09-29,19,4,0.006995581737849779,0.0014727540500736377,0.004012947059150344
2016-09-30,12,1,0.004413387274733358,0.0003677822728944465,0.004848471675435851
2016-10-10,33,0,0.01213235294117647,0.0,0.021149171528164947
2016-10-11,35,1,0.012862918044836457,0.0003675119441381845,0.0073258412201720035
2016-10-12,24,4,0.008807339449541285,0.0014678899082568807,0.0013156019164438188
2016-10-13,33,1,0.01210564930300807,0.00036683785766691124,0.0023591646675850055
2016-10-14,19,0,0.006967363403006967,0.0,2.6518221486610044e-05
2016-10-17,25,1,0.009164222873900294,0.00036656891495601173,-0.008115433171295058
2016-10-18,28,3,0.010252654705236177,0.0010984987184181618,0.015386915820541473
2016-10-19,27,1,0.009886488465763456,0.0003661662394727206,0.0013304538747589795
2016-10-20,25,2,0.009154155986818015,0.0007323324789454412,0.0029412110783639993
2016-10-21,20,3,0.0073152889539136795,0.0010972933430870519,-0.00305977134326602
2016-10-24,29,1,0.010607168983174835,0.000365764447695684,0.009268699668146372
2016-10-25,32,0,0.011691633175009134,0.0,0.00547103811176425
2016-10-26,25,3,0.009130752373995616,0.001095690284879474,-0.0033974494061927325
2016-10-27,28,0,0.01022270901788974,0.0,0.0013488153414174596
2016-10-28,21,9,0.007664233576642336,0.0032846715328467154,-0.008821469644156902
2016-10-31,29,6,0.010580080262677856,0.0021889821233126595,7.538007067956366e-05
2016-11-01,44,3,0.016034985422740525,0.0010932944606413995,0.012299898123988568
2016-11-02,34,4,0.01239067055393586,0.0014577259475218659,-0.004111959014018887
2016-11-03,45,0,0.01639941690962099,0.0,0.007695656229914253
2016-11-04,32,6,0.011657559198542805,0.002185792349726776,0.0002806967203737741
2016-11-07,28,3,0.010192937750273025,0.0010921004732435385,0.0022267133425929006
2016-11-08,33,0,0.012008733624454149,0.0,0.007252774806443839
2016-11-09,42,1,0.015272727272727273,0.0003636363636363636,-0.005332177554933175
2016-11-10,58,0,0.021083242457288258,0.0,0.016848932042694862
2016-11-11,45,1,0.01634580457682528,0.0003632401017072285,0.0062437399940632006
2016-11-14,37,3,0.013435003631082063,0.0010893246187363835,0.004515671036594995
2016-11-15,35,0,0.012704174228675136,0.0,0.004742307232464344
2016-11-16,32,5,0.011606819006166122,0.0018135654697134566,0.0001422301245145075
2016-11-17,25,2,0.009061254077564335,0.0007249003262051468,-0.0022286905266221
2016-11-18,25,0,0.009051412020275163,0.0,-0.0008317178715930539
2016-11-21,42,3,0.01520086862106406,0.0010857763300760044,0.005925712175822039
2016-11-22,44,3,0.015907447577729574,0.0010845986984815619,0.01074934452948738
2016-11-23,32,4,0.011564871702204554,0.0014456089627755693,-0.00559181630831288
2016-11-24,31,4,0.01119537739256049,0.001444564824846515,-0.004187507444149626
2016-11-25,24,4,0.00866113316492241,0.001443522194153735,0.0030481562419396964
2016-11-28,35,5,0.012630819198845183,0.001804402742692169,-0.0006767302756305076
2016-11-29,23,10,0.00829127613554434,0.003604902667627974,-0.010419728427897136
2016-11-30,24,8,0.008648648648648649,0.002882882882882883,-0.00253083038383513
2016-12-01,38,1,0.013683831472812387,0.00036010082823190496,0.006442211262597169
2016-12-02,25,14,0.008999280057595392,0.005039596832253419,-0.01711276229487012
2016-12-05,24,22,0.008639308855291577,0.007919366450683946,-0.005234904792505118
2016-12-06,24,3,0.008629989212513484,0.0010787486515641855,0.0032478195495333558
2016-12-07,36,0,0.012940330697340043,0.0,0.012123789980948943
2016-12-08,29,1,0.010412926391382405,0.0003590664272890485,-0.005148611335604133
2016-12-09,26,4,0.009325681492109038,0.0014347202295552368,-0.002967846586831344
2016-12-12,20,128,0.007171029042667623,0.04589458587307279,-0.05005111528427008
2016-12-13,40,4,0.014321518080916577,0.0014321518080916578,0.0049599946994265285
2016-12-14,46,9,0.0164638511095204,0.0032211882605583395,-0.004700767536586319
2016-12-15,50,4,0.017889087656529516,0.0014311270125223613,0.010268465607667471
2016-12-16,59,4,0.021094029317125493,0.0014301036825169824,0.010799244373101948
2016-12-19,47,8,0.01679771265189421,0.0028591851322373124,0.0002442196778667161
2016-12-20,33,6,0.011777301927194861,0.0021413276231263384,-0.00014376279433809424
2016-12-21,36,3,0.012838801711840228,0.0010699001426533524,0.009555781070723156
2016-12-22,44,3,0.01568627450980392,0.0010695187165775401,0.0004897213769830635
2016-12-23,18,21,0.00641025641025641,0.007478632478632479,-0.012933963841215868
2016-12-26,31,6,0.011035955856176576,0.002135991456034176,0.0055491023891409514
2016-12-27,40,0,0.014234875444839857,0.0,0.002887438906377746
2016-12-28,23,5,0.008170515097690942,0.0017761989342806395,-0.002771149499865606
2016-12-29,21,5,0.007452093683463449,0.0017743080198722497,-0.0021854198662830003
2016-12-30,20,5,0.0070921985815602835,0.0017730496453900709,0.0013607299543914068
2017-01-03,31,0,0.010985116938341602,0.0,0.011177339330955074
2017-01-04,46,0,0.016288951841359773,0.0,0.012159519435416738
2017-01-05,37,3,0.013083451202263084,0.0010608203677510608,0.0006891132541148285
2017-01-06,27,15,0.009537265983751325,0.005298481102084069,-0.007742269504880479
2017-01-09,34,3,0.012005649717514125,0.001059322033898305,0.005424330753626727
2017-01-10,39,4,0.013751763046544428,0.0014104372355430183,-0.0019531796869846846
2017-01-11,28,6,0.009862627685804861,0.0021134202183867557,-0.010994159296134542
2017-01-12,24,4,0.008441786844882167,0.0014069644741470278,-0.008579829880605573
2017-01-13,21,15,0.007376185458377239,0.005268703898840885,-0.017004034054785386
2017-01-16,22,77,0.007724719101123595,0.027036516853932584,-0.03681666617756406
2017-01-17,38,6,0.013328656611715188,0.002104524728165556,0.012718738640011357
2017-01-18,39,9,0.01367461430575035,0.003155680224403927,-0.004416204845129713
2017-01-19,20,10,0.0070028011204481795,0.0035014005602240898,-0.003237790483064932
2017-01-20,47,2,0.016427822439706398,0.0006990562740300594,0.01714265426382499
2017-01-23,38,1,0.013268156424581005,0.00034916201117318437,0.010712766498948895
2017-01-24,37,4,0.012909979064898814,0.0013956734124214933,-0.003178278300683365
2017-01-25,30,10,0.01044932079414838,0.0034831069313827935,0.0047164786415872855
2017-01-26,23,4,0.008002783576896311,0.0013917884481558804,0.007005928848653167
2017-02-03,26,6,0.009046624913013222,0.0020876826722338203,-0.0022387006390469687
2017-02-06,46,0,0.015994436717663423,0.0,0.01367979579270968
2017-02-07,35,2,0.012156998957971519,0.0006946856547412296,0.001627507313242196
2017-02-08,43,0,0.014909847434119279,0.0,0.00946369735922263
2017-02-09,44,1,0.015240734326290266,0.00034638032559750607,0.008865257987702591
2017-02-10,47,7,0.016274238227146815,0.0024238227146814403,-0.001319504911045668
2017-02-13,40,1,0.013826477704804701,0.0003456619426201175,0.008932602552458063
2017-02-14,35,0,0.012093987560469938,0.0,0.0011958118166787565
2017-02-15,36,1,0.012422360248447204,0.0003450655624568668,-0.006413205950294239
2017-02-16,47,2,0.01621808143547274,0.0006901311249137336,0.007257393671113642
2017-02-17,30,9,0.010348395998620214,0.003104518799586064,-0.00874221267330252
2017-02-20,32,5,0.011026878015161957,0.0017229496898690559,0.007643285696845152
2017-02-21,37,2,0.012745435756114365,0.0006889424733034792,0.010846733255504719
2017-02-22,40,0,0.013769363166953529,0.0,0.004912848699122419
2017-02-23,41,3,0.014113597246127367,0.0010327022375215145,0.0015526063710349222
2017-02-24,26,2,0.008950086058519793,0.0006884681583476765,0.005020272878312716
2017-02-27,21,5,0.007228915662650603,0.0017211703958691911,-0.006232089301439707
2017-02-28,29,4,0.009979353062629044,0.0013764624913971094,0.005503349323120308
2017-03-01,28,4,0.009631922944616443,0.0013759889920880633,0.0031628438578222558
2017-03-02,21,3,0.007221458046767538,0.0010316368638239339,-0.004885371297675799
2017-03-03,17,4,0.005845942228335626,0.001375515818431912,0.0020784394373442793
2017-03-06,25,1,0.008585164835164836,0.00034340659340659343,0.012770902925607265
2017-03-07,27,0,0.009265614275909403,0.0,0.0041713426935704465
2017-03-08,20,3,0.00686106346483705,0.0010291595197255575,-0.002824928261035502
2017-03-09,18,4,0.0061749571183533445,0.0013722126929674098,-0.006825105751865184
2017-03-10,21,2,0.007194244604316547,0.0006851661527920521,0.0008968290021625777
2017-03-13,21,2,0.00718931872646354,0.0006846970215679561,0.008711504891031532
2017-03-14,28,2,0.009575923392612859,0.0006839945280437756,-0.0005091361524455475
2017-03-15,28,2,0.009569377990430622,0.000683526999316473,-2.3843432069977668e-05
2017-03-16,38,1,0.012982576016399043,0.00034164673727365904,0.012584246879180623
2017-03-17,24,3,0.008188331627430911,0.0010235414534288639,-0.007997762564651097
2017-03-20,26,6,0.008864643709512444,0.002045687009887487,0.005823977935155882
2017-03-21,33,1,0.011239782016348773,0.0003405994550408719,0.0036967082297930374
2017-03-22,34,2,0.011580381471389645,0.0006811989100817438,-0.0033567950817778064
2017-03-23,36,2,0.012253233492171545,0.0006807351940095302,0.0006587332241270724
2017-03-24,37,4,0.01257647858599592,0.0013596193065941536,0.004370592176580852
2017-03-27,33,4,0.011213047910295617,0.0013591573224600749,-0.0014161849600068006
2017-03-28,32,4,0.010865874363327675,0.0013582342954159593,-0.0034206313468208905
2017-03-29,35,11,0.01188051595383571,0.00373387644263408,-0.009775030098619533
2017-03-30,27,31,0.009158751696065129,0.01051560379918589,-0.021526487441815227
2017-03-31,26,24,0.00881057268722467,0.008132836326668925,0.0012269477961891167
2017-04-05,90,3,0.03048780487804878,0.0010162601626016261,0.02048904813140786
2017-04-06,58,3,0.019627749576988155,0.0010152284263959391,0.004670595895153848
2017-04-07,45,7,0.015218126479540075,0.0023672641190395673,-0.0010889560824976867
2017-04-10,54,34,0.018249408583981074,0.011490368367691788,-0.01355202784815584
2017-04-11,63,8,0.021283783783783785,0.002702702702702703,0.009581262646859937
2017-04-12,50,34,0.016869095816464237,0.011470985155195682,-0.009470158253356788
2017-04-13,36,9,0.012133468149646108,0.003033367037411527,0.003671256640304594
2017-04-14,18,11,0.006062647356012125,0.00370495116200741,-0.014449141550857126
2017-04-17,17,95,0.00572197913160552,0.03197576573544261,-0.01930417383351119
2017-04-18,16,38,0.005379959650302623,0.012777404169468728,-0.010975226700627234
2017-04-19,24,36,0.008069939475453935,0.0121049092131809,-0.009509408929328047
2017-04-20,18,16,0.006048387096774193,0.005376344086021506,-0.005220140521081612
2017-04-21,20,26,0.006709158000670915,0.00872190540087219,-0.004575931675874984
2017-04-24,14,74,0.004696410600469641,0.024823884602482388,-0.029150062650851363
2017-04-25,30,11,0.010053619302949061,0.003686327077747989,0.004516537656894101
2017-04-26,37,11,0.012387010378305993,0.0036826247070639436,0.003556475677686247
2017-04-27,37,15,0.012378721980595517,0.005018400802944129,0.00857398467065903
2017-04-28,34,17,0.011375041820006692,0.005687520910003346,0.004936471768774203
2017-05-02,35,14,0.011705685618729096,0.0046822742474916385,0.0005336387534368518
2017-05-03,39,14,0.013026052104208416,0.004676018704074816,0.0007148478082953118
2017-05-04,31,6,0.010350584307178631,0.002003338898163606,-0.00347485713325843
2017-05-05,17,17,0.005670446964643095,0.005670446964643095,-0.013044513141197917
2017-05-08,14,46,0.004669779853235491,0.015343562374916611,-0.019912318154057685
2017-05-09,19,18,0.006331222925691436,0.005998000666444518,0.007833188580756134
2017-05-10,19,39,0.006327006327006327,0.012987012987012988,-0.01937943999839182
2017-05-11,25,33,0.0083166999334664,0.010978043912175649,-0.006085039547406164
2017-05-12,31,18,0.010309278350515464,0.005986032590621883,-0.0014852739620563635
2017-05-15,35,9,0.011627906976744186,0.002990033222591362,0.002879785716778104
2017-05-16,49,9,0.016262860935944243,0.002987056090275473,0.021127829554496966
2017-05-17,36,6,0.011940298507462687,0.001990049751243781,0.004128917866493714
2017-05-18,26,30,0.008623548922056384,0.009950248756218905,-0.007361262225789544
2017-05-19,27,22,0.008943358728055647,0.00728718118582312,-0.00337190234590224
2017-05-22,18,53,0.005960264900662252,0.017549668874172187,-0.023201476407477942
2017-05-23,11,97,0.003639973527465255,0.03209794837855725,-0.03273329606683791
2017-05-24,24,29,0.007939133311280185,0.00959311941779689,0.005280617816821512
2017-05-25,26,33,0.00859504132231405,0.01090909090909091,0.005225198222079297
2017-05-26,34,26,0.011235955056179775,0.008592200925313946,-0.0005003827264886113
2017-05-31,23,14,0.007598282127518996,0.004625041295011563,-0.002044990545275019
2017-06-01,13,78,0.004291845493562232,0.02575107296137339,-0.02977636227670367
2017-06-02,36,14,0.011873350923482849,0.004617414248021108,0.012294586081516123
2017-06-05,27,9,0.008902077151335312,0.002967359050445104,0.007981054510951564
2017-06-06,24,15,0.007907742998352554,0.004942339373970346,0.003431100964937325
2017-06-07,50,10,0.016469038208168644,0.0032938076416337285,0.02266463322658292
2017-06-08,32,15,0.01053324555628703,0.004937458854509546,-0.0021581033004083303
2017-06-09,31,21,0.01020408163265306,0.0069124423963133645,-0.0008781489542003626
2017-06-12,13,20,0.004279131007241606,0.0065832784726793945,-0.018464714815683358
2017-06-13,32,9,0.01052285432423545,0.00295955277869122,0.015795709946726508
2017-06-14,31,13,0.010190664036817882,0.004273504273504274,-0.00022393166992950477
2017-06-15,33,6,0.01083743842364532,0.0019704433497536944,0.013135242010032746
2017-06-16,20,15,0.006563833278634723,0.004922874958976042,-0.0038637180716046093
2017-06-19,25,10,0.00819672131147541,0.003278688524590164,0.0059237911841041645
2017-06-20,19,12,0.006225425950196592,0.003931847968545216,-0.0002476801678510369
2017-06-21,18,5,0.005895840157222404,0.0016377333770062235,0.0007570157701820895
2017-06-22,16,11,0.005237315875613748,0.003600654664484452,-0.017517175262485085
2017-06-23,14,10,0.004582651391162029,0.0032733224222585926,-1.5968573235387465e-05
2017-06-26,28,3,0.009162303664921465,0.000981675392670157,0.012214057330165909
2017-06-27,23,1,0.007516339869281046,0.000326797385620915,0.0023937981359879756
2017-06-28,17,5,0.00555374060764456,0.001633453119895459,-0.007944454996993056
2017-06-29,22,5,0.007184846505551927,0.0016329196603527107,0.004731278067070471
2017-06-30,20,7,0.00652954619653934,0.002285341168788769,0.0021169599470497414
2017-07-03,16,3,0.0052202283849918435,0.0009787928221859706,0.008557075701469977
2017-07-04,13,5,0.004241435562805873,0.0016313213703099511,-0.0022607916295607116
2017-07-05,20,7,0.006521030322791001,0.0022823606129768505,0.00833211248137263
2017-07-06,20,6,0.00651890482398957,0.001955671447196871,0.001670229163567814
2017-07-07,26,6,0.008471814923427827,0.0019550342130987292,0.005209518311502298
2017-07-10,13,12,0.004234527687296417,0.003908794788273616,-0.007955721410839051
2017-07-11,10,12,0.0032541490400260333,0.0039049788480312398,-0.012498431925500847
2017-07-12,18,9,0.005853658536585366,0.002926829268292683,-0.0010369540564850465
2017-07-13,24,5,0.007804878048780488,0.0016260162601626016,-0.00064329411264797
2017-07-14,12,14,0.0039011703511053317,0.004551365409622887,-0.005702972280376028
2017-07-17,9,311,0.0029239766081871343,0.10103963612735542,-0.05447314987883018
2017-07-18,32,11,0.01039298473530367,0.0035725885027606367,0.007720392276354235
2017-07-19,47,4,0.01525478740668614,0.0012982797792924375,0.013347299711323968
2017-07-20,26,4,0.008436080467229072,0.0012978585334198572,0.003942202182865308
2017-07-21,20,7,0.006482982171799027,0.00226904376012966,-0.001298521902055876
2017-07-24,23,1,0.0074554294975688815,0.00032414910858995135,0.007061582679068419
2017-07-25,19,2,0.006154842889536767,0.0006478781988986071,-0.0016463230990154596
2017-07-26,25,0,0.008098477486232589,0.0,-2.2026827590641385e-06
2017-07-27,18,3,0.0058309037900874635,0.0009718172983479105,0.015593573760370289
2017-07-28,20,2,0.006472491909385114,0.0006472491909385113,-0.001475766606312544
2017-07-31,37,3,0.01196249595861623,0.0009699321047526673,0.006810556347778893
2017-08-01,25,2,0.008074935400516795,0.0006459948320413437,0.0012712719943233817
2017-08-02,26,4,0.008387096774193548,0.0012903225806451613,-0.009000264504741834
2017-08-03,31,1,0.00999677523379555,0.0003224766204450177,0.005375360998372997
2017-08-04,25,2,0.008059316569954868,0.0006447453255963894,-0.0043232344044638665
2017-08-07,27,3,0.008698453608247423,0.0009664948453608248,0.008080681498053171
2017-08-08,22,4,0.007080785323463148,0.001287415513356936,0.0029094965542361484
2017-08-09,26,2,0.008362817626246381,0.000643293663557414,0.002649761611238859
2017-08-10,18,5,0.0057859209257473485,0.0016072002571520412,-0.00854466771189056
2017-08-11,11,27,0.0035335689045936395,0.008673305493093478,-0.014803413497154217
2017-08-14,27,2,0.008673305493093478,0.00064246707356248,0.018721985986850296
2017-08-15,21,4,0.006745904272406039,0.00128493414712496,0.0049271245817595274
2017-08-16,16,4,0.005138086062941554,0.0012845215157353885,0.007160129744543251
2017-08-17,26,1,0.00834403080872914,0.00032092426187419767,0.008121147549342128
2017-08-18,20,3,0.006414368184733804,0.0009621552277100705,-0.0036420945214185774
2017-08-21,28,0,0.008971483498878564,0.0,0.009768885992843541
2017-08-22,26,0,0.008322663252240717,0.0,-0.004762890579351737
2017-08-23,19,0,0.00608,0.0,-0.002999437282424447
2017-08-24,27,4,0.008637236084452975,0.0012795905310300703,-0.006059858270328228
2017-08-25,38,2,0.012148337595907928,0.0006393861892583121,0.013081053321872859
2017-08-28,49,0,0.015664961636828643,0.0,0.015028410428165249
2017-08-29,30,2,0.009587727708533078,0.0006391818472355385,-0.0001640161502222432
2017-08-30,35,0,0.011185682326621925,0.0,0.002144741217141338
2017-08-31,39,0,0.012460063897763577,0.0,0.007655392841292142
2017-09-01,33,1,0.01053639846743295,0.00031928480204342275,0.0059833587749192774
2017-09-04,26,5,0.008298755186721992,0.0015959144589849984,0.004542751174469661
2017-09-05,25,5,0.00797702616464582,0.001595405232929164,0.0011707850173007215
2017-09-06,24,3,0.007655502392344498,0.0009569377990430622,0.004189730560128697
2017-09-07,22,0,0.007010834926704908,0.0,-0.002348945438480865
2017-09-08,25,2,0.007961783439490446,0.0006369426751592356,0.0021976057187588507
2017-09-11,39,0,0.012416427889207259,0.0,0.010597686602103003
2017-09-12,23,4,0.007315521628498728,0.001272264631043257,-0.004657633193937544
2017-09-13,33,0,0.010492845786963434,0.0,0.005239330260047374
2017-09-14,28,1,0.00890302066772655,0.0003179650238473768,-0.0006523375293760434
2017-09-15,26,9,0.00825658939345824,0.0028580501746586218,-0.004684910195124647
2017-09-18,24,5,0.007619047619047619,0.0015873015873015873,0.006584829546940782
2017-09-19,22,1,0.006979695431472081,0.00031725888324873094,-0.0026020394479556843
2017-09-20,38,4,0.012052013954963527,0.0012686330478908975,0.008630497583469829
2017-09-21,24,7,0.007606973058637084,0.0022187004754358162,-0.0091122531386469
2017-09-22,29,1,0.009185936015204309,0.0003167564143173899,-0.001921380939944764
2017-09-25,22,11,0.006968641114982578,0.003484320557491289,-0.01195290703410104
2017-09-26,22,12,0.006962025316455696,0.0037974683544303796,-0.0026529711532449637
2017-09-27,29,6,0.009174311926605505,0.0018981335020563112,0.007673299817072656
2017-09-28,21,3,0.006641366223908918,0.0009487666034155598,-0.0040622182405533344
2017-09-29,26,4,0.008214849921011059,0.001263823064770932,0.007794955419883502
2017-10-09,39,4,0.012322274881516588,0.001263823064770932,0.011606225395398575
2017-10-10,40,1,0.012630249447426587,0.00031575623618566466,0.010790790408855482
2017-10-11,28,4,0.00884117461319861,0.0012630249447426586,-0.0031131513113911444
2017-10-12,26,2,0.008207070707070708,0.0006313131313131314,-0.0017004930136360827
2017-10-13,40,0,0.01261431725007884,0.0,0.00650147712839686
2017-10-16,23,16,0.007246376811594203,0.005040957781978576,-0.01992870287950534
2017-10-17,25,1,0.007874015748031496,0.00031496062992125983,0.0014835493100971134
2017-10-18,16,3,0.005037783375314861,0.0009445843828715365,-0.009066694918973457
2017-10-19,23,6,0.00723725613593455,0.0018879798615481435,-0.01014198960913928
2017-10-20,36,2,0.011313639220615965,0.0006285355122564425,0.011711116061443509
2017-10-23,33,2,0.010367577756833177,0.0006283380458686773,0.007256709815303528
2017-10-24,24,4,0.007537688442211055,0.001256281407035176,-0.005074080094116063
2017-10-25,23,1,0.007219083490269931,0.00031387319522912746,0.008512133647361217
2017-10-26,27,2,0.008469259723964869,0.0006273525721455458,0.004377573328778904
2017-10-27,21,3,0.006587202007528231,0.0009410288582183187,-0.005855366647675454
2017-10-30,20,33,0.006271558482282847,0.010348071495766699,-0.026109745530737437
2017-10-31,28,2,0.008771929824561403,0.0006265664160401002,0.009039304080688598
2017-11-01,21,2,0.006572769953051643,0.0006259780907668231,0.0021630359582640417
2017-11-02,17,10,0.005319148936170213,0.0031289111389236545,-0.009640670227763347
2017-11-03,19,5,0.0059430716296528,0.0015639662183296842,-0.007262146406542556
2017-11-06,27,7,0.008432229856339788,0.0021861336664584633,0.011106331427583398
2017-11-07,32,0,0.009990633780830472,0.0,0.0057615970888731174
2017-11-08,38,2,0.011863877614736186,0.0006244146113019045,0.004623066997976909
2017-11-09,29,1,0.009048361934477379,0.00031201248049921997,0.00589558709467664
2017-11-10,33,0,0.010283577438454348,0.0,0.0024963773125677435
2017-11-13,32,3,0.009965742759265027,0.0009342883836810962,0.0019615339437875356
2017-11-14,24,4,0.00747430706944877,0.0012457178449081284,-0.007412825455485235
2017-11-15,19,17,0.005913476501711796,0.005291005291005291,-0.008548161682885599
2017-11-16,17,12,0.005286069651741294,0.0037313432835820895,-0.004626879626618222
2017-11-17,12,86,0.0037290242386575512,0.026724673710379118,-0.037372363411810355
2017-11-20,27,15,0.008387698042870456,0.004659832246039142,0.003384865731499968
2017-11-21,29,5,0.009000620732464307,0.0015518311607697084,-0.0011741940524722173
2017-11-22,21,4,0.006513647642679901,0.0012406947890818859,-2.887816112971919e-07
2017-11-23,17,22,0.005272952853598015,0.006823821339950372,-0.022278530918384668
2017-11-24,22,9,0.006823821339950372,0.002791563275434243,0.0009651097084510442
2017-11-27,11,27,0.0034097954122752636,0.008369497830130192,-0.011420154367031905
2017-11-28,27,3,0.00836690424542919,0.0009296560272699101,0.01486393198631011
2017-11-29,28,2,0.008676789587852495,0.0006197706848466068,0.0004723173130290361
2017-11-30,14,2,0.004337050805452293,0.0006195786864931846,-0.0035056423929805524
2017-12-01,14,1,0.004333023831631074,0.00030950170225936243,0.00814248345291401
2017-12-04,7,47,0.002165841584158416,0.014542079207920793,-0.01708182752584503
2017-12-05,9,30,0.0027829313543599257,0.00927643784786642,-0.02641549886303651
2017-12-06,22,5,0.006802721088435374,0.0015460729746444033,0.01046621244711136
2017-12-07,16,2,0.004947433518862091,0.0006184291898577613,-0.0012473901174298626
2017-12-08,25,3,0.0077255871446229914,0.000927070457354759,0.01221041298192968
2017-12-11,21,2,0.0064894932014833125,0.0006180469715698393,0.010309567242528846
2017-12-12,9,4,0.002779493514515133,0.0012353304508956147,-0.012104345640345841
2017-12-13,13,0,0.004013584439641865,0.0,0.007876045353394133
2017-12-14,23,0,0.007100957085520223,0.0,0.0019342697005785738
2017-12-15,22,4,0.006790123456790123,0.0012345679012345679,-0.0028378883912944177
2017-12-18,13,19,0.004009870450339297,0.005860579888957434,-0.006159523024039297
2017-12-19,11,6,0.0033919210607462227,0.0018501387604070306,0.0070568995871574496
2017-12-20,8,1,0.002466851680542707,0.0003083564600678384,-0.010562443952229416
2017-12-21,14,1,0.004316990440949738,0.0003083564600678384,0.0016978787564950592
2017-12-22,17,4,0.005242059821153253,0.0012334258402713536,-0.001616270078479402
2017-12-25,19,7,0.005855161787365178,0.0021571648690292757,-0.012145009675102344
2017-12-26,48,3,0.014787430683918669,0.0009242144177449168,0.010884123779235021
2017-12-27,31,5,0.009544334975369459,0.001539408866995074,-0.0036987334605512244
2017-12-28,30,2,0.009236453201970444,0.0006157635467980296,0.004375001674958621
2017-12-29,21,8,0.006457564575645757,0.0024600246002460025,0.0066849358954448705
2018-01-02,32,4,0.00984009840098401,0.0012300123001230013,0.009831924191490917
2018-01-03,39,4,0.011988933292345526,0.0012296341838303104,0.008206053715828643
2018-01-04,32,3,0.009837073470642483,0.0009222256378727329,0.0014557932462472346
2018-01-05,19,3,0.005835380835380835,0.0009213759213759214,0.0005256033621132278
2018-01-08,30,2,0.009213759213759214,0.0006142506142506142,0.0017208796337702455
2018-01-09,26,1,0.007982806263432606,0.00030703101013202335,0.00041671473535202075
2018-01-10,30,2,0.0092109303039607,0.0006140620202640467,-0.0076561272492159296
2018-01-11,35,2,0.010746085354620816,0.0006140620202640467,0.006971612570216429
2018-01-12,21,5,0.00644765121277249,0.0015351550506601166,-0.004353611120646503
2018-01-15,18,29,0.0055248618784530384,0.008901166359729895,-0.02490660672231239
2018-01-16,42,5,0.012883435582822086,0.0015337423312883436,0.00813035375227994
2018-01-17,23,17,0.007053051211284882,0.005213124808341,0.0019195850850411927
2018-01-18,28,3,0.008583690987124463,0.0009196811771919068,0.002149838777638725
2018-01-19,23,8,0.007048728164266013,0.002451731535396874,-0.00124649483945449
2018-01-22,21,22,0.006433823529411764,0.006740196078431373,0.005295008478324412
2018-01-23,28,6,0.00857843137254902,0.001838235294117647,0.0025143907561667924
2018-01-24,19,4,0.005819295558958652,0.001225114854517611,0.00727079302234102
2018-01-25,22,4,0.006736068585425597,0.001224739742804654,-0.0015495020881952622
2018-01-26,16,3,0.004898958971218616,0.0009185548071034905,-0.003002498620897568
2018-01-29,16,11,0.004898958971218616,0.0033680342927127987,-0.011293355041110903
2018-01-30,23,10,0.007042253521126761,0.003061849357011635,-0.001536630279754112
2018-01-31,18,91,0.005509641873278237,0.02785430058157331,-0.025030603978590735
2018-02-01,10,196,0.0030590394616090547,0.059957173447537475,-0.039762458707647455
2018-02-02,19,52,0.005810397553516819,0.015902140672782873,-0.007555750954509282
2018-02-05,24,52,0.007337205747477835,0.01589727911953531,-0.0072675521057871135
2018-02-06,10,333,0.0030553009471432934,0.10174152153987168,-0.053976431380499096
2018-02-07,25,28,0.007638252367858234,0.008554842652001222,0.005141712338007468
2018-02-08,34,18,0.010381679389312977,0.00549618320610687,0.012548305542159327
2018-02-09,14,91,0.004274809160305344,0.027786259541984732,-0.03134895063670481
2018-02-12,64,5,0.019536019536019536,0.0015262515262515263,0.02528739504589557
2018-02-13,26,13,0.007936507936507936,0.003968253968253968,0.0007701564565347394
2018-02-14,25,13,0.007631257631257631,0.003968253968253968,0.0018053331723326478
2018-02-22,33,7,0.010073260073260074,0.002136752136752137,0.01770500614612711
2018-02-23,23,6,0.007018614586512054,0.00183094293561184,0.004597257134783378
2018-02-26,44,5,0.013422818791946308,0.001525320317266626,0.023871163947785306
2018-02-27,31,5,0.009454101860323269,0.0015248551387618177,0.0029153697309100063
2018-02-28,25,11,0.007624275693809088,0.003354681305275999,0.0005539227018955804
2018-03-01,50,1,0.015234613040828763,0.0003046922608165753,0.014676502493236725
2018-03-02,23,3,0.007003654080389768,0.0009135200974421437,-0.004860418517571624
2018-03-05,34,2,0.010353227771010963,0.0006090133982947625,0.0075134471668381825
2018-03-06,40,1,0.012180267965895249,0.0003045066991473812,0.011459392954269869
2018-03-07,28,2,0.008526187576126675,0.0006090133982947625,-0.005195609890130024
2018-03-08,45,2,0.013702801461632157,0.0006090133982947625,0.010180315254332228
2018-03-09,36,1,0.010962241169305725,0.0003045066991473812,0.016370917610377667
2018-03-12,37,0,0.011266747868453105,0.0,0.014771809566813478
2018-03-13,28,3,0.008526187576126675,0.0009135200974421437,-0.005486056715238664
2018-03-14,8,3,0.00243605359317905,0.0009135200974421437,-0.00974046194708842
2018-03-15,19,5,0.0057856272838002435,0.0015225334957369061,-0.008574509952289476
2018-03-16,33,2,0.010048721071863581,0.0006090133982947625,-0.00036536828725402404
2018-03-19,27,4,0.008221680876979293,0.001218026796589525,0.005123755064571845
2018-03-20,42,2,0.012789281364190013,0.0006090133982947625,0.004079227060779281
2018-03-21,36,5,0.010962241169305725,0.0015225334957369061,-0.005122591851949735
2018-03-22,48,3,0.014616321559074299,0.0009135200974421437,0.0024833241122260968
2018-03-23,25,306,0.0076103500761035,0.09315068493150686,-0.05434769988256071
2018-03-26,35,4,0.010651247717589775,0.0012172854534388314,0.014806242549511985
2018-03-27,51,1,0.0155203895313451,0.00030432136335970786,0.026129595404753136
2018-03-28,27,13,0.008214177061149984,0.003954974140553696,-0.004584336577634363
2018-03-29,42,5,0.012777608761788866,0.0015211439002129601,0.010216965659454253
2018-03-30,39,1,0.011857707509881422,0.0003040437823046519,0.015389161315169852
2018-04-02,40,2,0.012161751292186074,0.0006080875646093037,0.005029173713462126
2018-04-03,30,6,0.00911854103343465,0.00182370820668693,-0.007439341643919386
2018-04-04,38,7,0.011550151975683891,0.002127659574468085,-0.003959421314265625
2018-04-09,47,5,0.014285714285714285,0.001519756838905775,0.004208855893485313
2018-04-10,30,19,0.009115770282588878,0.005773321178972957,0.0017392756597434766
2018-04-11,43,2,0.013065937405044059,0.0006077180188392585,0.00785575184601106
2018-04-12,25,9,0.007594167679222357,0.0027339003645200487,-0.0054181826984346015
2018-04-13,19,12,0.005771567436208992,0.0036452004860267314,-0.0028102391224537424
2018-04-16,35,14,0.0106318347509113,0.00425273390036452,-0.006829352490174572
2018-04-17,14,32,0.004251442453689645,0.009717582751290617,-0.022551194957536623
2018-04-18,29,14,0.008803885853066181,0.004250151791135397,0.01093566195110713
2018-04-19,20,4,0.006071645415907711,0.0012143290831815423,0.0026377110215660563
2018-04-20,15,35,0.004552352048558422,0.010622154779969651,-0.024135408913229794
2018-04-23,20,26,0.006069802731411229,0.007890743550834597,-0.006731718691403356
2018-04-24,47,3,0.014264036418816389,0.0009104704097116844,0.023313777816337204
2018-04-25,32,7,0.009711684370257967,0.0021244309559939304,0.004449286240175246
2018-04-26,18,35,0.0054611650485436895,0.010618932038834952,-0.020395706119068015
2018-04-27,15,29,0.004548211036992117,0.008793208004851425,0.00027532124605466875
2018-05-02,23,44,0.006973923590054579,0.013341419041843541,-0.005793918490387832
2018-05-03,34,7,0.010309278350515464,0.002122498483929654,0.011236667199331194
2018-05-04,20,15,0.006064281382656155,0.004548211036992117,-0.002865868607159648
2018-05-07,37,7,0.011218920557913887,0.002122498483929654,0.018206193486366717
2018-05-08,52,8,0.015762352227947862,0.002424977265838133,0.007465618869599642
2018-05-09,27,11,0.008181818181818182,0.0033333333333333335,0.0010509508391087453
2018-05-10,37,9,0.011212121212121211,0.0027272727272727275,0.005255137542163351
2018-05-11,22,17,0.006666666666666667,0.005151515151515152,-0.012248673302660603
2018-05-14,12,24,0.0036363636363636364,0.007272727272727273,-0.006408673005186188
2018-05-15,35,12,0.010606060606060607,0.0036363636363636364,0.010881820731798742
2018-05-16,17,14,0.0051499545592244775,0.004241139048773099,-0.005620393689523417
2018-05-17,20,21,0.0060569351907934586,0.006359781950333132,-0.00274329673814656
2018-05-18,33,17,0.009993943064809207,0.00514839491217444,0.004184179816510073
2018-05-21,38,10,0.01150817686250757,0.0030284675953967293,0.013154623843983696
2018-05-22,28,14,0.008479709267110842,0.004239854633555421,0.005201455586779779
2018-05-23,17,22,0.0051468362095065095,0.006660611565243718,-0.011864220075515727
2018-05-24,28,19,0.008477141992128368,0.005752346351801393,-0.0026519681601953
2018-05-25,28,26,0.00847457627118644,0.007869249394673124,-0.009012816999369157
2018-05-28,27,47,0.008169440242057489,0.01422087745839637,-0.01121216046720243
2018-05-29,29,43,0.008774583963691377,0.013010590015128594,-0.010245969292717021
2018-05-30,14,125,0.004236006051437216,0.037821482602118005,-0.03938651970041927
2018-05-31,53,23,0.016036308623298034,0.006959152798789713,0.016103971977393466
2018-06-01,15,31,0.0045385779122541605,0.009379727685325264,-0.011003829688357832
2018-06-04,17,35,0.005143721633888048,0.01059001512859304,-0.002890727287643021
2018-06-05,28,24,0.008472012102874432,0.007261724659606656,0.01523740851539884
2018-06-06,29,15,0.008774583963691377,0.0045385779122541605,0.001883421333111686
2018-06-07,18,21,0.005446293494704993,0.006354009077155824,-0.01000923008355036
2018-06-08,13,22,0.003932244404113733,0.006654567453115548,-0.012011207187683157
2018-06-11,22,20,0.006650544135429262,0.006045949214026602,-0.007794594293341728
2018-06-12,24,22,0.007252946509519492,0.006648534300392868,0.006006484112429559
2018-06-13,23,29,0.006948640483383686,0.008761329305135951,-0.01840581797995937
2018-06-14,26,37,0.00785498489425982,0.011178247734138972,-0.004719556852149736
2018-06-15,11,72,0.003323262839879154,0.02175226586102719,-0.024581113407878056
2018-06-19,9,751,0.002719033232628399,0.22688821752265861,-0.0711325376452353
2018-06-20,37,46,0.01117487163998792,0.01389308366052552,0.010262662106915128
2018-06-21,14,86,0.004228329809725159,0.025974025974025976,-0.027438712633667584
2018-06-22,30,36,0.009057971014492754,0.010869565217391304,0.013621723783245276
2018-06-25,36,24,0.010866284334440085,0.00724418955629339,-0.0027098029971275514
2018-06-26,35,17,0.01056444310292786,0.005131300935707818,0.010696716976144476
2018-06-27,31,21,0.009354254677127338,0.006336753168376584,-0.005565624279510127
2018-06-28,21,32,0.006336753168376584,0.009656004828002414,-0.011084394257102196
2018-06-29,60,18,0.018105009052504527,0.005431502715751358,0.02809447161565351
2018-07-02,33,23,0.009957754978877489,0.006940253470126735,-0.013522111740913275
2018-07-03,41,20,0.012368024132730015,0.006033182503770739,0.01476543024328815
2018-07-04,27,41,0.008144796380090498,0.012368024132730015,-0.019462624586475612
2018-07-05,18,50,0.005429864253393665,0.015082956259426848,-0.02716653736689443
2018-07-06,28,20,0.008446455505279034,0.006033182503770739,0.004231507349005229
2018-07-09,46,18,0.013867952969550798,0.005426590292432921,0.021394896429466882
2018-07-10,38,14,0.011452682338758288,0.004219409282700422,0.00876964394789671
2018-07-11,20,28,0.006027727546714889,0.008438818565400843,-0.02411684480039799
2018-07-12,52,8,0.01567209162145871,0.0024110910186859553,0.026009267525245336
2018-07-13,32,14,0.009641458270563423,0.004218137993371497,0.0019287367677410195
2018-07-16,36,13,0.01084664055438385,0.00391684242241639,-0.000359415406679143
2018-07-17,41,11,0.012353118409159385,0.0033142512805061767,0.002202605241259957
2018-07-18,36,8,0.01084664055438385,0.0024103645676408557,-0.004925527014806776
2018-07-19,23,14,0.00692979813196746,0.004218137993371497,-0.011525669156262458
2018-07-20,33,6,0.009939759036144578,0.0018072289156626507,0.011665110703394046
2018-07-23,39,14,0.011746987951807229,0.004216867469879518,0.007524533232036083
2018-07-24,59,0,0.017771084337349398,0.0,0.017506619747940065
2018-07-25,41,1,0.012349397590361445,0.00030120481927710846,0.0013041687521999348
2018-07-26,52,5,0.01566265060240964,0.0015060240963855422,-0.002198596885739363
2018-07-27,40,13,0.012048192771084338,0.00391566265060241,-0.005689551862979453
2018-07-30,22,22,0.00662451068955134,0.00662451068955134,-0.014806276279508833
2018-07-31,26,13,0.007828967178560674,0.003914483589280337,0.0013427126686265754
2018-08-01,25,9,0.007527853056308341,0.0027100271002710027,-0.01587796338996051
2018-08-02,27,29,0.008130081300813009,0.008732309545317675,-0.026655060556870364
2018-08-03,26,16,0.007828967178560674,0.004817825956037338,-0.011608915382990156
2018-08-06,18,51,0.005418422636965683,0.015352197471402769,-0.019769688390142984
2018-08-07,46,9,0.013847080072245636,0.0027092113184828417,0.026549294747989192
2018-08-08,26,20,0.007826610475617099,0.006020469596628537,-0.015416062128069513
2018-08-09,39,5,0.011739915713425647,0.0015051173991571343,0.022077637988943587
2018-08-10,27,3,0.008125188083057478,0.0009027986758952753,0.006096349135819151
2018-08-13,27,9,0.008125188083057478,0.002708396027685826,0.0028552626479957407
2018-08-14,22,5,0.0066205236232320195,0.001504664459825459,-0.0004552420662446395
2018-08-15,20,15,0.006018657839301836,0.0045139933794763765,-0.01940717091433569
2018-08-16,16,11,0.004814926271441469,0.0033102618116160097,-0.009979596917653169
2018-08-17,11,23,0.0033102618116160097,0.006921456515197111,-0.018230037118891988
2018-08-20,23,13,0.006921456515197111,0.003912127595546194,0.005667362020136274
2018-08-21,27,5,0.008125188083057478,0.001504664459825459,0.011010463769141068
2018-08-22,18,13,0.005416792055371652,0.003912127595546194,-0.011798484826393367
2018-08-23,21,7,0.006319590731266927,0.0021065302437556425,0.0064844341611803155
2018-08-24,18,7,0.005416792055371652,0.0021065302437556425,-0.002906291257634989
2018-08-27,28,5,0.00842358604091456,0.0015042117930204573,0.020187824093618342
2018-08-28,21,9,0.006313890559230307,0.0027059530968129887,0.001675327531886926
2018-08-29,17,7,0.005111244738424534,0.0021046301864101023,-0.005167725974951014
2018-08-30,11,10,0.003307276007215875,0.003006614552014432,-0.01562847202898764
2018-08-31,13,21,0.003907424105801022,0.0063119927862939585,-0.011140262983378587
2018-09-03,22,7,0.006610576923076923,0.0021033653846153845,-0.0013839309626375556
2018-09-04,32,6,0.009615384615384616,0.0018028846153846155,0.012115521917724217
2018-09-05,23,4,0.006911057692307692,0.001201923076923077,-0.013434667589323712
2018-09-06,20,3,0.006009615384615385,0.0009014423076923077,-0.0027832975026832424
2018-09-07,33,2,0.009915865384615384,0.0006009615384615385,0.0024004766285803084
2018-09-10,20,22,0.006007810153199159,0.006608591168519075,-0.01907977825972462
2018-09-11,17,15,0.005106638630219285,0.0045058576148993695,0.0027966058419907048
2018-09-12,13,7,0.003903903903903904,0.002102102102102102,0.000960624856778974
2018-09-13,23,8,0.006906906906906907,0.0024024024024024023,0.008743964074813638
2018-09-14,15,17,0.0045045045045045045,0.005105105105105105,-0.010170548180155255
2018-09-17,14,20,0.004202942059441609,0.006004202942059442,-0.0164332712885828
2018-09-18,33,8,0.009903961584633853,0.0024009603841536613,0.01750292574611208
2018-09-19,26,4,0.007800780078007801,0.0012001200120012002,0.011011169448100239
2018-09-20,25,8,0.007500750075007501,0.0024002400240024004,-0.002480319338710841
2018-09-21,21,4,0.006296851574212893,0.0011994002998500749,0.012619104001276738
2018-09-25,14,9,0.004196642685851319,0.002697841726618705,-0.0035233079924861226
2018-09-26,25,9,0.007489514679448772,0.0026962252846015576,0.0037289423263887713
2018-09-27,13,25,0.0038945476333133613,0.007489514679448772,-0.01816820694402406
2018-09-28,20,7,0.005991611743559017,0.002097064110245656,0.00968842663811752
2018-10-08,13,38,0.0038945476333133613,0.011384062312762133,-0.03338780879787938
2018-10-09,21,9,0.006291192330736968,0.0026962252846015576,0.003465132488675012
2018-10-10,25,11,0.007489514679448772,0.0032953864589574597,0.00380370782272789
2018-10-11,10,739,0.0029958058717795086,0.2213900539245057,-0.07468633070114106
2018-10-12,23,34,0.00689035350509287,0.01018573996405033,-0.00862600911915511
2018-10-15,20,20,0.005989817310572028,0.005989817310572028,-0.01216391538587099
2018-10-16,14,48,0.004191616766467066,0.01437125748502994,-0.019384549937214536
2018-10-17,24,25,0.00718562874251497,0.0074850299401197605,0.00919163162879485
2018-10-18,13,109,0.0038922155688622755,0.03263473053892216,-0.03076460321835755
2018-10-19,33,14,0.009877282250823106,0.004190362167015863,0.02140345354523209
2018-10-22,188,1,0.05627057767135588,0.000299311583358276,0.04931588889702541
2018-10-23,44,10,0.013165769000598444,0.002992220227408737,-0.013222553173098202
2018-10-24,33,4,0.009874326750448833,0.0011968880909634949,0.0015230312519761036
2018-10-25,34,9,0.010173548773189706,0.0026929982046678637,-0.0063611528413887
2018-10-26,47,8,0.014059228238109482,0.0023930601256356566,0.004875654877425074
2018-10-29,21,35,0.006281782829793599,0.010469638049655998,-0.013626267338112051
2018-10-30,54,8,0.01615315584804068,0.0023930601256356566,0.012250062400142519
2018-10-31,55,5,0.01645228836374514,0.0014956625785222854,0.015476120827249792
2018-11-01,33,4,0.009871373018247084,0.0011965300628178283,0.005424319930578798
2018-11-02,58,6,0.01734968591085851,0.0017947950942267424,0.027792595280808883
2018-11-05,70,2,0.020939276099311996,0.0005982650314089142,0.008021679901985547
2018-11-06,52,12,0.015554890816631767,0.0035895901884534847,-0.002256519186767032
2018-11-07,36,3,0.01076555023923445,0.0008971291866028708,-0.002493787550304495
2018-11-08,53,3,0.015849282296650717,0.0008971291866028708,-0.0013845933167739265
2018-11-09,43,7,0.012855007473841554,0.0020926756352765323,-0.0014712968760498112
2018-11-12,95,1,0.028400597907324365,0.00029895366218236175,0.029256869226299397
2018-11-13,81,1,0.0242152466367713,0.00029895366218236175,0.019271717541581287
2018-11-14,45,8,0.013452914798206279,0.002391629297458894,-0.00012973877098433926
2018-11-15,63,3,0.01882845188284519,0.0008965929468021519,0.01977147397457014
2018-11-16,78,4,0.023304451747833882,0.0011951000896325067,0.010250759357697852
2018-11-19,87,7,0.02599342694950702,0.002091425156856887,0.005325953371613633
2018-11-20,25,39,0.007469375560203167,0.011652225873916941,-0.02695079507250883
2018-11-21,48,5,0.01434120107559008,0.0014938751120406335,0.00858425787522638
2018-11-22,40,6,0.011951000896325068,0.00179265013444876,0.0016848880059286233
2018-11-23,12,101,0.00358530026889752,0.030176277263220794,-0.04391293960578399
2018-11-26,21,22,0.00627427547057066,0.006573050492978787,-0.002676094998451618
2018-11-27,26,1,0.007768150582611294,0.00029877502240812666,0.008009476661659555
2018-11-28,30,3,0.008960573476702509,0.0008960573476702509,0.012042369377820302
2018-11-29,15,23,0.004477611940298508,0.006865671641791045,-0.024874400370304316
2018-11-30,20,6,0.005968367651447329,0.0017905102954341987,0.007130639418292647
2018-12-03,67,2,0.019994031632348554,0.000596836765144733,0.03178016036068732
2018-12-04,31,1,0.00925096985974336,0.0002984183825723665,0.008704729301462284
2018-12-05,21,22,0.0062649164677804296,0.0065632458233890216,-0.007706005980638844
2018-12-06,18,21,0.0053699284009546535,0.0062649164677804296,-0.017361595021664823
2018-12-07,15,8,0.004474940334128878,0.002386634844868735,0.0016141095718598306
2018-12-10,14,12,0.004176610978520286,0.003579952267303103,-0.012455000343322812
2018-12-11,35,2,0.010441527446300716,0.0005966587112171838,0.009318876029307093
2018-12-12,19,3,0.0056682577565632455,0.0008949880668257757,0.0009481743337769178
2018-12-13,18,1,0.0053683268714583956,0.00029824038174768865,0.008996672971017344
2018-12-14,8,20,0.0023859230539815092,0.005964807634953773,-0.025290511062259775
2018-12-17,21,6,0.006263048016701462,0.001789442290486132,0.0010179808488126624
2018-12-18,11,4,0.003280644199224575,0.0011929615269907546,-0.006491920619232562
2018-12-19,16,4,0.0047718461079630185,0.0011929615269907546,-0.01221283761807082
2018-12-20,19,10,0.0056665672532060845,0.0029824038174768863,0.00521512053917108
2018-12-21,12,9,0.003578884580972264,0.0026841634357291978,-0.006804988154743114
2018-12-24,23,6,0.006857483601669648,0.0017889087656529517,0.009604486851643846
2018-12-25,26,8,0.007751937984496124,0.002385211687537269,-0.010903355381670563
2018-12-26,24,5,0.007155635062611807,0.0014907573047107932,-0.0013344182432906318
2018-12-27,15,19,0.004472271914132379,0.005664877757901014,-0.01566477095403002
2018-12-28,16,4,0.004767580452920143,0.0011918951132300357,0.0005184249790385135
2019-01-02,24,13,0.007151370679380214,0.0038736591179976162,-0.0025301069873937296
2019-01-03,27,17,0.00804289544235925,0.00506404527852249,-0.00585939793539654
2019-01-04,58,1,0.017277330950253203,0.0002978850163836759,0.02521999438051787
2019-01-07,64,0,0.019064641048555257,0.0,0.020287721888148418
2019-01-08,37,2,0.011015183090205419,0.0005954153021732659,-0.0008348186693621325
2019-01-09,49,0,0.014587674903245014,0.0,0.003197345766443264
2019-01-10,32,4,0.009526644834772254,0.0011908306043465317,-0.001313797056658177
2019-01-11,43,2,0.012797619047619047,0.0005952380952380953,0.009030216948059722
2019-01-14,33,8,0.009821428571428571,0.002380952380952381,-0.005962530467090616
2019-01-15,34,5,0.01011904761904762,0.001488095238095238,0.011753484274066894
2019-01-16,27,2,0.008030933967876264,0.000594883997620464,-0.001710674261875044
2019-01-17,26,3,0.0077288941736028535,0.0008917954815695601,-0.010056564462565544
2019-01-18,26,8,0.007726597325408618,0.00237741456166419,0.006421633656008501
2019-01-21,29,3,0.00861556743909685,0.00089126559714795,0.006361239049363597
2019-01-22,25,0,0.007425007425007425,0.0,-0.009218074874847989
2019-01-23,34,5,0.010095011876484561,0.0014845605700712589,0.0022936958116260278
2019-01-24,35,4,0.010391923990498812,0.0011876484560570072,0.0047660166862794826
2019-01-25,31,17,0.009201543484713566,0.0050460077174235675,-0.0076919981386857844
2019-01-28,18,20,0.005341246290801187,0.005934718100890208,-0.007358691333480206
2019-01-29,18,36,0.005339661821417977,0.010679323642835954,-0.019588276898652567
2019-01-30,14,56,0.004151838671411625,0.0166073546856465,-0.014577266730956821
2019-01-31,9,99,0.0026690391459074734,0.029359430604982206,-0.018003684760929537
2019-02-01,44,8,0.013044767269493033,0.0023717758671805513,0.027767156417924307
2019-02-11,60,3,0.017788319003854136,0.0008894159501927068,0.027250862798857578
2019-02-12,57,0,0.01689890305366143,0.0,0.014371531559652663
2019-02-13,54,1,0.016009487103468723,0.0002964719833975689,0.01801492085848108
2019-02-14,34,1,0.010080047435517344,0.0002964719833975689,0.005243776001150604
2019-02-15,38,1,0.011262596324836989,0.0002963841138114997,-0.0010420818400187078
2019-02-18,84,1,0.024888888888888887,0.0002962962962962963,0.03384627063525259
2019-02-19,57,0,0.016888888888888887,0.0,0.003594047730116547
2019-02-20,42,0,0.012444444444444444,0.0,0.00260636263855821
2019-02-21,53,1,0.015703703703703702,0.0002962962962962963,-0.0029370844317299157
2019-02-22,111,1,0.03286941071957358,0.0002961208172934557,0.021702895432813986
2019-02-25,243,0,0.07195735860230974,0.0,0.050269728248198337
2019-02-26,74,10,0.021906453522794554,0.002960331557134399,-0.0009318420006113092
2019-02-27,65,15,0.019242155121373596,0.004440497335701598,-0.001250169720346339
2019-02-28,34,24,0.010065127294256957,0.007104795737122558,0.004974088941531588
2019-03-01,41,0,0.01213376738680083,0.0,0.006596966880839329
2019-03-04,96,0,0.02841077241787511,0.0,0.018021905754220673
2019-03-05,148,0,0.043799940810890794,0.0,0.026337742154923988
2019-03-06,150,0,0.04439183190292986,0.0,0.021820270040727303
2019-03-07,172,0,0.050902633915359576,0.0,0.017097918408078325
2019-03-08,48,218,0.014205386208937555,0.06451612903225806,-0.04557211414639082
2019-03-11,208,4,0.06153846153846154,0.001183431952662722,0.042469512426568386
2019-03-12,128,0,0.0378698224852071,0.0,0.01913934685950787
2019-03-13,56,44,0.016568047337278107,0.01301775147928994,-0.018586465361077335
2019-03-14,27,80,0.007985803016858917,0.023661638568470866,-0.027684396477097258
2019-03-15,80,4,0.02365464222353637,0.0011827321111768185,0.0162300210185968
2019-03-18,88,3,0.026020106445890007,0.0008870490833826139,0.02378199763160439
2019-03-19,62,2,0.01832692876145433,0.0005911912503694946,0.004387502335695015
2019-03-20,69,3,0.02039609813774756,0.0008867868755542418,0.0011828755994597827
2019-03-21,80,1,0.02364765001477978,0.0002955956251847473,0.011531363771216397
2019-03-22,82,3,0.024231678486997636,0.0008865248226950354,0.005647238477213057
2019-03-25,71,9,0.020974889217134418,0.002658788774002954,-0.008559911529068775
2019-03-26,29,42,0.008562149394744612,0.012400354295837024,-0.02575190502866717
2019-03-27,76,7,0.02243873634484795,0.002066725715972837,0.007463092650513299
2019-03-28,35,46,0.010330578512396695,0.01357733175914994,-0.013109925392658877
2019-03-29,66,2,0.01947477131897315,0.0005901445854234287,0.026715002909134988
2019-04-01,125,1,0.036884036588964296,0.00029507229271171436,0.03571028835793307
2019-04-02,72,2,0.021238938053097345,0.0005899705014749262,0.0061782649439178754
2019-04-03,82,5,0.024188790560471976,0.0014749262536873156,0.011614196411247708
2019-04-04,79,1,0.023303834808259587,0.0002949852507374631,0.00444224277699884
2019-04-08,101,6,0.029793510324483775,0.0017699115044247787,-0.0026346422504446966
2019-04-09,61,5,0.01799410029498525,0.0014749262536873156,0.004283134359977484
2019-04-10,60,5,0.017699115044247787,0.0014749262536873156,-0.0006255105181298419
2019-04-11,53,13,0.015634218289085546,0.0038348082595870206,-0.01735490291171579
2019-04-12,51,26,0.015039811265113535,0.007667354762606901,-0.00018461746708813476
2019-04-15,27,15,0.007957559681697613,0.004420866489832007,-0.007759311900730107
2019-04-16,67,9,0.019740718915733646,0.0026517383618149676,0.019563059093640745
2019-04-17,79,4,0.023276370064820272,0.0011785503830288745,0.008574184565043068
2019-04-18,44,5,0.01296405421331762,0.0014731879787860931,-0.005814784045998301
2019-04-19,52,4,0.015316642120765831,0.00117820324005891,0.007226242816242107
2019-04-22,40,22,0.011778563015312132,0.006478209658421673,-0.012590195895623648
2019-04-23,30,47,0.0088339222614841,0.013839811542991754,-0.018111007471384624
2019-04-24,52,11,0.015312131919905771,0.0032391048292108363,0.009348982494042066
2019-04-25,16,98,0.0047100382690609364,0.028848984397998233,-0.03993544607539299
2019-04-26,30,58,0.008828722778104767,0.017068864037669218,-0.012337367741281151
2019-04-29,17,233,0.005001471020888497,0.06854957340394234,-0.035589845343852476
2019-04-30,52,42,0.015298617240364814,0.01235657546337158,0.010611171114697678
2019-05-06,18,772,0.00529567519858782,0.2271256251838776,-0.07419453702193166
2019-05-07,81,18,0.02383053839364519,0.00529567519858782,0.015297803698097807
2019-05-08,44,34,0.012941176470588235,0.01,-0.002136218168349695
2019-05-09,29,37,0.008526903851808291,0.010879153190238165,-0.008348590465991491
2019-05-10,97,5,0.028512639623750734,0.0014697236919459142,0.03491910993854044
2019-05-13,39,14,0.01146384479717813,0.00411522633744856,-0.005659539310097648
2019-05-14,35,14,0.0102880658436214,0.00411522633744856,-0.007701780624778044
2019-05-15,81,5,0.023802527181898327,0.0014692918013517484,0.021352606009266646
2019-05-16,57,9,0.016740088105726872,0.0026431718061674008,0.006973849318540891
2019-05-17,26,63,0.007633587786259542,0.01849677040516735,-0.036330177639694226
2019-05-20,29,56,0.008514386376981797,0.01644157369348209,-0.003678838429894893
2019-05-21,57,11,0.016730261226885822,0.003228646903434106,0.016927285702840914
2019-05-22,24,10,0.007040187738339689,0.002933411557641537,-0.005754068510929604
2019-05-23,20,42,0.005863383172090296,0.012313104661389622,-0.02273718083951466
2019-05-24,23,25,0.0067428906479038405,0.00732922896511287,-0.007047448671164573
2019-05-27,60,10,0.01759014951627089,0.002931691586045148,0.026898086708937327
2019-05-28,48,17,0.014072119613016711,0.004983875696276752,0.00017433617006174456
2019-05-29,46,16,0.013485781295807681,0.004690706537672237,0.0034582667734282947
2019-05-30,42,30,0.012313104661389622,0.008795074758135445,-0.007027037869456819
2019-05-31,43,17,0.012602579132473623,0.004982415005861665,5.319622342616934e-05
2019-06-03,26,44,0.0076201641266119575,0.012895662368112544,-0.014660022953687967
2019-06-04,22,35,0.006447831184056272,0.010257913247362251,-0.015849321921576672
2019-06-05,39,25,0.011430246189917937,0.007327080890973036,0.0005466265846508683
2019-06-06,14,60,0.004101963082332259,0.017579841781423966,-0.02561515745509582
2019-06-10,46,24,0.013477878699091709,0.007031936712569587,0.010568679775333364
2019-06-11,88,10,0.025783767946088484,0.002929973630237328,0.03534326726267599
2019-06-12,42,19,0.012305889246996778,0.005566949897450923,-0.004997815263909923
2019-06-13,50,13,0.01464986815118664,0.003808965719308526,0.005646998524695265
2019-06-14,12,28,0.0035149384885764497,0.008201523140011716,-0.02255366500687172
2019-06-17,37,17,0.010837727006444054,0.00497949619214997,0.0006576307925143385
2019-06-18,31,18,0.009077598828696925,0.005270863836017569,-0.0017718841323012115
2019-06-19,54,8,0.015807962529274005,0.00234192037470726,0.013562560306609302
2019-06-20,49,9,0.01434006438396254,0.0026338893766461808,0.014653803568548807
2019-06-21,39,8,0.011406844106463879,0.00233986545773618,0.017821570587433132
2019-06-24,40,7,0.011699327288680901,0.0020473822755191578,-0.0007104448288984972
2019-06-25,26,15,0.0076045627376425855,0.004387247733255338,-0.009813943284619828
2019-06-26,19,19,0.005555555555555556,0.005555555555555556,-0.0005669304615794893
2019-06-27,36,5,0.010523238819058756,0.0014615609470914938,0.006226714649019398
2019-06-28,17,21,0.004967855055523086,0.0061367621274108705,-0.014335404491063429
2019-07-01,67,4,0.019579193454120396,0.0011689070718877848,0.02837593983117518
2019-07-02,22,8,0.006428988895382817,0.0023378141437755697,0.000186769380849606
2019-07-03,20,12,0.0058445353594389245,0.0035067212156633548,-0.00999175661860666
2019-07-04,24,15,0.0070134424313267095,0.004383401519579193,-0.003955760842124366
2019-07-05,29,9,0.008469626168224298,0.002628504672897196,0.0034385847123532876
2019-07-08,13,38,0.003796728971962617,0.011098130841121495,-0.034283174421548934
2019-07-09,27,9,0.007885514018691588,0.002628504672897196,0.0032199162005482913
2019-07-10,19,12,0.005549065420560747,0.0035046728971962616,-0.006963281642023887
2019-07-11,22,11,0.006425233644859813,0.0032126168224299065,-0.0003318403743565816
2019-07-12,23,10,0.006715328467153284,0.00291970802919708,0.002589184063079466
2019-07-15,23,10,0.006713368359603036,0.002918855808523059,0.009138411266474963
2019-07-16,21,2,0.00612780857893201,0.0005836008170411438,0.0030484432933190007
2019-07-17,24,2,0.007003209804493727,0.0005836008170411438,0.00029772066354932065
2019-07-18,13,9,0.003793405310767435,0.0026262036766851473,-0.01819751941132184
2019-07-19,12,5,0.003500583430571762,0.0014585764294049008,0.005059319279327415
2019-07-22,9,53,0.0026064291920069507,0.015348971908485375,-0.02838360055206556
2019-07-23,29,6,0.008396062536189925,0.0017371163867979154,0.012126868523498986
2019-07-24,29,2,0.008396062536189925,0.0005790387955993051,0.013201707714787835
2019-07-25,20,1,0.005788712011577424,0.0002894356005788712,0.0034385549372010996
2019-07-26,26,3,0.007520971940989297,0.0008678044547295343,0.0005697303048189686
2019-07-29,21,3,0.006072874493927126,0.0008675534991324465,0.00046029294856523016
2019-07-30,25,1,0.007227522405319456,0.0002891008962127783,0.005083250097287932
2019-07-31,18,5,0.005203816131830009,0.0014455044810638912,-0.005652606901471733
2019-08-01,24,3,0.006938421509106678,0.0008673026886383347,-0.00254147362768874
2019-08-02,17,5,0.004913294797687861,0.001445086705202312,-0.015235720503091117
2019-08-05,25,3,0.00722334585379948,0.0008668015024559376,-0.010174648194618162
2019-08-06,14,32,0.004043905257076834,0.00924321201617562,-0.02805783669809669
2019-08-07,27,13,0.00779896013864818,0.003755054881571346,-0.0028410647503410843
2019-08-08,22,9,0.006351039260969977,0.002598152424942263,0.005636089405642691
2019-08-09,15,4,0.004327755337564916,0.001154068090017311,-0.011403960834401834
2019-08-12,35,1,0.010095183155465821,0.00028843380444188056,0.0165082402570486
2019-08-13,21,3,0.006057109893279493,0.0008653014133256418,-0.005217167135779254
2019-08-14,25,2,0.007210845111047015,0.0005768676088837611,0.006304453057615057
2019-08-15,26,3,0.007497116493656286,0.0008650519031141869,0.0031607334548420826
2019-08-16,31,4,0.008938869665513265,0.0011534025374855825,0.00462872368346469
2019-08-19,75,3,0.02162629757785467,0.0008650519031141869,0.030038872455679565
2019-08-20,42,4,0.012110726643598616,0.0011534025374855825,0.0024095399607221195
2019-08-21,31,5,0.008938869665513265,0.0014417531718569781,0.0004372412025942992
2019-08-22,34,2,0.00980392156862745,0.0005767012687427913,0.003828141503361386
2019-08-23,31,3,0.008936292879792447,0.0008648025367541078,-0.003079036824572482
2019-08-26,32,9,0.009219245174301354,0.0025929127052722557,-0.006933425775263941
2019-08-27,44,1,0.012676462114664363,0.0002881014116969173,0.0182925106745625
2019-08-28,46,6,0.013245033112582781,0.0017276130146847107,8.79203197811475e-05
2019-08-29,31,0,0.008926000575871005,0.0,-0.0006725086623130639
2019-08-30,23,14,0.006620610247553253,0.004029936672423719,-0.013941545382414008
2019-09-02,51,0,0.01468048359240069,0.0,0.023874158531241058
2019-09-03,40,1,0.011514104778353483,0.0002878526194588371,0.007240573531190772
2019-09-04,40,0,0.011514104778353483,0.0,0.007914142586355519
2019-09-05,36,0,0.010359712230215827,0.0,0.009063623895170788
2019-09-06,30,2,0.00863060989643268,0.0005753739930955121,0.0042458286890119925
2019-09-09,48,1,0.013805004314063849,0.0002876042565429968,0.020577861284196586
2019-09-10,36,0,0.010353753235547885,0.0,0.0023856685175159733
2019-09-11,23,3,0.006614897900488927,0.0008628127696289905,-0.005574088921554655
2019-09-12,29,3,0.008340523439746908,0.0008628127696289905,0.00627971514710295
2019-09-16,26,1,0.007477710670117918,0.0002876042565429968,0.004067369204324516
2019-09-17,21,3,0.0060379528464634845,0.0008625646923519264,-0.022006408383825747
2019-09-18,25,2,0.00718803910293272,0.0005750431282346176,0.0017093747813930558
2019-09-19,38,0,0.010925819436457734,0.0,0.011157596389351434
2019-09-20,29,2,0.008335728657660248,0.0005748778384593274,0.0009625758465703536
2019-09-23,24,6,0.006898534061511929,0.0017246335153779822,-0.00811731690986345
2019-09-24,27,3,0.0077608508192009195,0.0008623167576889911,0.002726501990689067
2019-09-25,26,14,0.007469118069520253,0.004021832806664752,-0.018243565246702072
2019-09-26,17,58,0.004883654122378627,0.016661878770468257,-0.02737884555091636
2019-09-27,27,10,0.007754164273406089,0.002871912693854107,0.008977344477383182
2019-09-30,9,21,0.002582496413199426,0.006025824964131995,-0.01112198127762294
2019-10-08,19,12,0.0054519368723099,0.003443328550932568,0.001166944027137108
2019-10-09,26,5,0.007460545193687231,0.0014347202295552368,0.009699611320660138
2019-10-10,35,2,0.010043041606886656,0.0005738880918220947,0.012607815415848322
2019-10-11,29,6,0.008321377331420373,0.001721664275466284,0.0018448830965023567
2019-10-14,51,1,0.014629948364888123,0.00028686173264486515,0.01506229170532644
2019-10-15,27,23,0.007743045597935188,0.00659592773157442,-0.010600004641734216
2019-10-16,16,10,0.004588471465443074,0.0028677946659019216,-0.006060258741965867
2019-10-17,17,5,0.004875250932033267,0.0014338973329509608,-0.0018059931850221069
2019-10-18,18,6,0.005160550458715597,0.0017201834862385322,-0.011980035405826721
2019-10-21,12,15,0.0034393809114359416,0.004299226139294927,-0.004240347293371515
2019-10-22,24,4,0.006876790830945559,0.001146131805157593,0.011183859834217231
2019-10-23,20,2,0.0057306590257879654,0.0005730659025787965,-0.004928102125632047
2019-10-24,19,9,0.0054441260744985676,0.0025787965616045844,-0.0007880508725867063
2019-10-25,22,4,0.006300114547537228,0.001145475372279496,0.005929090703296358
2019-10-28,85,7,0.024327418431597022,0.002003434459072696,0.01745284475059496
2019-10-29,28,17,0.008009153318077803,0.004862700228832952,-0.014574120617079332
2019-10-30,15,27,0.004288164665523156,0.007718696397941681,-0.012539199225655672
2019-10-31,12,28,0.0034285714285714284,0.008,-0.011448051985901937
2019-11-01,19,6,0.005425471159337522,0.0017133066818960593,0.009565822279834827
2019-11-04,19,3,0.005425471159337522,0.0008566533409480297,0.0032779730304210593
2019-11-05,9,5,0.0025662959794696323,0.00142571998859424,0.0010708422672925997
2019-11-06,13,11,0.003701594533029613,0.003132118451025057,-0.008638008941779908
2019-11-07,20,1,0.0056947608200455585,0.0002847380410022779,0.006780159028295194
2019-11-08,21,4,0.005974395448079659,0.0011379800853485065,-0.0019392686241823495
2019-11-11,13,16,0.003697383390216155,0.004550625711035267,-0.02527499158215328
2019-11-12,24,2,0.006825938566552901,0.0005688282138794084,0.003245826631920109
2019-11-13,24,10,0.006825938566552901,0.002844141069397042,-0.0033510334245664287
2019-11-14,27,4,0.007676997441000853,0.0011373329542223485,0.005967418529518854
2019-11-15,13,23,0.003693181818181818,0.006534090909090909,-0.012704492683374983
2019-11-18,21,6,0.00596252129471891,0.0017035775127768314,0.0069361476513894234
2019-11-19,37,1,0.010505394662123793,0.00028392958546280523,0.017209158996415785
2019-11-20,23,1,0.006528526823729776,0.0002838489923360772,-0.006415797810025191
2019-11-21,15,1,0.00425531914893617,0.00028368794326241134,-0.0006344640386558295
2019-11-22,14,8,0.003970504821327283,0.0022688598979013048,-0.008200745613477715
2019-11-25,27,21,0.007653061224489796,0.005952380952380952,-0.0028505927486596953
2019-11-26,15,7,0.004250495891187305,0.0019835647492207425,-0.001328790063250003
2019-11-27,14,5,0.003967129498441485,0.0014168319637291016,-0.0009390810049641144
2019-11-28,18,5,0.0050991501416430595,0.00141643059490085,-0.0027787671348737707
2019-11-29,17,4,0.004814500141602946,0.0011328235627301047,0.0013710466720165844
2019-12-02,19,4,0.005379388448471121,0.0011325028312570782,0.0015522519474663722
2019-12-03,16,3,0.004526166902404526,0.0008486562942008486,0.00597243296967315
2019-12-04,24,2,0.006783493499152063,0.0005652911249293386,0.0017852411281588283
2019-12-05,25,2,0.007064142413111049,0.0005651313930488839,0.010001389325674395
2019-12-06,27,2,0.007627118644067797,0.0005649717514124294,0.006245414690648708
2019-12-09,18,6,0.005081874647092038,0.0016939582156973462,0.0033119995727568592
2019-12-10,31,1,0.008749647191645497,0.0002822466836014677,0.005540938498297023
2019-12-11,25,2,0.007052186177715092,0.0005641748942172073,-0.0025629392707313906
2019-12-12,26,7,0.007334273624823695,0.0019746121297602257,-0.001962428362982151
2019-12-13,25,2,0.007052186177715092,0.0005641748942172073,0.01144446562260206
2019-12-16,36,0,0.01015228426395939,0.0,0.016312973424638385
2019-12-17,31,0,0.008737316798196167,0.0,0.012417994470236542
2019-12-18,36,0,0.010146561443066516,0.0,0.0029631648892404637
2019-12-19,34,3,0.009577464788732394,0.0008450704225352113,0.005962498274655985
2019-12-20,35,2,0.009856378484933821,0.000563221627710504,-0.008307132010862481
2019-12-23,17,22,0.004786036036036036,0.006193693693693694,-0.020097443086381388
2019-12-24,37,3,0.010413734871939206,0.0008443568815085843,0.01591433770409393
2019-12-25,24,4,0.006754855052068675,0.001125809175344779,0.003251326400214715
2019-12-26,38,0,0.010692177827799663,0.0,0.00865395027636959
2019-12-27,31,7,0.008720112517580873,0.001969057665260197,-0.0060633858651223844
2019-12-30,39,8,0.010964295754849593,0.002249086308687096,0.005127960459609372
2019-12-31,40,2,0.011242270938729624,0.0005621135469364812,0.005905501761610746
2020-01-02,65,0,0.018268690275435637,0.0,0.018414621294611758
2020-01-03,45,2,0.012647554806070826,0.0005621135469364812,0.005018011008309103
2020-01-06,59,2,0.016568379668632408,0.0005616399887672002,0.007184842311194601
2020-01-07,59,1,0.016568379668632408,0.0002808199943836001,0.013483086537198225
2020-01-08,35,8,0.009828699803426004,0.002246559955068801,-0.013092310077874323
2020-01-09,42,2,0.011791128579449747,0.0005614823133071309,0.015235038407755802
2020-01-10,27,7,0.007580011229646266,0.0019651880965749578,-0.0022058775546364455
2020-01-13,52,5,0.014594442885209093,0.0014033118158854898,0.010579211154842632
2020-01-14,34,6,0.009537166900420757,0.0016830294530154279,0.0002247769621889853
2020-01-15,26,6,0.007291082445316881,0.0016825574873808188,-0.0045725979672330466
2020-01-16,27,3,0.007569386038687973,0.0008410428931875525,-0.00317318837291489
2020-01-17,28,8,0.007847533632286996,0.002242152466367713,-0.002209501383015335
2020-01-20,56,7,0.015690669655365648,0.001961333706920706,0.009588634664937186
2020-01-21,44,17,0.012324929971988795,0.004761904761904762,-0.011569479926816225
2020-01-22,31,16,0.008681041725007001,0.004480537664519743,0.0011993919676083343
2020-01-23,21,57,0.0058757694459988805,0.01594851706771125,-0.03362078754608539
2020-02-03,62,2316,0.017347509792949075,0.6480134303301622,-0.08856645139843235
2020-02-04,111,61,0.03104895104895105,0.017062937062937062,-0.003966375543110658
2020-02-05,125,1,0.0349454850433324,0.0002795638803466592,0.02719143796591303
2020-02-06,171,0,0.04779206260480715,0.0,0.02628626028667841
2020-02-07,115,3,0.03213188041352333,0.0008382229673093043,0.012020939856095264
2020-02-10,123,26,0.03435754189944134,0.007262569832402235,0.01612697597769749
2020-02-11,47,32,0.013121161362367392,0.00893355667225014,-0.005495586474930911
2020-02-12,72,0,0.020089285714285716,0.0,0.016825699844400938
2020-02-13,40,6,0.011154489682097044,0.0016731734523145567,-0.009247789935145797
2020-02-14,42,4,0.011712214166201896,0.0011154489682097045,0.001908782111496617
2020-02-17,109,0,0.030387510454418735,0.0,0.03398854244926515
2020-02-18,82,1,0.022847589857899135,0.00027862914460852607,0.016987288689138635
2020-02-19,73,12,0.020339927556422402,0.0033435497353023124,-0.005263205338081206
2020-02-20,79,1,0.02201170242407356,0.00027862914460852607,0.01783582433436183
2020-02-21,71,0,0.019766146993318485,0.0,0.010146088541963135
2020-02-24,120,0,0.03339827442248817,0.0,0.012502528088011142
2020-02-25,110,0,0.030615084887280822,0.0,-0.002061605370173352
2020-02-26,69,59,0.019198664440734557,0.016416249304396217,-0.015196169582521587
2020-02-27,69,22,0.019193324061196105,0.00611961057023644,0.002641859481763535
2020-02-28,36,211,0.010013908205841447,0.058692628650904036,-0.05283037195127807
2020-03-02,170,0,0.047274749721913235,0.0,0.0416024869900994
2020-03-03,82,1,0.022803114571746386,0.00027808676307007786,0.012342740170434564
2020-03-04,73,5,0.020300333704115683,0.0013904338153503894,0.010121796273432836
2020-03-05,121,1,0.03364849833147942,0.00027808676307007786,0.018332050225386417
2020-03-06,83,3,0.02307478454267445,0.0008340283569641367,-0.0017058925579172908
2020-03-09,61,66,0.016958576591604116,0.01834862385321101,-0.03280308330716617
2020-03-10,92,20,0.02556976097832129,0.005558643690939411,0.02135377072771708
2020-03-11,58,9,0.016120066703724293,0.0025013896609227346,-0.008839477668102913
2020-03-12,40,21,0.011111111111111112,0.005833333333333334,-0.01879889574935444
2020-03-13,54,25,0.014995834490419328,0.0069425159677867256,-0.01176981905030422
2020-03-16,31,124,0.00860871980005554,0.03443487920022216,-0.038326066762377244
2020-03-17,50,21,0.0138811771238201,0.005830094392004442,-0.0022951379048911013
2020-03-18,33,21,0.009161576901721266,0.005830094392004442,-0.015520723233470162
2020-03-19,59,18,0.01637524285317791,0.004995836802664446,0.007724494617784221
2020-03-20,73,10,0.02025527192008879,0.002774694783573807,0.014203807312891331
2020-03-23,31,118,0.008599167822468794,0.03273231622746186,-0.038305908203489746
2020-03-24,59,13,0.01636615811373093,0.0036061026352288486,0.01928451385192282
2020-03-25,82,2,0.02274618585298197,0.0005547850208044383,0.023360614346808216
2020-03-26,37,9,0.010260676650027731,0.0024958402662229617,-0.009725056347315424
2020-03-27,37,13,0.0102549889135255,0.0036031042128603103,-0.003807549917249898
2020-03-30,31,32,0.008592017738359202,0.008869179600886918,-0.021710059644636404
2020-03-31,53,9,0.014689578713968959,0.0024944567627494456,0.00020123209401075206
2020-04-01,23,21,0.006374722838137472,0.00582039911308204,-0.00567161289614341
2020-04-02,59,6,0.016352549889135256,0.0016629711751662971,0.02125938527566636
2020-04-03,53,4,0.014685508451094486,0.0011083402604599613,-0.005029310220704286
2020-04-07,101,0,0.027977839335180055,0.0,0.030995759450531162
2020-04-08,56,2,0.015508169482137912,0.0005538631957906397,0.004628016110188909
2020-04-09,58,7,0.016053141433711598,0.0019374481040686411,0.008309574499035514
2020-04-10,27,23,0.007470946319867183,0.0063641394576646375,-0.023027277052865665
2020-04-13,37,22,0.010237963475373547,0.006087437742114001,-0.007838218236090596
2020-04-14,59,1,0.01632540121748755,0.0002767017155506364,0.01794698111605825
2020-04-15,34,3,0.009402654867256638,0.000829646017699115,-0.005950486808953354
2020-04-16,49,6,0.013547138512579486,0.0016588332872546309,0.004388212526699196
2020-04-17,31,6,0.00856590218292346,0.0016579165515335729,-0.0003018044186049759
2020-04-20,59,1,0.016298342541436465,0.00027624309392265195,0.011314954239799042
2020-04-21,44,3,0.012147984538928768,0.0008282716731087797,-0.0048842092644545655
2020-04-22,79,8,0.021799116997792495,0.002207505518763797,0.009327740021605925
2020-04-23,54,9,0.014900662251655629,0.0024834437086092716,-0.003498561850759986
2020-04-24,28,48,0.007724137931034483,0.013241379310344827,-0.017159422242643135
2020-04-27,37,48,0.01020408163265306,0.013237727523441808,-0.006537865093188123
2020-04-28,24,51,0.006615214994487321,0.014057331863285557,-0.02052577003562546
2020-04-29,40,25,0.01101624896722666,0.006885155604516662,-0.0014417045495529446
2020-04-30,68,21,0.018722466960352423,0.005781938325991189,0.02122459631583759
2020-05-06,73,18,0.020093586567575008,0.00495458298926507,0.01798960825096424
2020-05-07,44,14,0.012104539202200825,0.0038514442916093533,-0.0018462959742524096
2020-05-08,50,8,0.013751375137513752,0.0022002200220022,0.010719370567951424
2020-05-11,42,5,0.01154797910365686,0.0013747594171020072,0.0005119818865182211
2020-05-12,42,8,0.01154480483782298,0.0021990104452996153,-0.00013185433805092936
2020-05-13,52,10,0.014293567894447499,0.002748763056624519,0.005660359398940997
2020-05-14,35,8,0.009620670698185816,0.0021990104452996153,-0.008140616300021365
2020-05-15,43,11,0.011819681143485432,0.0030236393622869707,0.0025836906606661156
2020-05-18,49,25,0.013457841252403187,0.006866245536940401,-0.00392428984602346
2020-05-19,61,11,0.016749038989566173,0.0030203185063152112,0.01119407682971532
2020-05-20,50,22,0.01372495196266813,0.0060389788635739775,-0.008471148573076253
2020-05-21,37,26,0.010153677277716796,0.007135016465422613,-0.010133079269120458
2020-05-22,33,30,0.00905349794238683,0.00823045267489712,-0.016598833848329685
2020-05-25,35,26,0.009596928982725527,0.007129147244310392,-0.0013926457910705874
2020-05-26,78,18,0.02138157894736842,0.004934210526315789,0.019558580377528365
2020-05-27,54,11,0.014802631578947368,0.0030153508771929823,-0.002853209511456972
2020-05-28,34,28,0.009315068493150684,0.007671232876712329,-0.004662292695779409
2020-05-29,55,16,0.015068493150684932,0.004383561643835616,0.006318546365779242
2020-06-01,103,16,0.02821144891810463,0.004382360996987127,0.026275336295997383
2020-06-02,67,19,0.01834108951546674,0.005201204489460717,0.004771047629304395
2020-06-03,62,12,0.016967706622879036,0.003284072249589491,-0.00023032617058729412
2020-06-04,61,19,0.016694033935413247,0.005199781061850027,0.0027562475643969396
2020-06-05,45,28,0.012308533916849015,0.007658643326039387,-0.0010253504381446173
2020-06-08,39,28,0.01065864990434545,0.007652364033889041,-0.00216503392890616
2020-06-09,47,15,0.012841530054644808,0.004098360655737705,0.0036349028812062106
2020-06-10,31,10,0.008465319497542327,0.002730748225013654,-0.0027389404247883907
2020-06-11,41,10,0.01119606772255598,0.002730748225013654,-0.0035158739636826355
2020-06-12,46,17,0.012558012558012558,0.004641004641004641,0.00012656917997502876
2020-06-15,53,16,0.014469014469014468,0.004368004368004368,-0.0020428737804331727
2020-06-16,45,10,0.01227830832196453,0.002728512960436562,0.016348883555255538
2020-06-17,50,14,0.013642564802182811,0.003819918144611187,0.003998328460829862
2020-06-18,36,21,0.00981728933733297,0.005726752113444232,-0.0017394634134319134
2020-06-19,48,11,0.013082583810302535,0.002998092123194331,0.004050841115504629
2020-06-22,39,14,0.010623808226641242,0.003813674748025061,0.001833392286424926
2020-06-23,34,18,0.009261781530918006,0.00490329610460365,-0.0016800055187261357
2020-06-24,25,18,0.006810133478616181,0.00490329610460365,-0.0030948953034783504
2020-06-29,37,16,0.010073509392866867,0.004356112169888375,-0.005327264015726261
2020-06-30,62,9,0.016870748299319727,0.0024489795918367346,0.014859521689508687
2020-07-01,50,12,0.013598041881968996,0.003263530051672559,0.0049450658009122005
2020-07-02,69,3,0.018760195758564437,0.0008156606851549756,0.013695649460891983
2020-07-03,73,12,0.01983695652173913,0.003260869565217391,0.010872957543354413
2020-07-06,165,5,0.04483695652173913,0.001358695652173913,0.03887628829071321
2020-07-07,92,3,0.024993208367291495,0.0008149959250203749,0.009933227068631395
2020-07-08,124,5,0.033659066232356136,0.0013572204125950054,0.020792370871188966
2020-07-09,146,6,0.0396093326098752,0.0016277807921866521,0.02605560503068323
2020-07-10,95,13,0.025752236378422336,0.0035239902412577935,-0.006855623356193845
2020-07-13,184,6,0.04985098889189921,0.001625575724735844,0.032832184857190715
2020-07-14,89,14,0.024106175514626217,0.003791982665222102,-0.004391574855479372
2020-07-15,64,70,0.017325392528424473,0.018949648077964266,-0.02568230133607685
2020-07-16,20,175,0.005409791723018664,0.047335677576413306,-0.04508826028525359
2020-07-17,45,36,0.012162162162162163,0.00972972972972973,0.001646150415067254
2020-07-20,139,4,0.03753713205509047,0.001080205238995409,0.03426284176153973
2020-07-21,66,10,0.017818574514038878,0.0026997840172786176,0.0047704212401193085
2020-07-22,54,1,0.014547413793103448,0.00026939655172413793,0.005017788099431337
2020-07-23,50,2,0.013466199838405602,0.0005386479935362241,-0.002381923270711809
2020-07-24,25,87,0.006731287022078622,0.023424878836833602,-0.040910176359934436
2020-07-27,50,17,0.013455328310010764,0.00457481162540366,0.0003524730792614569
2020-07-28,52,7,0.013989776701641109,0.0018832391713747645,0.011594912453152535
2020-07-29,77,0,0.020710059171597635,0.0,0.02449170720085873
2020-07-30,78,2,0.020967741935483872,0.0005376344086021505,9.22325079113598e-06
2020-07-31,88,0,0.023624161073825502,0.0,0.01245446330402639
2020-08-03,181,0,0.04856452911188624,0.0,0.029980632663128656
2020-08-04,74,14,0.01984978540772532,0.0037553648068669528,-0.004471283025900019
2020-08-05,99,1,0.026541554959785524,0.00026809651474530834,0.010335593632850972
2020-08-06,83,8,0.022240085744908895,0.0021436227224008574,-0.0013958118178510124
2020-08-07,59,10,0.01580074986609534,0.002678093197643278,-0.012350518144368355
2020-08-10,93,17,0.024892933618843684,0.004550321199143469,0.008039035479929176
2020-08-11,37,23,0.009898341359015517,0.006153023006955591,-0.018269755034375813
2020-08-12,46,21,0.012296177492649024,0.0056134723336006415,-0.007042017135191269
2020-08-13,63,12,0.016835916622127203,0.003206841261357563,0.005887306609461519
2020-08-14,40,21,0.010689470871191877,0.005611972207375735,0.0075985814597984295
2020-08-17,78,5,0.020816653322658127,0.0013344008540165466,0.019033869887284737
2020-08-18,73,1,0.019461476939482806,0.00026659557451346307,0.007827535464660983
2020-08-19,51,17,0.013589128697042365,0.0045297095656807885,-0.014840695204942267
2020-08-20,26,22,0.006924101198402131,0.005858854860186418,-0.011174672131567118
2020-08-21,36,6,0.009582113388341761,0.0015970188980569604,0.006736009044129159
2020-08-24,55,12,0.01456953642384106,0.0031788079470198675,0.006123396277846426
2020-08-25,48,16,0.012708498808578236,0.004236166269526079,0.000378938407123583
2020-08-26,29,28,0.007676019057702488,0.007411328745367919,-0.020676142158491007
2020-08-27,42,14,0.01111699311805188,0.0037056643726839597,0.011708906568358978
2020-08-28,47,8,0.012424002114723763,0.0021147237642083,0.009077899796968167
2020-08-31,54,4,0.01427061310782241,0.0010570824524312897,0.0015576930557575405
2020-09-01,39,8,0.010295670538542767,0.0021119324181626186,0.005702452815796904
2020-09-02,41,7,0.010815088367185439,0.0018464785017145871,0.005283281868128918
2020-09-03,31,7,0.008168642951251647,0.001844532279314888,-0.008941799649770469
2020-09-04,35,11,0.00922023182297155,0.002897787144362487,0.0014468070642985225
2020-09-07,36,19,0.00948116934421912,0.005003950487226758,-0.01143839262516759
2020-09-08,53,11,0.013951039747301922,0.002895498815477757,0.009285453716242687
2020-09-09,33,31,0.008684210526315789,0.008157894736842105,-0.026021515387942035
2020-09-10,19,101,0.004994742376445847,0.02655099894847529,-0.037070543970089506
2020-09-11,40,10,0.010506960861570791,0.002626740215392698,0.0150282019758272
2020-09-14,59,7,0.015493697478991597,0.001838235294117647,0.01586598387859041
2020-09-15,40,4,0.010501443948542924,0.0010501443948542925,0.0032977122526952197
2020-09-16,26,6,0.0068169900367068695,0.0015731515469323545,-0.005712961146406711
2020-09-17,35,4,0.009167103195390257,0.0010476689366160294,0.004108628514532784
2020-09-18,51,2,0.013350785340314137,0.0005235602094240838,0.012568358013823885
2020-09-21,29,12,0.007581699346405229,0.003137254901960784,-0.002049546288070556
2020-09-22,25,8,0.006529119874640899,0.0020893183598850876,-0.014971664209743935
2020-09-23,47,3,0.012268337248760116,0.0007830853563038371,0.007535577265791781
2020-09-24,22,14,0.005736636245110821,0.003650586701434159,-0.026143395073798235
2020-09-25,25,27,0.006512112529304506,0.0070330815316488665,-0.005709394346401916
2020-09-28,17,42,0.004420176807072283,0.0109204368174727,-0.014635652622497424
2020-09-29,33,13,0.008575883575883576,0.0033783783783783786,0.00761202531578245
2020-09-30,23,5,0.005972474681900805,0.0012983640612827837,-0.002237185065568473
2020-10-09,93,2,0.024149571539859777,0.0005193456245131135,0.030203893802122284
2020-10-12,83,3,0.021547248182762203,0.000778816199376947,0.030019495182757417
2020-10-13,42,1,0.010900596937451337,0.0002595380223202699,0.003605325159079602
2020-10-14,39,7,0.010121982870490527,0.0018167661562418895,-0.005048755685601586
2020-10-15,28,14,0.007263294422827497,0.0036316472114137485,-0.007128207526787997
2020-10-16,25,8,0.006480041472265423,0.002073613271124935,0.0005904319050187924
2020-10-19,26,8,0.006735751295336788,0.002072538860103627,-0.0051360134068092035
2020-10-20,38,0,0.009842009842009843,0.0,0.010612749122549616
2020-10-21,20,8,0.0051773233238415735,0.0020709293295366298,-0.011129822976617788
2020-10-22,20,9,0.00517464424320828,0.002328589909443726,-0.0032883854422827213
2020-10-23,20,8,0.005173305742369374,0.0020693222969477496,-0.01317021467836222
2020-10-26,24,6,0.0062031532695787026,0.0015507883173946756,0.0021878702995770526
2020-10-27,23,6,0.005943152454780362,0.0015503875968992248,0.0007115342084844612
2020-10-28,30,7,0.007749935417204857,0.0018083182640144665,0.002013043091040065
2020-10-29,25,12,0.0064516129032258064,0.003096774193548387,-0.0026275337961364077
2020-10-30,10,32,0.0025793139025019345,0.008253804488006191,-0.026118778971304525
2020-11-02,41,29,0.010572460030943786,0.007478081485301702,0.0012987972698405876
2020-11-03,50,2,0.012893243940175348,0.0005157297576070139,0.02022753446376456
2020-11-04,29,4,0.007478081485301702,0.0010314595152140279,-0.0018364277900469166
2020-11-05,56,2,0.014429270806493172,0.000515331100231899,0.017321025022334763
2020-11-06,26,3,0.006697578567748583,0.0007727975270479134,-0.008902772468952156
2020-11-09,61,3,0.015709502961627608,0.0007725985063095545,0.02196707008426751
2020-11-10,24,16,0.006179196704428424,0.004119464469618949,-0.009013542924864898
2020-11-11,32,12,0.008234688625836336,0.003088008234688626,-0.011714874639642395
2020-11-12,50,5,0.01286008230452675,0.001286008230452675,0.0011564376633998877
2020-11-13,26,16,0.006687242798353909,0.00411522633744856,0.0001737561677795839
2020-11-16,56,5,0.01440329218106996,0.001286008230452675,0.010481457565671658
2020-11-17,30,10,0.007714065312419645,0.0025713551041398816,-0.006477195262865795
2020-11-18,34,6,0.008735868448098663,0.001541623843782117,0.0041774940660660636
2020-11-19,41,7,0.0105344295991778,0.0017985611510791368,0.003071037847139489
2020-11-20,52,6,0.013360739979445015,0.001541623843782117,0.005730929274298685
2020-11-23,48,3,0.012326656394453005,0.0007704160246533128,0.0035266310609592746
2020-11-24,38,5,0.00975609756097561,0.0012836970474967907,-0.00034901829369046283
2020-11-25,34,18,0.008726899383983572,0.004620123203285421,-0.01309299674969526
2020-11-26,28,13,0.00718501411342058,0.0033358994098024123,-0.004285647670232747
2020-11-27,29,8,0.007439712673165726,0.002052334530528476,-0.0006255242967144949
2020-11-30,30,11,0.007696254489481785,0.0028219599794766545,-0.0023397758747511254
2020-12-01,44,5,0.011284944857655809,0.0012823800974608873,0.012999789447713694
2020-12-02,49,6,0.012554445298488343,0.0015372790161414297,0.002360456298856906
2020-12-03,42,13,0.010755441741357234,0.0033290653008962866,-0.002191856213514407
2020-12-04,37,12,0.00947018172510878,0.0030714102892244687,0.0022912863301952765
2020-12-07,36,10,0.009204806954743032,0.0025568908207619537,-0.004898106534364402
2020-12-08,35,13,0.008944543828264758,0.0033222591362126247,-0.0020759501054795257
2020-12-09,33,18,0.0084334270380782,0.004600051111679018,-0.018449962027383745
2020-12-10,33,22,0.008431272355646398,0.005620848237097598,-0.00047039363258836363
2020-12-11,21,24,0.005361245851416901,0.006127138115905029,-0.016294980898001896
2020-12-14,48,23,0.01225114854517611,0.00587034201123022,0.007093666149108234
2020-12-15,35,16,0.008926294312675338,0.00408059168579444,-0.00045244222815246096
2020-12-16,34,33,0.008666836604639306,0.008411929645679326,-0.010888451801058959
2020-12-17,54,9,0.013764975783838899,0.0022941626306398166,0.009259610061851378
2020-12-18,43,9,0.010952623535404993,0.002292409577177789,-0.004143594462316721
2020-12-21,63,9,0.01603869653767821,0.002291242362525458,0.01026562649418693
2020-12-22,45,17,0.011444557477110885,0.0043234994913530014,-0.020598408918388413
2020-12-23,57,9,0.014489069649211999,0.002287747839349263,0.0038557817125888967
2020-12-24,42,41,0.010665312341289994,0.010411376333164043,-0.018743418118671785
2020-12-25,80,17,0.020294266869609334,0.0043125317097919835,0.009397791263188838
2020-12-28,67,26,0.016983523447401776,0.006590621039290241,-0.01123465806469777
2020-12-29,68,56,0.017232640648758235,0.01419158641662443,-0.0027251576616701785
2020-12-30,74,6,0.018738921245885033,0.0015193719929095975,0.004745846779266734
2020-12-31,67,7,0.01695344129554656,0.001771255060728745,0.014019447849879223
2021-01-04,118,11,0.029850746268656716,0.0027826966860612194,0.015301151865881176
2021-01-05,89,19,0.02251454591449532,0.004806476094105743,8.655620591002192e-05
2021-01-06,54,17,0.013650151668351871,0.004297269969666329,-0.012323597837717578
2021-01-07,44,60,0.011113917655973731,0.015155342258145996,-0.025373030541221486
2021-01-08,57,19,0.014397575145238697,0.004799191715079565,-0.0011501465382933937
2021-01-11,45,68,0.011363636363636364,0.01717171717171717,-0.02252596645656661
2021-01-12,73,14,0.018429689472355466,0.0035344609946983086,0.007990363941147176
2021-01-13,46,26,0.011610297829379102,0.006562342251388188,-0.01476689416418841
2021-01-14,69,41,0.01741544674406865,0.010348308934881372,0.004167504419875849
2021-01-15,79,11,0.019939424533064107,0.0027763755678950025,0.013458524952860446
2021-01-18,112,5,0.028254288597376387,0.0012613521695257316,0.015352329212548631
2021-01-19,79,7,0.019919314170448815,0.0017650025214321734,0.003646263876578025
2021-01-20,84,4,0.021164021164021163,0.0010078105316200555,0.0038190432812377855
2021-01-21,82,6,0.020644511581067473,0.0015105740181268882,0.0067190252860204695
2021-01-22,63,21,0.015849056603773583,0.005283018867924529,-0.009358390530319394
2021-01-25,60,31,0.015090543259557344,0.007796780684104628,-0.01354757920337243
2021-01-26,62,40,0.0155896404324868,0.010057832537088257,-0.00829673302219765
2021-01-27,73,21,0.018341708542713567,0.0052763819095477385,0.001740993035073552
2021-01-28,48,39,0.012051217675119257,0.009791614361034396,-0.01341601982564677
2021-01-29,39,48,0.009786700125470515,0.01204516938519448,-0.014014062107139694
2021-02-01,92,59,0.023074993729621268,0.014798093804865815,0.006467941074971991
2021-02-02,78,29,0.019563581640331076,0.0072736393278154,0.0027480644040806905
2021-02-03,44,33,0.011033099297893681,0.008274824473420261,-0.015358814646034313
2021-02-04,47,36,0.011782401604412133,0.009024818250188017,-0.01807415648941308
2021-02-05,50,56,0.012528188423953895,0.014031571034828364,-0.013048661892728478
2021-02-08,62,25,0.015519399249061327,0.006257822277847309,0.0013276309940431386
2021-02-09,73,8,0.01825,0.002,0.01793351863980689
2021-02-10,41,16,0.010237203495630462,0.003995006242197253,0.006911980288156066
2021-02-18,123,5,0.030711610486891385,0.0012484394506866417,0.0256068100481399
2021-02-19,118,4,0.029463171036204744,0.0009987515605493133,0.02610113241021755
2021-02-22,90,8,0.02247191011235955,0.0019975031210986267,0.008112694521136088
2021-02-23,58,6,0.014478282576135796,0.0014977533699450823,-0.00569541999422693
2021-02-24,42,20,0.010479041916167664,0.00499001996007984,-0.0013798723385611174
2021-02-25,47,8,0.01172069825436409,0.00199501246882793,-0.006337718233246208
2021-02-26,47,8,0.01171193620732619,0.00199352105656616,-0.003947303852151704
2021-03-01,95,4,0.023655378486055777,0.00099601593625498,0.022251411215146365
2021-03-02,39,15,0.009708737864077669,0.0037341299477221808,-0.005543479177774711
2021-03-03,85,1,0.021149539686489176,0.0002488181139586962,0.012933935576583728
2021-03-04,46,16,0.011445633242100024,0.003981089823339139,-0.009420671989627387
2021-03-05,67,10,0.016670813635232644,0.002488181139586962,0.007764869979670163
2021-03-08,53,27,0.013180800795821936,0.0067147475752300425,-0.0121671913934214
2021-03-09,37,44,0.009197116579666915,0.010937111608252548,-0.025440778518147186
2021-03-10,38,19,0.009443339960238568,0.004721669980119284,-0.01099058606009548
2021-03-11,75,0,0.018628912071535022,0.0,0.020086671643416706
2021-03-12,46,4,0.011422895455674199,0.0009932952570151478,0.0009164130039051193
2021-03-15,43,14,0.010677924012912838,0.003476533399553017,-0.0032735983868723804
2021-03-16,68,8,0.016881827209533268,0.0019860973187686196,0.012592934381338749
2021-03-17,57,3,0.014147431124348473,0.0007446016381236039,0.005971767626666986
2021-03-18,55,2,0.013644257008186554,0.0004961548002976929,0.0014406611765025138
2021-03-19,56,6,0.013888888888888888,0.001488095238095238,-0.0022745297375043848
2021-03-22,88,2,0.02180376610505451,0.0004955401387512388,0.016848049537722464
2021-03-23,55,35,0.013623978201634877,0.008669804310131285,-0.011125838042295432
2021-03-24,63,31,0.01559792027729636,0.0076751671205743995,-0.008558248177440268
2021-03-25,47,30,0.011630784459292255,0.007423904974016332,-0.003442272773517485
2021-03-26,77,1,0.01904055390702275,0.0002472799208704253,0.013261873237527623
2021-03-29,71,5,0.017539525691699604,0.0012351778656126482,0.0016044092128273992
2021-03-30,64,23,0.01580246913580247,0.005679012345679012,-0.006942997650930112
2021-03-31,85,8,0.020977295162882527,0.0019743336623889436,0.0023814951233581357
2021-04-01,78,12,0.019240256536753823,0.0029600394671928957,0.002837038388038118
2021-04-02,76,6,0.0187422934648582,0.0014796547472256474,0.0048501710667796655
2021-04-06,78,7,0.019216555801921657,0.0017245627001724563,0.010037186970355768
2021-04-07,98,4,0.02413793103448276,0.0009852216748768472,0.007342844069751902
2021-04-08,46,23,0.011324470704086657,0.005662235352043328,-0.006653491915490662
2021-04-09,67,9,0.01647811116576488,0.0022134776192818495,0.0004887296993759716
2021-04-12,71,27,0.017440432326209777,0.006632277081798084,-0.012980850167762325
2021-04-13,59,41,0.014482081492390771,0.010063819342169858,-0.007313815767134753
2021-04-14,77,13,0.018900343642611683,0.0031909671084928816,0.011368211573649643
2021-04-15,46,33,0.011280039234919078,0.008092202059833251,-0.0033993509610978166
2021-04-16,77,12,0.018877175778377053,0.0029418975239029173,0.015520763423161053
2021-04-19,90,4,0.022048015678588925,0.0009799118079372856,0.013891395629050991
2021-04-20,48,13,0.011747430249632892,0.0031815956926089083,-0.004085448395676934
2021-04-21,39,17,0.009533121486189195,0.004155463211928624,-0.003047589757145833
2021-04-22,52,6,0.01270772238514174,0.001466275659824047,0.003962983611452009
2021-04-23,46,21,0.011241446725317693,0.005131964809384164,-0.00811951267663145
2021-04-26,56,22,0.013675213675213675,0.005372405372405372,-0.00396339229718825
2021-04-27,43,38,0.010492923377257199,0.009272816007808687,-0.0075057220695729
2021-04-28,66,30,0.016093635698610095,0.0073152889539136795,0.0024913837477580974
2021-04-29,49,34,0.011939571150097465,0.008284600389863547,-0.0034616218300884587
2021-04-30,47,44,0.011443876308741174,0.010713416118821524,-0.007956108117253627
2021-05-06,71,19,0.01727493917274939,0.004622871046228711,0.004358411540527919
2021-05-07,57,21,0.013861867704280155,0.005107003891050584,-0.005023228617607244
2021-05-10,101,16,0.024556284950158037,0.0038901045465596887,0.004803875647941566
2021-05-11,64,15,0.015549076773566569,0.0036443148688046646,0.004264007241842555
2021-05-12,87,9,0.02111650485436893,0.002184466019417476,0.010115799377126177
2021-05-13,52,7,0.012609117361784675,0.0016973811833171678,-0.005230282508396717
2021-05-14,85,6,0.02061105722599418,0.001454898157129001,0.012742743322345085
2021-05-17,39,59,0.009452253999030538,0.014299563742123121,-0.00770416938028353
2021-05-18,78,23,0.018890772584160814,0.005570356018406394,0.005253027208025284
2021-05-19,63,17,0.015254237288135594,0.004116222760290557,-0.0012306831833713955
2021-05-20,52,26,0.012584704743465635,0.0062923523717328175,-0.003559657332731823
2021-05-21,69,16,0.016690856313497822,0.0038703434929850023,0.0006825661484241318
2021-05-24,69,15,0.016686819830713424,0.0036275695284159614,0.006264178369945785
2021-05-25,56,10,0.013529838125151003,0.0024160425223483935,0.007924188738367774
2021-05-26,62,12,0.014972228930210094,0.0028978507606858247,0.00641778101411619
2021-05-27,69,19,0.016658619024625784,0.0045871559633027525,0.007256148840917148
2021-05-28,55,16,0.013262599469496022,0.003858210754762479,-0.004774675633038011
2021-05-31,91,14,0.02193828351012536,0.0033751205400192863,0.012060706125132561
2021-06-01,75,15,0.018072289156626505,0.0036144578313253013,0.007665358097092902
2021-06-02,62,32,0.014932562620423893,0.007707129094412331,-0.0075243096159944385
2021-06-03,74,28,0.01781415503129514,0.006740491092922484,-0.0016876388659990207
2021-06-04,56,23,0.013480982185844969,0.0055368319691863266,-0.0012269296912077374
2021-06-07,74,21,0.017797017797017797,0.005050505050505051,0.007496459779454047
2021-06-08,61,42,0.014663461538461538,0.010096153846153847,-0.0022440186853737963
2021-06-09,57,22,0.013695338779432966,0.005285920230658337,0.0013736394278839467
2021-06-10,76,20,0.018256065337496998,0.004804227720393947,0.00522834352947135
2021-06-11,65,29,0.015606242496998799,0.006962785114045618,-0.006818671090818342
2021-06-15,47,34,0.011276391554702496,0.008157389635316698,-0.008589109274762472
2021-06-16,44,46,0.010549029009829777,0.011028530328458403,-0.012105403868934588
2021-06-17,58,13,0.013895543842836608,0.003114518447532343,0.006744745498196601
2021-06-18,62,12,0.014839636189564385,0.0028721876495931067,0.007730947389982359
2021-06-21,86,7,0.020579085905719073,0.0016750418760469012,0.0117540044692609
2021-06-22,69,8,0.016503228892609422,0.0019134178426213825,0.005626441791089356
2021-06-23,62,10,0.014818355640535373,0.002390057361376673,0.003346635647489668
2021-06-24,68,24,0.016248506571087215,0.005734767025089606,-0.006510139677322056
2021-06-25,66,9,0.015759312320916905,0.002148997134670487,0.0020977543977982317
2021-06-28,68,15,0.016225244571701266,0.0035790980672870437,0.005910152048305235
2021-06-29,53,12,0.012643129770992367,0.0028625954198473282,-0.00859554777173581
2021-06-30,60,9,0.014295925661186561,0.002144388849177984,0.006938495410271366
2021-07-01,56,24,0.01333968556455455,0.005717008099094807,-0.013882988204624736
2021-07-02,44,10,0.01047868540128602,0.0023815194093831865,-0.005337755973628158
2021-07-05,92,16,0.021899547726731732,0.0038086169959533444,0.012749619012410479
2021-07-06,50,13,0.011893434823977164,0.003092293054234063,-0.00016386334239536072
2021-07-07,73,7,0.017347908745247147,0.0016634980988593155,0.007939484545737134
2021-07-08,55,17,0.013064133016627079,0.0040380047505938245,-0.004991382741900457
2021-07-09,70,10,0.01661523854735343,0.0023736055067647755,0.005563569576656486
2021-07-12,90,10,0.021357380161366873,0.0023730422401518746,0.012769122882806338
2021-07-13,73,14,0.017314990512333966,0.003320683111954459,0.005238503347996776
2021-07-14,62,24,0.014705882352941176,0.0056925996204933585,-0.007837890494712693
2021-07-15,55,33,0.013036264517658214,0.007821758710594928,-0.006858097022193744
2021-07-16,45,18,0.010660980810234541,0.0042643923240938165,-0.0019196731942688683
2021-07-19,58,22,0.013737565135007106,0.005210800568450971,-0.0016042925641164727
2021-07-20,52,9,0.012307692307692308,0.0021301775147928993,0.0028184260478227143
2021-07-21,94,4,0.022248520710059172,0.0009467455621301775,0.012493194191517704
2021-07-22,67,12,0.015842988886261528,0.0028375502482856467,0.00516469079956488
2021-07-23,51,17,0.012051039697542534,0.004017013232514178,-0.010999200718090529
2021-07-26,43,46,0.010153482880755607,0.010861865407319952,-0.014255620810007273
2021-07-27,30,74,0.007082152974504249,0.017469310670443813,-0.019126733666828703
2021-07-28,40,57,0.009436187780136825,0.013446567586694975,-0.023253094887224664
2021-07-29,125,1,0.029467232437529467,0.00023573785950023574,0.025875533472186633
2021-07-30,94,19,0.022143698468786808,0.00447585394581861,0.009250688812077199
2021-08-02,105,8,0.024723334118201084,0.0018836825994819873,0.019456111476015923
2021-08-03,65,43,0.015301318267419962,0.01012241054613936,-0.00273787833013223
2021-08-04,96,4,0.022582921665490474,0.0009409550693954364,0.011723866052775624
2021-08-05,51,9,0.011985898942420681,0.0021151586368977674,-0.006438359916868652
2021-08-06,63,1,0.014802631578947368,0.00023496240601503758,1.646985732755856e-05
2021-08-09,91,3,0.02138157894736842,0.0007048872180451127,0.011935474899998537
2021-08-10,83,3,0.01949729856706601,0.0007047216349541931,0.010995953160868113
2021-08-11,97,6,0.022769953051643192,0.0014084507042253522,0.006627682760690304
2021-08-12,73,6,0.01712409101571663,0.0014074595355383533,0.003302541922307941
2021-08-13,73,4,0.01711204875761838,0.0009376465072667605,9.57177441005533e-05
2021-08-16,79,20,0.01850550480206137,0.004684937924572499,0.0008756488220285581
2021-08-17,36,36,0.00842893935846406,0.00842893935846406,-0.024186041624991796
2021-08-18,78,11,0.01825415399017084,0.0025743037678446056,0.008799929336318603
2021-08-19,50,14,0.011695906432748537,0.0032748538011695906,-0.0020526028839652944
2021-08-20,52,19,0.01216089803554724,0.004443405051449953,-0.005997536873912934
2021-08-23,140,6,0.03272557269752221,0.001402524544179523,0.025439317359155472
2021-08-24,76,5,0.017752861480962393,0.00116795141322121,0.005999738278160603
2021-08-25,88,4,0.020555944872693296,0.000934361130576968,0.0076984942341371395
2021-08-26,61,10,0.014245679588977114,0.002335357309668379,-0.006654227492169537
2021-08-27,79,16,0.01844501517627831,0.0037356992762082653,-0.001966846797844347
2021-08-30,83,19,0.019374416433239963,0.004435107376283847,0.0007899580325767604
2021-08-31,85,26,0.019836639439906652,0.006067677946324387,-0.0010846968651103768
2021-09-01,72,56,0.016794961511546535,0.013062747842313973,-0.0039501254634090295
2021-09-02,112,1,0.026125495684627947,0.00023326335432703523,0.010902728262480838
2021-09-03,56,27,0.013062747842313973,0.006298110566829951,0.001386444804746035
2021-09-06,88,15,0.020512820512820513,0.0034965034965034965,0.01172762900490037
2021-09-07,103,0,0.023998136067101584,0.0,0.011326256702358005
2021-09-08,98,0,0.022822543083372147,0.0,0.007648533109702723
2021-09-09,79,2,0.018380642159143788,0.00046533271288971617,9.499502130811269e-05
2021-09-10,57,3,0.013258897418004187,0.0006978367062107466,-0.004701954152314853
2021-09-13,93,11,0.021612828259353938,0.0025563560306762724,0.004353174781863438
2021-09-14,66,8,0.015327450069670227,0.0018578727357176034,-0.010007496179022076
2021-09-15,92,5,0.0213605758068261,0.0011609008590666356,0.006054460844039542
2021-09-16,53,33,0.012296983758700695,0.00765661252900232,-0.014494125005311626
2021-09-17,55,18,0.012755102040816327,0.004174397031539889,-0.003072718019403919
2021-09-22,105,5,0.024339360222531293,0.0011590171534538712,0.003744911092059607
2021-09-23,75,26,0.01738122827346466,0.006025492468134415,0.0072994681881938936
2021-09-24,41,60,0.009497336113041464,0.01389854065323141,-0.01659668024501478
2021-09-27,44,173,0.010189902732746642,0.040064844835572024,-0.02709898927858768
2021-09-28,78,20,0.018055555555555554,0.004629629629629629,0.0034091625141084224
2021-09-29,17,84,0.003932454314133704,0.01943095072866065,-0.02953011055941388
2021-09-30,85,1,0.019653179190751446,0.00023121387283236994,0.021226229349685596
2021-10-08,75,20,0.017341040462427744,0.004624277456647399,0.014408102994572772
2021-10-11,56,31,0.012944983818770227,0.007165973185390661,-0.002000816657110071
2021-10-12,39,16,0.009015256588072122,0.0036985668053629217,-0.016166817057517897
2021-10-13,61,54,0.014097527155072799,0.01247977813727756,0.00379821331210568
2021-10-14,79,9,0.018253234750462106,0.0020794824399260627,0.0061477015952846395
2021-10-15,34,36,0.007852193995381063,0.008314087759815243,-0.007166943778477702
2021-10-18,77,16,0.017770597738287562,0.0036925917378259868,0.007055910793889372
2021-10-19,68,5,0.015682656826568265,0.0011531365313653136,0.004996378368158695
2021-10-20,51,17,0.01175386033648306,0.003917953445494353,-0.0020222634804364275
2021-10-21,41,4,0.009442653155228006,0.0009212344541685859,-0.005300656040877123
2021-10-22,43,8,0.009900990099009901,0.0018420446695832373,-0.00853969051698677
2021-10-25,70,4,0.016106764841233318,0.0009203865623561896,0.007187169710841789
2021-10-26,38,11,0.008737640836974018,0.0025293170843872156,-0.0036374390597534445
2021-10-27,46,19,0.010564997703261369,0.004363803399173174,-0.016788832711290096
2021-10-28,47,49,0.01078971533516988,0.011248852157943067,-0.01827835020519052
2021-10-29,77,7,0.017672710580674777,0.001606610052788616,0.015463893424951726
2021-11-01,100,9,0.022941041523285157,0.0020646937370956643,0.01284660078028815
2021-11-02,47,22,0.010777344645723459,0.005044714515019491,-0.012055643972512402
2021-11-03,50,5,0.011462631820265932,0.0011462631820265932,0.00689374260558343
2021-11-04,101,1,0.023154516276937185,0.00022925263640531865,0.014110301911997218
2021-11-05,51,25,0.011691884456671253,0.005731315910132966,-0.0042354018362507915
2021-11-08,65,7,0.014901421366345712,0.0016047684548372307,0.0056020625774182466
2021-11-09,63,3,0.014442916093535076,0.000687757909215956,0.011170441655007001
2021-11-10,49,2,0.01122565864833906,0.0004581901489117984,0.0058927585996582255
2021-11-11,70,5,0.016029310739638196,0.001144950767117014,0.010106549372032272
2021-11-12,89,1,0.020366132723112128,0.0002288329519450801,0.010401849834336762
2021-11-15,82,16,0.018755718206770355,0.0036596523330283625,0.00924156941731628
2021-11-16,63,5,0.0144,0.001142857142857143,-0.00842996496075515
2021-11-17,97,2,0.022161297692483435,0.0004569339730408956,0.014469304852090244
2021-11-18,55,10,0.012557077625570776,0.00228310502283105,-0.006853278509788011
2021-11-19,72,2,0.01643460397169596,0.00045651677699155445,0.011953924825629509
2021-11-22,87,3,0.019844890510948905,0.0006843065693430657,0.009144411267896047
2021-11-23,62,3,0.014142335766423358,0.0006843065693430657,0.004092626091142775
2021-11-24,83,5,0.018928164196123146,0.0011402508551881414,0.004442857867734422
2021-11-25,63,13,0.014367160775370582,0.0029646522234891676,0.0004569679682649743
2021-11-26,56,4,0.01276207839562443,0.0009115770282588879,-0.0022200203035586943
2021-11-29,80,5,0.01822738664843928,0.001139211665527455,-4.2848134221961406e-05
2021-11-30,80,3,0.018223234624145785,0.000683371298405467,0.007931021243442153
2021-12-01,94,6,0.021402550091074682,0.001366120218579235,0.009805486867997799
2021-12-02,60,7,0.013658092419758707,0.0015934441156385158,-0.011797067862253603
2021-12-03,61,8,0.013882567137005006,0.0018206645425580337,0.004147401189271524
2021-12-06,48,11,0.010916534000454855,0.002501705708437571,-0.015180261940813965
2021-12-07,60,15,0.013636363636363636,0.003409090909090909,-0.007027467801708456
2021-12-08,85,5,0.01931379231992729,0.0011361054305839581,0.012581444721428223
2021-12-09,70,5,0.01590186278964107,0.0011358473421172195,0.005060174949843898
2021-12-10,74,1,0.016799091940976164,0.00022701475595913735,0.003820143816304394
2021-12-13,79,3,0.01793416572077185,0.000681044267877412,0.00460337546170555
2021-12-14,93,1,0.021107580571947344,0.00022696323195642307,0.005752311265509861
2021-12-15,83,3,0.018820861678004536,0.0006802721088435374,0.0016155916932167236
2021-12-16,90,1,0.020398912058023574,0.00022665457842248413,0.008951506709443679
2021-12-17,89,2,0.02016768638114661,0.00045320643553138455,-0.007961867244769513
2021-12-20,102,22,0.023103057757644395,0.004983012457531144,-0.010390030527884215
2021-12-21,136,12,0.030804077010192527,0.0027180067950169874,0.015335798880463766
2021-12-22,80,14,0.018103643358225844,0.0031681375876895226,0.004428742124550565
2021-12-23,73,30,0.016508367254635913,0.0067842605156037995,-0.0049184311653724866
2021-12-24,50,38,0.011296882060551287,0.00858563036601898,-0.016929327752807526
2021-12-27,65,18,0.01468262932008132,0.0040659588886379034,0.004576838948552024
2021-12-28,60,11,0.013540961408259987,0.002482509591514331,0.006464550445626024
2021-12-29,66,8,0.014895057549085985,0.0018054615211013315,-0.0007199806611564773
2021-12-30,93,4,0.02097428958051421,0.0009021199819576004,0.00979493220123381
2021-12-31,58,13,0.013077790304396843,0.002931228861330327,0.005785405599272352
2022-01-04,102,20,0.022998872604284102,0.004509582863585118,0.010633748478491249
2022-01-05,53,37,0.011947700631199279,0.008340847610459874,-0.014491281836124272
2022-01-06,93,7,0.020960108181203516,0.0015776425512733828,0.008820168442929488
2022-01-07,44,28,0.00991214237440865,0.0063077269655327775,-0.01589719052221465
2022-01-10,78,10,0.01757152511826988,0.0022527596305474207,0.009103642899813809
2022-01-11,58,10,0.013057181449797388,0.0022512381809995496,-0.004720177829182124
2022-01-12,95,1,0.021377137713771376,0.000225022502250225,0.014002981399995
2022-01-13,57,9,0.012823397075365579,0.0020247469066366703,-0.008994617042788268
2022-01-14,78,13,0.017543859649122806,0.0029239766081871343,-0.00392891698328213
2022-01-17,118,6,0.02652281411553158,0.0013486176668914363,0.01615378756554652
2022-01-18,44,54,0.009885419006964727,0.012132105144911256,-0.012575889046984224
2022-01-19,62,15,0.013929454055268478,0.0033700292069197934,0.0008943911981906067
2022-01-20,45,22,0.010107816711590296,0.004941599281221923,-0.023745256357234835
2022-01-21,48,53,0.010779249943858073,0.011902088479676623,-0.011813734766327213
2022-01-24,53,33,0.011896745230078564,0.007407407407407408,-0.0026589717474063963
2022-01-25,30,94,0.006730984967466906,0.021090419564729637,-0.04033544020077373
2022-01-26,53,31,0.011886073110562907,0.006952231442027361,0.006362437703769536
2022-01-27,13,89,0.00291349170775437,0.01994621246077992,-0.03238491173902646
2022-01-28,66,26,0.014781634938409855,0.0058230683090705485,0.011798136126939928
2022-02-07,95,30,0.02127659574468085,0.006718924972004479,0.014453689262913452
2022-02-08,80,6,0.01791713325867861,0.0013437849944008958,0.013558442256970976
2022-02-09,99,1,0.022167487684729065,0.0002239140170174653,0.014630901660225138
2022-02-10,55,3,0.012309758281110117,0.0006714413607878246,-0.0032340635427320057
2022-02-11,51,14,0.011414503133393017,0.003133393017009848,-0.02013195424868807
2022-02-14,85,13,0.01902417188898836,0.002909579230080573,0.00028772281612278266
2022-02-15,56,21,0.012530767509509957,0.004699037816066234,0.0055489534657738645
2022-02-16,74,1,0.016547406082289804,0.00022361359570661896,0.012522563493778791
2022-02-17,45,19,0.010062611806797853,0.00424865831842576,-0.002339787274525105
2022-02-18,53,4,0.011846222619579794,0.000894054537326777,0.006953878992326101
2022-02-21,100,0,0.0223463687150838,0.0,0.013436693602109721
2022-02-22,50,7,0.011168192986374805,0.0015635470180924726,-0.011025739391359932
2022-02-23,92,6,0.02054488610987048,0.0013398838767306833,0.016882135069227686
2022-02-24,39,50,0.008709245198749441,0.011165698972755694,-0.023548477240740898
2022-02-25,67,9,0.01496203662349263,0.002009825815096025,0.010090566210881497
2022-02-28,46,14,0.010267857142857143,0.003125,0.00047167208636236303
2022-03-01,57,5,0.012723214285714286,0.0011160714285714285,0.008257491460997456
2022-03-02,58,1,0.012946428571428572,0.0002232142857142857,0.003969227372160001
2022-03-03,73,1,0.016294642857142858,0.0002232142857142857,-0.0024205338445434164
2022-03-04,44,21,0.009821428571428571,0.0046875,-0.0111245293454841
2022-03-07,49,16,0.010932619366354306,0.0035698348951361,-0.015481391726809693
2022-03-08,24,70,0.005353557885344635,0.015614543832255186,-0.031949610714844395
2022-03-09,43,13,0.00958965209634255,0.0028991971454058875,-0.01346651503956392
2022-03-10,90,6,0.020066889632107024,0.0013377926421404682,0.0174832962505242
2022-03-11,66,8,0.014709159794963227,0.0017829284599955428,0.007333807023672554
2022-03-14,41,34,0.00913343729115616,0.007574069948763644,-0.027012360460967635
2022-03-15,28,160,0.006233303650934996,0.03561887800534283,-0.050648170776214405
2022-03-16,142,4,0.031604718450923656,0.0008902737591809482,0.030566362111234747
2022-03-17,100,2,0.02224694104560623,0.0004449388209121246,0.019188243815841204
2022-03-18,110,3,0.024455313472654512,0.0006669630947087594,0.013107033112700603
2022-03-21,122,1,0.02712316585148955,0.00022232103156958648,0.013566671698269705
2022-03-22,77,14,0.017099711303575394,0.00310903841883189,-0.002032758682093774
2022-03-23,71,11,0.015760266370699223,0.00244173140954495,0.0031740880204491183
2022-03-24,63,12,0.013981358189081226,0.002663115845539281,-0.011190327744532318
2022-03-25,76,12,0.01685891748003549,0.0026619343389529724,-0.004498282027703016
2022-03-28,63,21,0.013972055888223553,0.004657351962741184,-0.004184597196294851
2022-03-29,52,20,0.01152482269503546,0.004432624113475178,-0.009586016801310599
2022-03-30,79,2,0.01750498559716375,0.00044316419233325947,0.016305642889818502
2022-03-31,54,10,0.011962782454585734,0.002215330084182543,-0.002027905179124773
2022-04-01,70,18,0.015503875968992248,0.003986710963455149,-0.002258026973464933
2022-04-06,84,18,0.018600531443755536,0.003985828166519044,0.009319412118502875
2022-04-07,31,34,0.006861443116423196,0.007525453740593183,-0.023055178002154043
2022-04-08,69,19,0.015268864793095818,0.004204470015490153,-0.006760268979299445
2022-04-11,56,61,0.012389380530973451,0.013495575221238938,-0.029240923490003
2022-04-12,107,19,0.023656864912668583,0.004200751713464515,0.017331067122721873
2022-04-13,57,62,0.012596685082872929,0.013701657458563535,-0.019153093858475096
2022-04-14,80,16,0.017679558011049725,0.0035359116022099448,0.00891498688945181
2022-04-15,40,52,0.008837825894829872,0.011489173663278833,-0.016631037753404673
2022-04-18,80,41,0.017675651789659744,0.009058771542200618,0.0076984436324329135
2022-04-19,58,22,0.01280070624586184,0.0048554403001544915,0.004370897040974638
2022-04-20,54,20,0.011910013233348038,0.004411116012351125,-0.009837880242956109
2022-04-21,31,116,0.006832708838439497,0.02556755565351554,-0.03754372252922504
2022-04-22,80,88,0.01761726491962123,0.019378991411583352,-0.009058501661432461
2022-04-25,27,717,0.0059445178335535,0.15785997357992074,-0.07502590858033989
2022-04-26,44,257,0.009685230024213076,0.056570548095971826,-0.03422521133609628
2022-04-27,156,42,0.034338542813119086,0.009244992295839754,0.03115954825201107
2022-04-28,73,54,0.01606160616061606,0.011881188118811881,-0.016267053204440756
2022-04-29,242,8,0.05319850516597054,0.0017586282699494395,0.04422119402862069
2022-05-05,156,15,0.03429325126401407,0.003297428006155199,0.017674610278034946
2022-05-06,87,33,0.01912087912087912,0.007252747252747253,-0.010509067721874411
2022-05-09,146,8,0.03208791208791209,0.0017582417582417582,0.016125049907736763
2022-05-10,119,13,0.026153846153846153,0.002857142857142857,0.017407047613402348
2022-05-11,99,13,0.02175824175824176,0.002857142857142857,0.0038221084024140923
2022-05-12,81,20,0.017794376098418278,0.004393673110720563,0.007761590367902423
2022-05-13,104,26,0.022847100175746926,0.0057117750439367315,0.006048910483442907
2022-05-16,97,19,0.021309314586994726,0.0041739894551845345,0.0016355457963367242
2022-05-17,70,34,0.015374478365912585,0.0074676037777289695,-0.0011765063851887634
2022-05-18,107,14,0.023495827843653932,0.0030742204655248135,0.006639577749118938
2022-05-19,82,11,0.018006148440931048,0.0024154589371980675,0.006677953387511142
2022-05-20,82,19,0.017994294491990345,0.004169409699363616,0.010861943556248237
2022-05-23,104,18,0.0228220320386219,0.003949967083607637,0.012912210621018896
2022-05-24,46,92,0.010089932002632156,0.020179864005264312,-0.042329931658546996
2022-05-25,106,23,0.02324561403508772,0.005043859649122807,0.01843572886502617
2022-05-26,70,27,0.015344147303814117,0.005918456817185445,0.0031127644658428843
2022-05-27,86,24,0.018847249616480384,0.005259697567389875,-0.0004587460024021295
2022-05-30,96,26,0.0210387902695595,0.005698005698005698,0.009028560313894665
2022-05-31,93,34,0.020381328073635765,0.00745123822046899,0.01081558088621566
2022-06-01,80,23,0.017532325224632918,0.0050405435020819634,0.006763472867884307
2022-06-02,90,37,0.01972386587771203,0.008108700416392724,0.009404875891831855
2022-06-06,84,22,0.01838879159369527,0.004816112084063047,0.01684017812477194
2022-06-07,60,22,0.013134851138353765,0.004816112084063047,-0.00559824904594901
2022-06-08,67,32,0.014654418197725285,0.00699912510936133,-0.0034862530122653727
2022-06-09,41,35,0.008967629046369203,0.007655293088363955,-0.020466178125851685
2022-06-10,97,20,0.02121609798775153,0.004374453193350831,0.016172162341359115
2022-06-13,72,13,0.015748031496062992,0.0028433945756780404,0.0033260215314025276
2022-06-14,67,11,0.014651213645309425,0.0024054231357970696,-0.00014252309447726093
2022-06-15,55,21,0.012027115678985349,0.004592171441067133,-0.0020928798902555357
2022-06-16,65,23,0.014213863984255412,0.005029521102121146,0.006840679054800621
2022-06-17,67,15,0.0146448087431694,0.003278688524590164,0.004367334005317274
2022-06-20,99,17,0.021639344262295083,0.003715846994535519,0.011276995319142029
2022-06-21,56,26,0.012240437158469945,0.0056830601092896175,-0.00529647975533885
2022-06-22,73,14,0.01594234549028172,0.0030574361214238915,-0.012855711603729785
2022-06-23,106,13,0.023139052608600743,0.0028378083387906572,0.019332694222288314
2022-06-24,107,6,0.023347152520183285,0.0013091861226271003,0.010685320013759962
2022-06-27,110,4,0.024001745581496835,0.0008727907484180668,0.008306559994516257
2022-06-28,127,4,0.02771110626227362,0.0008727907484180668,0.01428655414475839
2022-06-29,61,58,0.013304252998909487,0.012649945474372955,-0.021892367109346077
2022-06-30,85,28,0.018530630041421407,0.006104207543056464,0.007945362388384182
2022-07-01,63,36,0.013728481150577468,0.007844846371758554,-0.0017046627210636199
2022-07-04,88,15,0.01917629113096535,0.0032686859882327304,0.006660469084277695
2022-07-05,40,16,0.008712698758440426,0.003485079503376171,-0.008849206486861843
2022-07-06,52,19,0.011321576311778794,0.004136729806226867,-0.008644002013270681
2022-07-07,78,6,0.016974972796517954,0.0013057671381936887,0.006261723365759551
2022-07-08,67,17,0.014571552849064811,0.0036972596781209223,0.0014350531526566566
2022-07-11,58,25,0.012611437268971515,0.005435964340073929,-0.00844732536662143
2022-07-12,50,19,0.010869565217391304,0.004130434782608695,-0.016153369161971173
2022-07-13,92,9,0.019995653118887197,0.0019560965007607042,0.011988194762549828
2022-07-14,67,27,0.014562051727885243,0.005868289502282112,0.007098322417820422
2022-07-15,59,62,0.012814943527367506,0.013466550825369244,-0.016795817002719548
2022-07-18,132,2,0.028670721112076455,0.0004344048653344917,0.024587198456203472
2022-07-19,92,8,0.01998262380538662,0.0017376194613379669,0.010252369619975957
2022-07-20,89,7,0.019331016507384884,0.0015204170286707212,0.009360520340339861
2022-07-21,67,5,0.014552562988705473,0.0010860121633362294,-0.0034636827291101703
2022-07-22,55,8,0.011940946591402518,0.0017368649587494573,-0.0025146390351282024
2022-07-25,41,23,0.008895638967238013,0.004990236493816446,-0.008323532264820637
2022-07-26,71,7,0.015401301518438179,0.0015184381778741865,0.010631078013907098
2022-07-27,89,5,0.019301669919757104,0.0010843634786380394,0.009320882164028068
2022-07-28,88,5,0.019080659150043366,0.0010841283607979184,0.00827507933223413
2022-07-29,60,15,0.013001083423618635,0.0032502708559046588,-0.005280862706579191
2022-08-01,87,9,0.018847487001733103,0.001949740034662045,0.006174927655699029
2022-08-02,46,86,0.00996102208748376,0.01862278042442616,-0.038319026309149615
2022-08-03,42,28,0.009094846253789519,0.006063230835859679,-0.004158465655061803
2022-08-04,80,10,0.01731976618315653,0.002164970772894566,0.01377212956374321
2022-08-05,66,10,0.014273356401384083,0.0021626297577854673,0.012795836793655549
2022-08-08,102,7,0.022044521288091635,0.0015128593040847202,0.013627651648811195
2022-08-09,71,1,0.015341400172860847,0.000216076058772688,0.003735263836186476
2022-08-10,76,3,0.016414686825053995,0.0006479481641468683,0.003330563129485717
2022-08-11,70,7,0.015112262521588947,0.0015112262521588947,0.012948059015037698
2022-08-12,56,10,0.012084592145015106,0.0021579628830384117,-0.004867556861432618
2022-08-15,70,7,0.015102481121898598,0.0015102481121898597,0.0043933230847195606
2022-08-16,80,2,0.017252533965926246,0.00043131334914815614,0.007605624441639589
2022-08-17,68,7,0.014658331536969174,0.0015089458935115326,0.002553531079617988
2022-08-18,79,4,0.017007534983853607,0.000861141011840689,0.002453169087622075
2022-08-19,56,20,0.012048192771084338,0.004302925989672977,-0.01324185587984587
2022-08-22,73,12,0.015702301570230157,0.002581200258120026,0.00670889551894863
2022-08-23,73,6,0.015698924731182794,0.0012903225806451613,0.004047143042900173
2022-08-24,34,48,0.007311827956989247,0.01032258064516129,-0.0305746628805347
2022-08-25,60,30,0.012894906511927788,0.006447453255963894,-0.004376723518729574
2022-08-26,40,29,0.008592910848549946,0.006229860365198711,-0.0055479716556376
2022-08-29,65,7,0.013957483358385226,0.001503113592441486,0.008165798348135725
2022-08-30,38,18,0.008159759501825209,0.003865149237706678,-0.0034562007142852134
2022-08-31,33,66,0.007078507078507079,0.014157014157014158,-0.02695609644999563
2022-09-01,46,16,0.009867009867009866,0.003432003432003432,-0.0038396247019117655
2022-09-02,69,9,0.014790996784565916,0.0019292604501607716,0.013665540252420902
2022-09-05,56,10,0.012001714530647235,0.0021431633090441492,0.0025456861194587976
2022-09-06,65,2,0.01393056150878697,0.0004286326618088298,0.013238908178953486
2022-09-07,64,10,0.013716245177882554,0.0021431633090441492,0.004207568121596972
2022-09-08,45,13,0.009638038123795245,0.00278432212465196,-0.009614585049848677
2022-09-09,41,13,0.008771929824561403,0.0027813436029097134,-0.0005411653678293877
2022-09-13,50,12,0.0106928999144568,0.0025662959794696323,0.0030070317756992386
2022-09-14,35,10,0.0074834295488561044,0.0021381227282446015,-0.007560402151233231
2022-09-15,30,52,0.006412997007268063,0.011115861479264643,-0.024094587401744597
2022-09-16,27,33,0.005771697306541257,0.00705429670799487,-0.023615840234974816
2022-09-19,32,28,0.006833226564168268,0.005979073243647235,-0.012968332147212398
2022-09-20,62,3,0.013236549957301452,0.0006404782237403928,0.014649764041754103
2022-09-21,43,9,0.00917235494880546,0.0019197952218430034,0.0028980942582712394
2022-09-22,41,8,0.00874386862870548,0.0017061207080400938,-0.003309307863815704
2022-09-23,22,27,0.004690831556503198,0.005756929637526652,-0.020467209111384048
2022-09-26,40,25,0.008521516829995739,0.005325948018747337,-0.01770401255059081
2022-09-27,80,5,0.017035775127768313,0.0010647359454855196,0.024059310981995676
2022-09-28,34,43,0.007237122179650915,0.009152830991911451,-0.026540652460248285
2022-09-29,26,29,0.005530738140821102,0.006168900233992768,-0.004850128966793076
2022-09-30,34,29,0.007227891156462585,0.006164965986394558,-0.013085902133444113
2022-10-10,33,54,0.007013815090329437,0.011477151965993623,-0.01817835766395553
2022-10-11,50,9,0.010622477161674103,0.0019120458891013384,0.005656964683809142
2022-10-12,89,0,0.018899978764068806,0.0,0.028349582294474884
2022-10-13,72,9,0.01528337932498408,0.00191042241562301,0.010200542782623116
2022-10-14,101,4,0.021439184886436,0.0008490766291657822,0.023151364471447132
2022-10-17,92,0,0.01952876247081299,0.0,0.016285748228288398
2022-10-18,70,2,0.014852535539995756,0.000424358158285593,0.0037242240959330206
2022-10-19,54,6,0.011447954208183167,0.0012719949120203519,-0.008243066882610398
2022-10-20,55,18,0.01165995336018656,0.0038159847360610556,-0.0025013235539641313
2022-10-21,53,24,0.011235955056179775,0.005087979648081407,0.0010861694535669734
2022-10-24,35,34,0.007419970320118719,0.007207971168115328,-0.012946567347521446
2022-10-25,56,30,0.011864406779661017,0.006355932203389831,-0.003304676669942721
2022-10-26,82,8,0.01735817104149026,0.001693480101608806,0.021135341245436867
2022-10-27,50,17,0.010584250635055038,0.0035986452159187127,-0.0029243505647079224
2022-10-28,24,105,0.005079365079365079,0.022222222222222223,-0.035760756148122456
2022-10-31,81,31,0.01713197969543147,0.00655668358714044,0.011679850142296874
2022-11-01,90,2,0.019023462270133164,0.0004227436060029592,0.025414365900289643
2022-11-02,89,2,0.018812090467131684,0.0004227436060029592,0.013691555816135613
2022-11-03,45,6,0.009511731135066582,0.0012682308180088776,0.004755606272437434
2022-11-04,76,1,0.01606425702811245,0.0002113718030014796,0.01715101354197928
2022-11-07,70,1,0.01478977392774139,0.00021128248468201986,0.006701742254903291
2022-11-08,42,3,0.008871989860583017,0.0006337135614702154,-0.000827098924193829
2022-11-09,45,3,0.00950168918918919,0.000633445945945946,0.0005238453230802242
2022-11-10,60,2,0.01266624445851805,0.0004222081486172683,-0.004697951967158755
2022-11-11,64,5,0.013507809202195019,0.001055297593921486,0.004292786252311219
2022-11-14,64,11,0.013504958852078497,0.0023211648027009917,-0.0010892336216173951
2022-11-15,87,4,0.018358303439544206,0.0008440599282549061,0.01992662791773203
2022-11-16,47,7,0.00990934008011807,0.0014758591608686486,-0.002139691069014792
2022-11-17,63,1,0.013282732447817837,0.0002108370229812355,0.004988148626835942
2022-11-18,51,7,0.010745891276864728,0.0014749262536873156,-0.007230674104201796
2022-11-21,61,11,0.012850221192332,0.0023172530018959344,0.0035170098914964086
2022-11-22,45,22,0.009475679090334808,0.004632554221941461,-0.012002035938785403
2022-11-23,48,28,0.01010739102969046,0.005895978100652769,-0.0063688248939561855
2022-11-24,51,7,0.010739102969046115,0.0014739945251631922,0.003737703059130837
2022-11-25,35,13,0.007368421052631579,0.0027368421052631577,-0.008751272269482531
2022-11-28,43,9,0.009052631578947368,0.001894736842105263,-0.004406840921104352
2022-11-29,100,2,0.021052631578947368,0.0004210526315789474,0.018534405900941246
2022-11-30,51,6,0.010732323232323232,0.0012626262626262627,-0.0010660419348867943
2022-12-01,60,4,0.012623606143488323,0.0008415737428992215,0.00893602125548161
2022-12-02,64,9,0.013462347496844763,0.0018931426167437947,0.006532914190060456
2022-12-05,56,4,0.01177707676130389,0.0008412197686645636,0.007764071586929335
2022-12-06,39,14,0.008201892744479496,0.0029442691903259727,-0.004067835572693587
2022-12-07,56,5,0.01177707676130389,0.0010515247108307045,0.0008897766553146241
2022-12-08,49,12,0.010298444724674232,0.0025220680958385876,-0.0034326286452695384
2022-12-09,43,7,0.009033613445378152,0.0014705882352941176,-0.0013917714508677602
2022-12-12,47,10,0.009869802603947922,0.0020999580008399833,-0.0018303080660420318
2022-12-13,57,6,0.011969760604787905,0.00125997480050399,-0.0037624494887387237
2022-12-14,56,13,0.011759764804703907,0.0027299454010919783,-0.002610702263799914
2022-12-15,33,5,0.0069269521410579345,0.0010495382031905961,0.0037030611831363994
2022-12-16,40,11,0.00839278220730172,0.0023080151070079733,-0.011261863799921818
2022-12-19,27,31,0.0056651279899286614,0.006504406210658833,-0.022371188003815108
2022-12-20,30,35,0.00629458665547629,0.007343684431389006,-0.004317499407138249
2022-12-21,30,10,0.0062932662051604785,0.0020977554017201595,-0.007634831170925776
2022-12-22,36,15,0.007550335570469799,0.003145973154362416,-0.014435518310554191
2022-12-23,45,18,0.009433962264150943,0.0037735849056603774,-0.0027938788128255075
2022-12-26,66,4,0.013830678960603521,0.0008382229673093043,0.017015631255701952
2022-12-27,48,9,0.010054461667364893,0.0018852115626309175,0.005302397337859747
2022-12-28,35,10,0.007326774126020515,0.0020933640360058614,-0.011286582627335484
2022-12-29,38,10,0.007954783336822273,0.0020933640360058614,-0.003549911930701235
2022-12-30,44,2,0.009205020920502092,0.00041841004184100416,0.006592485863429655
2023-01-03,104,3,0.021757322175732216,0.0006276150627615063,0.023267813921890885
2023-01-04,56,10,0.011715481171548118,0.0020920502092050207,0.0042826438961722675
2023-01-05,41,9,0.008577405857740585,0.0018828451882845188,0.006372213730529931
2023-01-06,35,17,0.007320644216691069,0.003555741476678519,-0.0016314274453626606
2023-01-09,45,2,0.009412256850031374,0.0004183225266680611,0.0061594681040768925
2023-01-10,39,5,0.008157289270027191,0.0010458063166701526,-0.000988927689537083
2023-01-11,33,3,0.006902321690023008,0.0006274837900020916,-0.008677387303451837
2023-01-12,34,10,0.007111482953357038,0.002091612633340305,0.00045729301818094015
2023-01-13,32,12,0.006693160426688978,0.0025099351600083664,0.004087289617859771
2023-01-16,41,7,0.008575611796695252,0.0014641288433382138,0.011425119638525421
2023-01-17,32,8,0.006693160426688978,0.0016732901066722444,-0.0008145803413398751
2023-01-18,36,4,0.0075282308657465494,0.000836470096194061,0.004407662034682647
2023-01-19,31,14,0.006479933110367893,0.002926421404682274,0.0067334684494307255
2023-01-20,28,7,0.005852842809364548,0.001463210702341137,0.00793532412534687
2023-01-30,87,1,0.01818181818181818,0.0002089864158829676,0.013295901137847696
2023-01-31,47,12,0.009820309235269536,0.0025073129962390303,0.002988663631381784
2023-02-01,74,3,0.015458533528305828,0.0006266973052015876,0.016994377377357338
2023-02-02,52,5,0.010862753290160853,0.0010444955086693127,0.0035214835817385993
2023-02-03,42,5,0.008773762272822228,0.0010444955086693127,0.00017545544574585478
2023-02-06,41,6,0.008564863171088365,0.0012533946104031752,-0.0017012650335108263
2023-02-07,40,6,0.008355964069354502,0.0012533946104031752,0.0070550568544827715
2023-02-08,32,2,0.00668197953643767,0.00041762372102735435,-0.0047800134669792466
2023-02-09,33,4,0.0068879148403256105,0.0008348987685243164,0.013746562019648974
2023-02-10,23,8,0.004799666110183639,0.001669449081803005,-0.001251235673680686
2023-02-13,46,0,0.009599332220367279,0.0,0.010374540774251467
2023-02-14,25,1,0.005215939912372209,0.00020863759649488838,0.0009806641250077852
2023-02-15,36,1,0.007510953473815982,0.00020863759649488838,0.0023767018250517202
2023-02-16,20,12,0.004170141784820684,0.0025020850708924102,-0.02282490329689869
2023-02-17,28,3,0.005836981446737544,0.0006253908692933083,-0.0053091866118577585
2023-02-20,41,9,0.00854522717799083,0.0018757815756565235,0.012733286438996324
2023-02-21,18,2,0.003750781412794332,0.00041675349031048136,0.004030261322033742
2023-02-22,24,1,0.005,0.00020833333333333335,0.0019287764858656035
2023-02-23,24,4,0.005,0.0008333333333333334,-0.0020856049503289865
2023-02-24,15,3,0.003125,0.000625,-0.0023361069066903674
2023-02-27,20,0,0.00416579879191835,0.0,-0.008592829876579576
2023-02-28,27,1,0.005623828369089773,0.00020828993959591752,0.009292241060845146
2023-03-01,30,0,0.006246096189881324,0.0,0.008873748248860037
2023-03-02,26,4,0.0054132833645638145,0.0008328128253175099,-0.0037386635971616983
2023-03-03,16,6,0.0033298647242455777,0.0012486992715920915,-0.00025187646905335404
2023-03-06,19,3,0.0039533915938410324,0.0006242197253433209,0.0016869011402465151
2023-03-07,20,7,0.004160599126274184,0.0014562096941959641,-0.020636858368429312
2023-03-08,25,0,0.005199667221297837,0.0,0.008834911889839847
2023-03-09,28,2,0.0058212058212058215,0.0004158004158004158,0.0024356893203219894
2023-03-10,19,6,0.003949282893369362,0.001247141966327167,-0.013230402202738953
2023-03-13,32,2,0.0066486598794930395,0.00041554124246831497,0.002465228928071956
2023-03-14,20,5,0.00415541242468315,0.0010388531061707874,-0.011535680215526539
2023-03-15,32,0,0.006647278770253427,0.0,0.008432514587358666
2023-03-16,19,6,0.003946002076843198,0.0012461059190031153,-0.015575068495947402
2023-03-17,32,2,0.006644518272425249,0.0004152823920265781,0.007442131981031688
2023-03-20,22,11,0.0045662100456621,0.00228310502283105,-0.003206990048718566
2023-03-21,40,5,0.008298755186721992,0.001037344398340249,0.015303443991841378
2023-03-22,31,4,0.006431535269709543,0.0008298755186721991,0.006056873324325887
2023-03-23,23,3,0.004771784232365146,0.0006224066390041493,0.000682396798987211
2023-03-24,22,5,0.004564315352697096,0.001037344398340249,0.0007694519315076495
2023-03-27,38,6,0.00788218211989214,0.0012445550715619166,0.00011922274598489115
2023-03-28,30,7,0.006221484861053505,0.0014516798009124845,-0.008272289072078526
2023-03-29,18,9,0.0037305699481865284,0.0018652849740932642,-0.003902469117312242
2023-03-30,19,7,0.003937823834196891,0.001450777202072539,-0.003153850842057316
2023-03-31,35,1,0.0072523829258184834,0.00020721094073767094,0.009440669842080337
2023-04-03,44,1,0.009115392583385125,0.00020716801325875285,0.010279084789824585
2023-04-04,24,6,0.004967915545435728,0.001241978886358932,-0.008418484401086022
2023-04-06,33,10,0.0068308838749741255,0.0020699648105982197,4.331710885735011e-05
2023-04-07,46,2,0.009519867549668874,0.0004139072847682119,0.009931193152728826
2023-04-10,19,23,0.00392399834779017,0.004750103263114415,-0.012091519751109742
2023-04-11,31,10,0.006402313093762908,0.0020652622883106154,0.0013187887270877728
2023-04-12,58,3,0.01197852127220157,0.0006195786864931846,0.008639638838578797
2023-04-13,32,2,0.00660883932259397,0.0004130524576621231,-0.004766313810990485
2023-04-14,34,6,0.007021891780256092,0.0012391573729863693,0.004553190540920645
2023-04-17,39,11,0.00805119735755574,0.0022708505367464906,0.0007145449243763486
2023-04-18,22,7,0.004537953795379538,0.0014438943894389438,-0.0052680563493298135
2023-04-19,32,8,0.006599298824499897,0.0016498247061249743,-0.0036049021817634763
2023-04-20,34,10,0.0070103092783505155,0.002061855670103093,-0.00464144107153883
2023-04-21,11,47,0.0022675736961451248,0.00968872397443826,-0.027051643575158674
2023-04-24,40,28,0.008242324335462601,0.00576962703482382,-0.005197287409873872
2023-04-25,29,61,0.005974454058508447,0.012566955088586733,-0.02144913639448659
2023-04-26,56,32,0.011536876802637,0.006592501030078286,0.009005546165871013
2023-04-27,37,38,0.007622579316028018,0.007828594973217964,0.0007992808215613001
2023-04-28,107,18,0.022043675319324267,0.003708281829419036,0.01903848890586745
2023-05-04,95,19,0.01957148743304491,0.003914297486608982,0.004808324725508383
2023-05-05,42,24,0.008649093904448105,0.004942339373970346,-0.008678954610117601
2023-05-08,58,15,0.01194152769199094,0.0030883261272390363,0.005409406298571009
2023-05-09,23,28,0.004735433395099856,0.005764875437512868,-0.015200771149290191
2023-05-10,37,19,0.007614735542292653,0.00391026960279893,0.004435899872625876
2023-05-11,50,20,0.0102880658436214,0.00411522633744856,0.005400050538248819
2023-05-12,26,29,0.005348693684427073,0.005965850648014812,-0.010205327126512061
2023-05-15,38,19,0.00781732153877803,0.003908660769389015,0.008703846848884766
2023-05-16,23,45,0.004729590787579683,0.009253547193090685,-0.007279459188879114
2023-05-17,42,16,0.008634868421052632,0.003289473684210526,0.00992635152101287
2023-05-18,46,10,0.009453349773941636,0.002055076037813399,0.004523521077485325
2023-05-19,29,18,0.005956048469911686,0.0036968576709796672,0.0007681910205674552
2023-05-22,41,9,0.008417162800246356,0.0018476698829809075,0.0041898762955574756
2023-05-23,28,11,0.005745947055202134,0.002257336343115124,-0.009304183753099863
2023-05-24,44,18,0.009025641025641025,0.0036923076923076922,-0.0010397171948652367
2023-05-25,50,22,0.010254306808859722,0.004511894995898278,-0.001004952062699544
2023-05-26,49,34,0.010047160139429977,0.006971498872257536,0.003245471629887971
2023-05-29,41,25,0.008406807463604674,0.00512610211195407,-0.004428074461191115
2023-05-30,45,22,0.00922509225092251,0.004510045100451004,0.0035405120446849723
2023-05-31,43,27,0.008815088150881509,0.005535055350553505,-0.0031702815519538702
2023-06-01,46,21,0.009426229508196722,0.00430327868852459,0.002291480521690403
2023-06-02,62,25,0.012699713232281851,0.005120852109791069,0.006704879486750064
2023-06-05,52,11,0.010649191071062871,0.002252713495801761,0.0031821105372017685
2023-06-06,46,25,0.009416581371545548,0.00511770726714432,-0.02067281752032525
2023-06-07,61,22,0.01248720573183214,0.004503582395087001,0.003354777037629368
2023-06-08,33,32,0.006753990994678674,0.006549324600900532,-0.005892862656469163
2023-06-09,69,22,0.01411331560646349,0.004499897729597055,0.0042375464297495944
2023-06-12,63,14,0.012883435582822086,0.0028629856850715747,0.006655426185580896
2023-06-13,47,15,0.009611451942740287,0.003067484662576687,0.0034733080506589814
2023-06-14,50,8,0.010222858311183807,0.001635657329789409,0.00039179836961987405
2023-06-15,41,20,0.008381030253475062,0.004088307440719542,0.003098881886659013
2023-06-16,57,25,0.011649294911097487,0.005109339873288371,0.005049506562509971
2023-06-19,49,13,0.010010214504596528,0.002655771195097038,0.00010022955747930971
2023-06-20,40,18,0.008168266285480907,0.003675719828466408,-0.004543316374515344
2023-06-21,40,40,0.00816326530612245,0.00816326530612245,-0.016333144587589426
2023-06-26,40,43,0.00816326530612245,0.008775510204081632,-0.018173001889326322
2023-06-27,67,7,0.01366231647634584,0.0014274061990212073,0.01791866316272638
2023-06-28,34,16,0.006928877114326473,0.0032606480538006927,-0.0030617107577030635
2023-06-29,59,12,0.01202118989405053,0.0024449877750611247,0.008889656957043721
2023-06-30,57,10,0.011606597434331093,0.0020362451639177356,0.01133105040956702
2023-07-03,44,15,0.008957654723127036,0.0030537459283387623,0.004014212295447549
2023-07-04,53,9,0.010787706085894565,0.0018318746183594546,0.006044842372402879
2023-07-05,26,15,0.005291005291005291,0.0030525030525030525,-0.006698863236426655
2023-07-06,35,4,0.007122507122507123,0.000814000814000814,-0.000924805002923092
2023-07-07,23,19,0.00467860048820179,0.0038649308380797396,-0.005889027058080972
2023-07-10,36,11,0.0073200488003253355,0.0022366815778771857,0.0004617582726590473
2023-07-11,38,8,0.0077267181781211875,0.0016266775111834079,0.008158881497675314
2023-07-12,33,14,0.006704591629418936,0.0028443722064201544,-0.011913898419831754
2023-07-13,38,11,0.00771887060735324,0.0022344099126548854,0.009921990406716284
2023-07-14,44,14,0.008935824532900082,0.002843216896831844,-0.00034984858243718907
2023-07-17,30,13,0.0060901339829476245,0.002639058059277304,-0.0026800882113339783
2023-07-18,19,4,0.00385630200933631,0.0008118530545971179,-0.0003268871526046235
2023-07-19,21,4,0.004259634888438134,0.0008113590263691683,-0.0014792538068609093
2023-07-20,27,7,0.005474452554744526,0.001419302514193025,-0.01126572114593333
2023-07-21,31,19,0.00628420839245895,0.003851611595378066,-0.0036208260346707877
2023-07-24,25,10,0.005065856129685917,0.002026342451874367,-0.0001555281679791508
2023-07-25,59,1,0.011950577273647964,0.00020255215718047398,0.016345406322209138
2023-07-26,37,1,0.007489878542510121,0.00020242914979757084,-0.004227388606757569
2023-07-27,29,8,0.005869257235377454,0.0016191054442420564,-0.00677424153305878
2023-07-28,48,3,0.00971266693646297,0.0006070416835289356,0.007254603402029913
2023-07-31,45,1,0.009105625252934034,0.00020234722784297855,0.008042098140165942
2023-08-01,34,3,0.006877022653721683,0.0006067961165048543,-0.002816329883878276
2023-08-02,27,1,0.0054611650485436895,0.0002022653721682848,-0.0012765537793805188
2023-08-03,27,6,0.005458956732713303,0.001213101496158512,-0.0007820226892673916
2023-08-04,20,3,0.004042854255104104,0.0006064281382656155,0.0009489562946447216
2023-08-07,30,12,0.006063055780113177,0.002425222312045271,-0.00566130508300417
2023-08-08,33,11,0.006668013740149525,0.002222671246716508,-0.0016439501620131747
2023-08-09,22,5,0.0044426494345718905,0.0010096930533117932,-0.007311209100120086
2023-08-10,26,8,0.005249343832020997,0.0016151827175449223,0.003209637543430316
2023-08-11,24,6,0.004844570044408559,0.0012111425111021397,-0.01612388071549432
2023-08-14,30,5,0.006055712555510699,0.0010092854259184498,0.0038064330232120166
2023-08-15,30,2,0.006053268765133172,0.0004035512510088781,-0.0062704603422186755
2023-08-16,28,0,0.005647438483259379,0.0,-0.009515449519317092
2023-08-17,42,1,0.008467741935483872,0.00020161290322580645,0.012995184689666813
2023-08-18,32,17,0.006449012494961709,0.0034260378879484078,-0.012793444003761487
2023-08-21,35,5,0.007052186177715092,0.0010074551682450132,-0.0064735605663614445
2023-08-22,44,7,0.008863819500402902,0.0014101531023368251,0.0020847733718814864
2023-08-23,35,14,0.007047925896093436,0.002819170358437374,-0.017127063185957886
2023-08-24,36,15,0.00724929520741039,0.0030205396697543293,-0.0008200508584373734
2023-08-25,22,46,0.004429232937386752,0.009261123414535936,-0.01933032003005728
2023-08-28,44,7,0.008856682769726247,0.0014090177133655394,0.008973004739836
2023-08-29,99,1,0.019927536231884056,0.00020128824476650564,0.036225991470951235
2023-08-30,39,5,0.007848661702555847,0.001006238679814852,0.007610097572831468
2023-08-31,31,14,0.006238679814852083,0.002817468303481586,-0.004839967251134439
2023-09-01,29,1,0.0058350100603621734,0.00020120724346076458,0.0004669060278887602
2023-09-04,53,2,0.010663983903420523,0.00040241448692152917,0.013274720864634588
2023-09-05,21,4,0.004224502112251056,0.0008046670690002012,-0.004637738817781036
2023-09-06,40,3,0.008045052292839904,0.0006033789219629927,0.005131168576580576
2023-09-07,19,10,0.003821399839098954,0.002011263073209976,-0.01689310969620485
2023-09-08,35,10,0.0070380052282324555,0.0020108586366378444,0.0026961056226002785
2023-09-11,31,6,0.006231155778894473,0.001206030150753769,0.008946943645441935
2023-09-12,29,2,0.005829145728643216,0.0004020100502512563,-0.0009098831228976436
2023-09-13,23,0,0.004623115577889447,0.0,-0.010908588412484651
2023-09-14,26,0,0.00522508038585209,0.0,-0.008039747945606026
2023-09-15,36,2,0.007233273056057866,0.0004018485031143259,0.0015515411051201147
2023-09-18,46,11,0.009242515571629495,0.0022101667671287923,0.006966589293562616
2023-09-19,24,10,0.004822182037371911,0.0020092425155716293,-0.010056613350856426
2023-09-20,25,13,0.00502108857200241,0.0026109660574412533,-0.007146550990077762
2023-09-21,23,0,0.004618473895582329,0.0,-0.007081170730926232
2023-09-22,33,7,0.006626506024096385,0.0014056224899598394,0.018824743607301613
2023-09-25,29,14,0.005820955439582497,0.0028101164191087916,-0.004113382427721833
2023-09-26,34,8,0.006824568446407065,0.0016057808109193096,-0.004031213237839456
2023-09-27,40,9,0.008028904054596548,0.0018065034122842231,0.004264538699590807
2023-09-28,42,7,0.008426966292134831,0.0014044943820224719,0.009505217435598427
2023-10-09,61,17,0.012239165329052969,0.0034109149277688606,-0.00470651763237319
2023-10-10,49,11,0.00982948846539619,0.0022066198595787363,-0.0026422061374930033
2023-10-11,38,7,0.00762133975130365,0.0014039310068190934,0.00270529123160248
2023-10-12,34,8,0.00681909346169274,0.001604492579221821,0.005312540297707449
2023-10-13,39,3,0.007821901323706379,0.0006016847172081829,-0.006649730373492093
2023-10-16,62,10,0.012434817488969114,0.0020056157240272766,-0.006153057949191239
2023-10-17,29,10,0.005813953488372093,0.002004811547714515,-0.0014500858042379222
2023-10-18,39,15,0.007818765036086608,0.003007217321571772,-0.017940749520192374
2023-10-19,29,25,0.005813953488372093,0.005012028869286287,-0.008775160902353137
2023-10-20,39,19,0.007818765036086608,0.003809141940657578,-0.009297768138564177
2023-10-23,36,26,0.0072158749248346366,0.005211465223491682,-0.024077524857792156
2023-10-24,78,4,0.0156312625250501,0.0008016032064128256,0.024443428918817643
2023-10-25,70,3,0.014028056112224449,0.0006012024048096192,0.013861714434427469
2023-10-26,45,5,0.009018036072144289,0.001002004008016032,0.003314717512581125
2023-10-27,78,4,0.0156312625250501,0.0008016032064128256,0.014955875155478505
2023-10-30,70,9,0.014025245441795231,0.0018032458425165298,0.012675141281924832
2023-10-31,42,14,0.008413461538461538,0.0028044871794871795,-0.0038213361726010526
2023-11-01,39,8,0.007810935309433206,0.0016022431403965552,0.002025061530812367
2023-11-02,31,7,0.006208692169036651,0.0014019627478469858,-0.010185155316706572
2023-11-03,44,5,0.00881057268722467,0.001001201441730076,0.012702652183877056
2023-11-06,61,3,0.012214657589106928,0.0006007208650380457,0.020183853838626704
2023-11-07,55,0,0.011011011011011011,0.0,0.00528931715517639
2023-11-08,52,6,0.01041041041041041,0.0012012012012012011,0.0021418963337685826
2023-11-09,34,23,0.0068054443554843875,0.004603682946357086,-0.005950539487673053
2023-11-10,37,16,0.007405924739791833,0.0032025620496397116,-0.0014324271849782452
2023-11-13,42,3,0.00840504302581549,0.0006003602161296778,0.010265581328174308
2023-11-14,41,2,0.008204922953772264,0.00040024014408645187,0.005359295862196894
2023-11-15,58,0,0.011606964178507104,0.0,0.006249580456307984
2023-11-16,34,5,0.006802721088435374,0.0010004001600640256,-0.00741462950337207
2023-11-17,46,6,0.009201840368073614,0.001200240048009602,0.0077399460685794634
2023-11-20,62,1,0.01240248049609922,0.00020004000800160032,0.009885457483820817
2023-11-21,55,3,0.011002200440088018,0.000600120024004801,-0.005215398301052442
2023-11-22,52,10,0.010402080416083216,0.002000400080016003,-0.00977905309546068
2023-11-23,42,18,0.008401680336067214,0.0036007201440288058,0.009436552524458236
2023-11-24,34,17,0.0068013602720544105,0.0034006801360272052,-0.01200054450976543
2023-11-27,39,23,0.007801560312062412,0.004600920184036807,2.3028519203239234e-05
2023-11-28,39,13,0.0078,0.0026,0.007998652798159235
2023-11-29,31,9,0.0061987602479504095,0.001799640071985603,-0.005726998896913815
2023-11-30,30,4,0.00599880023995201,0.0007998400319936012,-0.005351182849774827
2023-12-01,52,8,0.010395841663334666,0.001599360255897641,0.005804934932807176
2023-12-04,55,4,0.010995601759296281,0.0007996801279488205,0.00012124411973133252
2023-12-05,39,5,0.00779532280631621,0.0009994003597841295,-0.01782023974162911
2023-12-06,40,9,0.007993605115907274,0.0017985611510791368,0.004939532738123249
2023-12-07,39,19,0.0077937649880095924,0.0037969624300559553,-0.0029567353622566295
2023-12-08,34,18,0.006793206793206793,0.0035964035964035964,-0.008984676034421366
2023-12-11,40,3,0.007992007992007992,0.0005994005994005994,0.010819096498951502
2023-12-12,48,1,0.009588493807431082,0.00019976028765481422,0.004332997605754352
2023-12-13,38,3,0.007589374875174755,0.0005991611743559018,-0.0060086413049284994
2023-12-14,41,13,0.008188536049530657,0.0025963650888755742,-0.0024971844321375115
2023-12-15,45,5,0.008985623003194889,0.000998402555910543,-0.004082725406473464
2023-12-18,37,22,0.007386703932920743,0.004392094230385306,-0.013569491752396006
2023-12-19,29,19,0.005789578758235177,0.003793172289878219,0.0020305542218717236
2023-12-20,33,15,0.006586826347305389,0.0029940119760479044,-0.009953835678531898
2023-12-21,38,6,0.007583316703252844,0.001197365795250449,0.007016354680274336
2023-12-22,20,60,0.0039904229848363925,0.011971268954509178,-0.013422460367777668
2023-12-25,34,33,0.006783719074221868,0.006584197924980048,-0.0032461555945204894
2023-12-26,39,14,0.007779772591262717,0.0027927388789148215,-0.013216634612889312
2023-12-27,31,22,0.006182688472277623,0.0043877143996808934,0.0077016598859022236
2023-12-28,66,10,0.013160518444666001,0.0019940179461615153,0.019310594930054496
2023-12-29,72,4,0.014354066985645933,0.0007974481658692185,0.015033111733449817
2024-01-02,56,4,0.011164274322169059,0.0007974481658692185,0.0014126522533959166
2024-01-03,38,8,0.007574247558301774,0.0015945784333266893,-0.004485575527701978
2024-01-04,40,10,0.007972892166633447,0.001993223041658362,-0.0033470939291665057
2024-01-05,24,14,0.004783735299980068,0.0027905122583217062,-0.016637316773001863
2024-01-08,35,21,0.006976280645804266,0.004185768387482559,-0.019331084241931435
2024-01-09,45,9,0.008969503687462627,0.0017939007374925253,0.005589465260560604
2024-01-10,36,16,0.007174172977281785,0.0031885213232363493,-0.009008047095833693
2024-01-11,56,3,0.011155378486055778,0.000597609561752988,0.01672849795194085
2024-01-12,26,6,0.0051792828685258965,0.001195219123505976,-0.007339327105581522
2024-01-15,38,4,0.007569721115537849,0.0007968127490039841,-0.001939917623369836
2024-01-16,32,5,0.006373232423819956,0.0009958175662218682,-0.004175497725001865
2024-01-17,34,19,0.006771559450308703,0.003784106751643099,-0.025033935552400507
2024-01-18,38,12,0.007566706491437674,0.0023894862604540022,-0.006834485340088966
2024-01-19,41,28,0.008162452717499503,0.005574357953414294,-0.01290882853888557
2024-01-22,17,171,0.0033844316145729644,0.034043400358351586,-0.057568589793389566
2024-01-23,45,30,0.008958789567987258,0.005972526378658172,0.002755487826518163
2024-01-24,81,3,0.016119402985074627,0.0005970149253731343,0.01490045629470692
2024-01-25,131,4,0.026069651741293533,0.0007960199004975124,0.03643489255645776
2024-01-26,59,10,0.011741293532338309,0.001990049751243781,-0.00371530133451132
2024-01-29,30,92,0.005970149253731343,0.018308457711442787,-0.030047797200921992
2024-01-30,23,105,0.004576203740549145,0.020891364902506964,-0.03211520145609291
2024-01-31,28,206,0.005571030640668524,0.040986868284918425,-0.04714739823637549
2024-02-01,31,70,0.006167926780740151,0.013927576601671309,-0.014315073386616623
2024-02-02,27,120,0.0053709966182613885,0.023871096081161728,-0.04272424997353644
2024-02-05,16,1377,0.0031828128108215637,0.2739208275313308,-0.08244353881966322
2024-02-06,162,149,0.03222597970956833,0.029639944300775812,0.026291921172057687
2024-02-07,105,295,0.020883054892601432,0.0586714399363564,-0.013674428642793772
2024-02-08,585,4,0.11630218687872763,0.0007952286282306163,0.06945838632912471
2024-02-19,281,0,0.0558648111332008,0.0,0.03290358595694315
2024-02-20,129,0,0.025646123260437376,0.0,0.012438479704078676
2024-02-21,137,0,0.027236580516898607,0.0,0.016465503547580144
2024-02-22,100,0,0.019880715705765408,0.0,0.022903220957850634
2024-02-23,144,0,0.028628230616302187,0.0,0.027145998009266595
2024-02-26,112,1,0.022266401590457258,0.00019880715705765408,0.01462105514039984
2024-02-27,107,2,0.021272365805168985,0.00039761431411530816,0.0273481613086292
2024-02-28,31,379,0.006161796859471278,0.07533293579805207,-0.06102007733815976
2024-02-29,116,3,0.023057046312860267,0.0005963029218843172,0.03778517656164467
2024-03-01,74,5,0.014705882352941176,0.0009936406995230524,0.011687405613682563
2024-03-04,79,11,0.015699523052464227,0.0021860095389507153,0.002215921074349541
2024-03-05,51,12,0.010135135135135136,0.0023847376788553257,-0.015137482315806446
2024-03-06,92,2,0.018282988871224166,0.000397456279809221,0.00998576060761082
2024-03-07,64,13,0.012718600953895072,0.0025834658187599362,-0.00816603360457638
2024-03-08,70,4,0.013910969793322734,0.000794912559618442,0.010586833438711916
2024-03-11,91,0,0.018084260731319555,0.0,0.01946795243644242
2024-03-12,77,0,0.015302066772655007,0.0,0.01229421118992848
2024-03-13,60,1,0.011918951132300357,0.0001986491855383393,0.0017325301359002092
2024-03-14,48,6,0.009535160905840286,0.0011918951132300357,-0.005487147595579297
2024-03-15,76,0,0.015097338100913786,0.0,0.014073527952982941
2024-03-18,90,3,0.017878426698450536,0.0005959475566150178,0.02007487767999512
2024-03-19,63,5,0.012514898688915376,0.0009932459276916965,-0.002698417999419489
2024-03-20,86,2,0.017077045274027005,0.0003971405877680699,0.01149549562408063
2024-03-21,70,6,0.013899920571882446,0.0011914217633042098,0.0010535832827755123
2024-03-22,60,20,0.011914217633042097,0.003971405877680699,-0.014109164022545126
2024-03-25,42,47,0.008339952343129467,0.009332803812549643,-0.02426705975817086
2024-03-26,65,16,0.012907069102462271,0.003177124702144559,0.00016712697939755844
2024-03-27,43,70,0.008538522637013502,0.013899920571882446,-0.03200900368560614
2024-03-28,84,5,0.0166732830488289,0.0009924573243350536,0.023023817187450703
2024-03-29,72,10,0.014291385470424772,0.001984914648670107,0.012597069725954004
2024-04-01,84,8,0.0166732830488289,0.0015879317189360857,0.02238097958093477
2024-04-02,62,8,0.012304028577098631,0.0015876165905933718,-0.0015505462530351016
2024-04-03,52,20,0.010319507838856917,0.0039690414764834295,-0.007811680627255801
2024-04-08,57,58,0.01130952380952381,0.011507936507936509,-0.023854789429232175
2024-04-09,66,13,0.013095238095238096,0.0025793650793650793,0.014393454206601796
2024-04-10,30,34,0.005952380952380952,0.006746031746031746,-0.0210393848258318
2024-04-11,48,18,0.009521920253917874,0.0035707200952192026,0.0021893569511849636
2024-04-12,62,14,0.01229914699464392,0.0027772267407260463,-0.007164674382216333
2024-04-15,25,301,0.004958349861166204,0.05969853232844109,-0.033360708636172604
2024-04-16,20,737,0.003966679888932963,0.1461721539071797,-0.0639290894362767
2024-04-17,291,14,0.057715192383974614,0.002776675922253074,0.05963051138791043
2024-04-18,69,13,0.013685045616818723,0.002578341927806426,-0.0013961514657672483
2024-04-19,62,28,0.012296707655692185,0.005553351844506148,-0.005931077198532967
2024-04-22,58,50,0.011503371677905593,0.009916699722332408,-0.006060760838206186
2024-04-23,65,24,0.01289170963903213,0.004760015866719556,0.006781523411973329
2024-04-24,62,10,0.012296707655692185,0.0019833399444664813,0.01909000290491608
2024-04-25,57,8,0.011305037683458944,0.0015866719555731853,0.004471569009201672
2024-04-26,73,7,0.014478381594605315,0.001388337961126537,0.014446196853097348
2024-04-29,149,11,0.029551765172550575,0.00218167393891313,0.027961718556640112
2024-04-30,64,34,0.012693375644585482,0.006743355811186037,-0.006055043528936118
2024-05-06,99,23,0.01963506545021817,0.004561681872272907,0.021885410864015305
2024-05-07,60,18,0.01190003966679889,0.0035700119000396666,0.006817866469091907
2024-05-08,54,21,0.010710035700119,0.004165013883379611,-0.013153919302379056
2024-05-09,59,18,0.011699385286535793,0.003569303985722784,0.013606065488399408
2024-05-10,41,35,0.008130081300813009,0.00694031330557208,-0.010695997403015637
2024-05-13,32,44,0.006344171292624901,0.008723235527359239,-0.0163438449774057
2024-05-14,64,23,0.012688342585249802,0.004559873116574148,0.008113263296713361
2024-05-15,42,11,0.008326724821570182,0.0021808088818398097,-0.007033108148752124
2024-05-16,54,10,0.01070578905630452,0.0019825535289452814,0.004740553952846677
2024-05-17,90,6,0.017842981760507533,0.0011895321173671688,0.01312105735694831
2024-05-20,48,27,0.00951625693893735,0.00535289452815226,0.0033370683322302246
2024-05-21,25,30,0.0049563838223632035,0.005947660586835844,-0.010487842899008566
2024-05-22,47,14,0.009318001586042823,0.0027755749405233942,0.004726708011705006
2024-05-23,26,29,0.005154639175257732,0.005749405233941317,-0.021514489862634448
2024-05-24,42,27,0.008326724821570182,0.00535289452815226,-0.010439079909095749
2024-05-27,45,32,0.008921490880253766,0.006344171292624901,0.005684524343316542
2024-05-28,29,32,0.005749405233941317,0.006344171292624901,-0.010898594911912559
2024-05-29,31,38,0.006145915939730373,0.00753370340999207,0.0015738248030078253
2024-05-30,31,39,0.006145915939730373,0.007731958762886598,-0.006855907225584535
2024-05-31,38,18,0.00753370340999207,0.0035685963521015066,0.006597500637689696
2024-06-03,19,75,0.003766851704996035,0.01486915146708961,-0.018876757091762026
2024-06-04,33,52,0.006542426645519429,0.010309278350515464,-0.007573528175764579
2024-06-05,20,37,0.003964321110009911,0.007333994053518335,-0.019025960257488476
2024-06-06,21,156,0.004162537165510407,0.030921704658077306,-0.03689523664910631
2024-06-07,87,32,0.017241379310344827,0.006341656757827983,0.017018331981432114
2024-06-11,39,25,0.0077288941736028535,0.004954419342053111,0.005858773355622804
2024-06-12,70,9,0.013869625520110958,0.0017832375668714088,0.012800424114635285
2024-06-13,52,15,0.01030315038636814,0.002972062611452348,-0.0037825494443870637
2024-06-14,33,19,0.006538537745195166,0.003764612641172974,-0.00048391282788224645
2024-06-17,32,10,0.006340400237765009,0.0019813750743015654,-0.004929091155598841
2024-06-18,54,10,0.010699425401228452,0.0019813750743015654,0.012202820385526688
2024-06-19,48,8,0.009510600356647513,0.0015851000594412521,-0.006306948764127717
2024-06-20,36,34,0.0071315372424722665,0.006735340729001585,-0.01999473570564505
2024-06-21,40,30,0.00792393026941363,0.005942947702060222,-0.002507959706393112
2024-06-24,23,69,0.0045562599049128365,0.01366877971473851,-0.036572722848409685
2024-06-25,60,29,0.011885895404120444,0.005744849445324881,-0.00023060276198067295
2024-06-26,70,5,0.013861386138613862,0.0009900990099009901,0.02811411721729351
2024-06-27,35,25,0.006930693069306931,0.0049504950495049506,-0.018811853611957238
2024-06-28,38,21,0.0075247524752475245,0.004158415841584159,0.004198098290092509
2024-07-01,51,16,0.0100990099009901,0.0031683168316831685,0.008037390365530143
2024-07-02,54,8,0.010693069306930694,0.0015841584158415843,-7.9602055803445e-05
2024-07-03,46,12,0.00910710750346466,0.002375767174816868,-0.008781957096025604
2024-07-04,20,36,0.0039596119580281135,0.0071273015244506036,-0.026809332896181832
2024-07-05,48,9,0.009501187648456057,0.0017814726840855108,0.010411212820824871
2024-07-08,22,36,0.00435471100554236,0.007125890736342043,-0.026699921626957168
2024-07-09,57,18,0.011282660332541567,0.0035629453681710215,0.017471951087004427
2024-07-10,44,38,0.008707698396991885,0.007520284979220265,-0.007608400005999924
2024-07-11,110,4,0.021769245992479716,0.0007916089451810805,0.0303978073412537
2024-07-12,43,9,0.008509796160696616,0.0017811201266574313,-0.0030283770062800204
2024-07-15,36,14,0.007124480506629725,0.002770631308133782,-0.014779995471188348
2024-07-16,41,2,0.008113991688106075,0.00039580447259054025,0.001062003491541516
2024-07-17,35,11,0.0069265782703344545,0.0021769245992479713,-0.01100350136259333
2024-07-18,44,5,0.008707698396991885,0.0009895111814763506,-0.00042949055413478334
2024-07-19,51,10,0.010093014051058776,0.0019790223629527013,0.006325802421979273
2024-07-22,56,10,0.0110803324099723,0.0019786307874950534,0.004753975210664629
2024-07-23,49,10,0.009695290858725761,0.0019786307874950534,-0.020125630406258175
2024-07-24,39,28,0.007716660071230708,0.00554016620498615,-0.015541444464842928
2024-07-25,50,7,0.009893153937475268,0.0013850415512465374,0.00485085110339032
2024-07-26,68,9,0.013452027695351138,0.0017804154302670622,0.01611432451905679
2024-07-29,74,2,0.01463897131552918,0.0003956478733926805,0.0012195601236137611
2024-07-30,74,1,0.01463897131552918,0.00019782393669634025,0.0054864741042855185
2024-07-31,94,2,0.018591772151898733,0.00039556962025316455,0.033874500742445364
2024-08-01,64,4,0.01265572473798695,0.0007909827961241843,0.0008445697063937348
2024-08-02,53,11,0.010480522048645443,0.002175202689341507,-0.012699130500110374
2024-08-05,53,40,0.010480522048645443,0.007909827961241843,-0.02465303826239916
2024-08-06,70,21,0.01383946223803875,0.004151838671411625,0.018962356658497038
2024-08-07,58,19,0.011466982997232108,0.003756425464610518,0.00018952936912372905
2024-08-08,56,21,0.011071569790431,0.004151838671411625,-0.0022524000856445807
2024-08-09,35,18,0.006919731119019375,0.0035587188612099642,-0.007227735808200968
2024-08-12,35,35,0.006919731119019375,0.006919731119019375,-0.007083608110918231
2024-08-13,42,10,0.00830367734282325,0.0019770660340055358,0.006955054271268332
2024-08-14,37,5,0.007313698359359557,0.0009883376161296698,-0.005139646835054425
2024-08-15,52,3,0.010278711207748568,0.0005930025696778019,0.008510128301768095
2024-08-16,42,14,0.008300395256916997,0.002766798418972332,-0.004841279054082061
2024-08-19,47,15,0.009288537549407115,0.0029644268774703555,-0.003931471342445679
2024-08-20,32,14,0.006324110671936759,0.002766798418972332,-0.017104280995396775
2024-08-21,47,6,0.009286702232760324,0.0011855364552459987,-0.0025937687115240825
2024-08-22,33,18,0.006520450503852994,0.0035566093657379964,-0.014874405471994782
2024-08-23,42,18,0.008298755186721992,0.0035566093657379964,-0.004610588711822273
2024-08-26,54,10,0.01066772026866851,0.0019755037534571317,0.010717261151362482
2024-08-27,42,19,0.008297115764519953,0.00375345713156855,-0.01345591295148241
2024-08-28,45,9,0.008888011060635987,0.0017776022121271974,0.004645770273497282
2024-08-29,59,3,0.011653170057278294,0.0005925340707090658,0.014508388143446132
2024-08-30,70,0,0.013825794983211535,0.0,0.019392505271372113
2024-09-02,39,11,0.007702942919217855,0.0021726249259332413,-0.016513491265810507
2024-09-03,61,5,0.012043435340572556,0.0009871668311944718,0.009707393338132463
2024-09-04,42,16,0.008290564547966837,0.0031583103039873666,-0.006506464354208061
2024-09-05,59,3,0.011646269245953415,0.0005921831819976313,0.008954031922051794
2024-09-06,37,8,0.007303592577970786,0.0015791551519936833,-0.018447496420061278
2024-09-09,56,10,0.011054086063955783,0.0019739439399921043,-0.002354693739550455
2024-09-10,46,24,0.009080142123963679,0.00473746545598105,0.005445541597700413
2024-09-11,33,24,0.006512729425695678,0.004736530491415038,-0.004554543669955162
2024-09-12,46,5,0.009078350108545491,0.0009867771857114663,-0.0025221642100362656
2024-09-13,46,19,0.009078350108545491,0.003749753305703572,-0.013252017368675893
2024-09-18,31,22,0.0061180185514110915,0.004341819617130452,-0.006681450634296905
2024-09-19,76,5,0.014999013222814288,0.0009867771857114663,0.022479423542001203
2024-09-20,60,4,0.011838989739542225,0.0007892659826361484,-0.003371382051675906
2024-09-23,63,10,0.012430939226519336,0.001973164956590371,0.0019321278147464206
2024-09-24,100,6,0.01973164956590371,0.0011838989739542227,0.03521901915056096
2024-09-25,64,6,0.012628255722178374,0.0011838989739542227,0.012180140503893438
2024-09-26,157,4,0.03096646942800789,0.0007889546351084812,0.034281217218294906
2024-09-27,160,1,0.03155818540433925,0.0001972386587771203,0.04952010977466003
2024-09-30,901,1,0.17767698678761584,0.00019719976336028398,0.11056465733734347
2024-10-08,809,3,0.15953460855846974,0.0005915992900808519,0.08218698925148878
2024-10-09,52,943,0.010254387694734766,0.18595937684874778,-0.08929619445894502
2024-10-10,85,51,0.016761979885624136,0.010057187931374483,0.0012369654341107283
2024-10-11,42,56,0.008280757097791799,0.011041009463722398,-0.03920378775544867
2024-10-14,126,5,0.024842271293375396,0.0009858044164037854,0.031290659556055915
2024-10-15,63,3,0.012421135646687698,0.0005914826498422713,-0.015570193115209225
2024-10-16,94,6,0.018529469741770156,0.0011827321111768185,0.0038536423398627746
2024-10-17,58,16,0.011430823807646828,0.0031533307055577452,-0.004967983470228947
2024-10-18,119,0,0.02345289712258573,0.0,0.033046807412623704
2024-10-21,150,3,0.029562475364603862,0.0005912495072920772,0.0179110575661741
2024-10-22,121,2,0.02384706346078045,0.00039416633819471815,0.010835328943894005
2024-10-23,119,4,0.02345289712258573,0.0007883326763894363,0.0035801212059428334
2024-10-24,117,6,0.02304964539007092,0.001182033096926714,-0.0028530825646755145
2024-10-25,183,1,0.03604490841047863,0.00019696671262556627,0.022171430154160406
2024-10-28,274,1,0.05396887925940516,0.00019696671262556627,0.024505836591258108
2024-10-29,133,25,0.026191413942497046,0.004923198109491926,-0.019418122967396895
2024-10-30,167,11,0.032886963371406064,0.0021662071681764474,0.0012654891766879556
2024-10-31,204,10,0.04016538688718252,0.0019688915140775743,0.015161109783167476
2024-11-01,106,188,0.02087025004922229,0.0370151604646584,-0.03043704839535162
2024-11-04,160,46,0.03150226422524119,0.009056900964756842,0.02051003310068622
2024-11-05,197,1,0.03878716282732821,0.00019688915140775743,0.030021350394824516
2024-11-06,151,7,0.029730261862571373,0.001378224059854302,0.007014171366085945
2024-11-07,207,11,0.04074001180869907,0.002164928163747294,0.024201687379290703
2024-11-08,141,10,0.02775044282621531,0.00196811651249754,0.00254112894301095
2024-11-11,187,20,0.03680377878370399,0.00393623302499508,0.023171030591924345
2024-11-12,101,19,0.019877976776225152,0.0037394213737453256,-0.009549649221169161
2024-11-13,81,20,0.015941743751230072,0.00393623302499508,0.0016192297632974411
2024-11-14,43,35,0.008462901003739422,0.0068884077937413895,-0.02886308072076552
2024-11-15,73,55,0.014367250541232042,0.01082464081873647,-0.019903302649695608
2024-11-18,86,94,0.016925802007478844,0.018500295217476873,-0.022715388084433186
2024-11-19,101,26,0.019877976776225152,0.005117102932493603,0.025208668160861793
2024-11-20,164,4,0.032270759543486814,0.0007870916961826052,0.021560112398205294
2024-11-21,116,8,0.022825659189295553,0.0015741833923652105,0.0032031258381190137
2024-11-22,78,36,0.015345268542199489,0.0070824316348613026,-0.035417986923494515
2024-11-25,166,22,0.032657879205193786,0.0043281526657485735,0.013639903174322747
2024-11-26,100,66,0.01966955153422502,0.012981904012588513,-0.008847349098445503
2024-11-27,105,26,0.02065302911093627,0.0051140833988985055,0.016535805795106186
2024-11-28,105,9,0.02065302911093627,0.0017702596380802518,0.0019866284306978513
2024-11-29,136,10,0.026745329400196655,0.0019665683382497543,0.015346958843829427
2024-12-02,183,7,0.0359882005899705,0.0013765978367748278,0.021546494193033214
2024-12-03,125,8,0.024582104228121928,0.0015732546705998034,0.0022526543888149206
2024-12-04,89,24,0.017499016909162408,0.0047188360204482895,-0.01382115327160515
2024-12-05,140,9,0.027521132298014547,0.0017692156477295065,0.013192856035592136
2024-12-06,127,10,0.02496559858462748,0.001965795164143896,0.010553047166473447
2024-12-09,116,28,0.022861647615293655,0.005518328734726055,-0.0008872071738003543
2024-12-10,117,8,0.02304964539007092,0.0015760441292356187,0.007571692216638128
2024-12-11,157,14,0.030917684127609295,0.0027569909413154787,0.013926494737924613
2024-12-12,151,10,0.029730261862571373,0.0019688915140775743,0.010297115277061815
2024-12-13,101,19,0.01988188976377953,0.0037401574803149606,-0.01753894854932581
2024-12-16,112,34,0.02203423175290183,0.006688963210702341,-0.005651985646529261
2024-12-17,32,198,0.0062954947865433795,0.038953373991737164,-0.03470089043585675
2024-12-18,103,19,0.02025963808025177,0.003737214791502754,0.00595437637373821
2024-12-19,80,25,0.015735641227380016,0.004917387883556255,0.0005371055926169498
2024-12-20,89,18,0.017495576960880676,0.003538431295459013,0.011143254337809255
2024-12-23,30,219,0.00589622641509434,0.04304245283018868,-0.0400494692699225
2024-12-24,77,41,0.015130674002751032,0.008056592650815484,0.009499174221476073
2024-12-25,38,72,0.007467085871487522,0.014148162703871094,-0.01896200030079716
2024-12-26,103,13,0.020239732756926705,0.0025545293770878365,0.012341118765259777
2024-12-27,77,14,0.015130674002751032,0.002751031636863824,0.007080894618986838
2024-12-30,48,37,0.009430255402750491,0.007269155206286837,-0.009336805675527422
2024-12-31,57,34,0.011198428290766208,0.0066797642436149315,-0.024674442649622548
2025-01-02,64,25,0.012573673870333988,0.004911591355599214,-0.01850314509765924
2025-01-03,50,152,0.009819324430479183,0.029850746268656716,-0.036254930937556835
2025-01-06,64,88,0.012568735271013355,0.01728201099764336,-0.0044969996584823604
2025-01-07,121,11,0.02376276512175962,0.00216025137470542,0.021921573784876316
2025-01-08,69,6,0.013550667714061273,0.001178318931657502,-0.0010379850885981821
2025-01-09,92,10,0.01806400942470057,0.0019634792852935403,0.0030160492977968556
2025-01-10,43,74,0.0084396467124632,0.014524043179587831,-0.026624125276972974
2025-01-13,50,40,0.009813542688910697,0.007850834151128557,0.0021685246864135894
2025-01-14,182,0,0.035707278791445946,0.0,0.04571652132949823
2025-01-15,77,9,0.015101000196116886,0.001765051970974701,-0.004126831863723463
2025-01-16,82,6,0.016081584624436165,0.001176701313983134,0.00607930664017412
2025-01-17,62,19,0.012159246911159051,0.0037262208276132576,0.0012960951563874175
2025-01-20,81,29,0.015885467738772308,0.005687389684251814,0.009534522810354343
2025-01-21,50,27,0.009805844283192783,0.005295155912924103,-0.0009520903284929211
2025-01-22,45,35,0.008821799647128014,0.006861399725544011,-0.010341834822391153
2025-01-23,44,31,0.00862406899255194,0.006076048608388867,-0.0016190901872891869
2025-01-24,73,32,0.014308114464915719,0.006272050176401411,0.011635581622521894
2025-01-27,46,54,0.009012539184952978,0.010579937304075235,-0.009933237935950003
2025-02-05,88,41,0.017241379310344827,0.008032915360501568,0.010080115869220394
2025-02-06,99,0,0.01939655172413793,0.0,0.02217106331079297
2025-02-07,87,1,0.017045454545454544,0.00019592476489028212,0.013119932533839878
2025-02-10,153,1,0.029976489028213166,0.00019592476489028212,0.017427868106844303
2025-02-11,73,3,0.014302507836990596,0.0005877742946708464,-0.0031271478957076194
2025-02-12,90,0,0.01763322884012539,0.0,0.01020445243586765
2025-02-13,70,5,0.01371473354231975,0.0009796238244514106,-0.00955267058974084
2025-02-14,81,13,0.015869905956112852,0.0025470219435736676,0.0030601417920468467
2025-02-17,114,7,0.02233542319749216,0.001371473354231975,0.012368506761166584
2025-02-18,52,36,0.01018808777429467,0.007053291536050157,-0.022988860279526988
2025-02-19,117,4,0.02292319749216301,0.0007836990595611285,0.021508480000091715
2025-02-20,103,6,0.02018025078369906,0.0011755485893416929,0.009273087465475765
2025-02-21,118,2,0.02311912225705329,0.00039184952978056425,0.008807203631576796
2025-02-24,90,17,0.01763322884012539,0.0033307210031347963,0.003459896863597006
2025-02-25,64,6,0.012539184952978056,0.0011755485893416929,-0.0037369833353223057
2025-02-26,103,2,0.02018025078369906,0.00039184952978056425,0.014207855866412376
2025-02-27,82,10,0.016065830721003135,0.001959247648902821,-0.001181762447174095
2025-02-28,49,63,0.009600313479623824,0.012343260188087775,-0.031035985324934547
2025-03-03,65,32,0.012732615083251714,0.006268364348677767,0.004542514744884454
2025-03-04,82,13,0.01605639318582338,0.0025455257489719993,0.01262583542544243
2025-03-05,68,7,0.013315057763853534,0.0013706677109849227,0.00238252955745236
2025-03-06,113,4,0.022126493048756607,0.0007832386919913843,0.017308798833428223
2025-03-07,59,6,0.01155277070687292,0.0011748580379870766,-0.004579879550095851
2025-03-10,87,6,0.01703544155081261,0.0011748580379870766,0.005586758200802889
2025-03-11,63,4,0.012331180270111567,0.0007829320806420043,0.004472656835140351
2025-03-12,84,3,0.01644157369348209,0.0005871990604815032,0.0045278607476363095
2025-03-13,51,17,0.009982384028185555,0.003327461342728518,-0.010956231258617583
2025-03-14,86,7,0.016833039733803092,0.0013701311411235075,0.016910655741581355
2025-03-17,76,8,0.014875709532198082,0.0015658641612840086,0.005689853963974705
2025-03-18,75,9,0.014677103718199608,0.0017612524461839531,0.005465427522434427
2025-03-19,53,9,0.010369790647622775,0.0017609078458227353,-0.004597760400371034
2025-03-20,70,4,0.013693270735524257,0.000782472613458529,-0.0006265872629946093
2025-03-21,55,32,0.010756894191277136,0.006258556620379425,-0.016066677168593932
2025-03-24,53,76,0.010363707469691045,0.014861165428236215,-0.015728230020170205
2025-03-25,58,51,0.01133919843597263,0.00997067448680352,-0.003814766159028968
2025-03-26,91,10,0.017790811339198437,0.0019550342130987292,0.009818668634098771
2025-03-27,54,32,0.010553058432675396,0.006253664256400234,-0.004579390835378434
2025-03-28,34,39,0.006644518272425249,0.007621653312487786,-0.013223357270946182
2025-03-31,42,53,0.008207934336525308,0.010357631424662889,-0.010639384238425273
2025-04-01,68,15,0.013289036544850499,0.00293140512018761,0.011195760674609048
2025-04-02,48,17,0.009378663540445486,0.0033216100039077765,0.0022800035068328587
2025-04-03,54,32,0.010550996483001172,0.0062524423602969914,-0.006521398769450099
2025-04-07,23,2973,0.004493942946463462,0.5808909730363423,-0.11803096085347965
2025-04-08,128,175,0.025004883766360616,0.03418636452432116,0.004366863614708206
2025-04-09,126,9,0.024609375,0.0017578125,0.024461076381617135
2025-04-10,176,0,0.034375,0.0,0.027485115000185124
2025-04-11,101,11,0.019722710408123414,0.002148017965241164,0.008679100616530351
2025-04-14,120,2,0.023432923257176334,0.0003905487209529389,0.018257758651120427
2025-04-15,71,15,0.013861772745021476,0.0029285435376805937,0.0003623758687542462
2025-04-16,51,22,0.009955104430997463,0.004294358774155768,-0.014020641452653923
2025-04-17,90,12,0.01756440281030445,0.00234192037470726,0.00588136099026573
2025-04-18,64,25,0.01249024199843872,0.004879000780640125,-0.0018904461979781877
2025-04-21,111,20,0.021662763466042154,0.0039032006245121,0.017607165351808157
2025-04-22,90,18,0.01756440281030445,0.00351288056206089,0.001768646428954498
2025-04-23,70,32,0.01366120218579235,0.00624512099921936,0.006733198889351042
2025-04-24,61,29,0.011900117050331643,0.005657432696059305,-0.007510579818017766
2025-04-25,72,31,0.014043300175541252,0.006046420908913595,0.0020593796829465054
2025-04-28,51,80,0.00994733762434172,0.015603666861712502,-0.012772224288354327
2025-04-29,74,57,0.014433391847084065,0.011117612638970159,0.008149081332554077
2025-04-30,95,41,0.018529354398283595,0.007996879266627658,0.008495678704423483
2025-05-06,141,26,0.027501462843768285,0.005071191730056563,0.0270597341250521
2025-05-07,98,14,0.019114491905597816,0.002730641700799688,0.007224587840932807
2025-05-08,98,8,0.019114491905597816,0.0015603666861712503,0.010646171271433294
2025-05-09,57,11,0.011117612638970159,0.0021455041934854693,-0.010458603150344243
2025-05-12,87,4,0.016968987712112346,0.0007801833430856252,0.01323055665136582
2025-05-13,67,13,0.01306807099668422,0.0025355958650282815,-0.0014280536935487094
2025-05-14,85,7,0.016578896040569533,0.001365320850399844,0.0012997983444792889
2025-05-15,73,13,0.014238346011312658,0.0025355958650282815,-0.008770272424281224
2025-05-16,68,17,0.013257945018522128,0.003314486254630532,0.004747575139887943
2025-05-19,119,4,0.023192360163710776,0.0007795751315533034,0.008834666911309661
2025-05-20,97,14,0.01890469694016761,0.002728512960436562,0.009376689210563957
2025-05-21,80,7,0.01559150263106607,0.001364256480218281,-0.004307574467860647
2025-05-22,51,24,0.00993958292730462,0.004677450789319821,-0.011860408748279665
2025-05-23,52,28,0.010134476710192944,0.005457025920873124,-0.0105299175147081
2025-05-26,85,8,0.016565971545507697,0.0015591502631066068,0.008463163204790274
2025-05-27,93,15,0.018125121808614305,0.002923406743324888,0.001795421198916653
2025-05-28,74,21,0.014422139933736113,0.004092769440654843,-0.0034500571597350016
2025-05-29,114,30,0.022213561964146533,0.005845674201091193,0.015086384102393659
2025-05-30,50,32,0.009742790335151987,0.006235385814497272,-0.013488077105682564
2025-06-03,80,17,0.01558846453624318,0.003312548713951676,0.007887779692426971
2025-06-04,84,16,0.01636788776305534,0.003117692907248636,0.00946494619222366
2025-06-05,75,20,0.01460849240358395,0.0038955979742890533,0.002816629720540008
2025-06-06,61,26,0.011881573821581613,0.00506427736657577,-0.00046767252878310284
2025-06-09,87,15,0.016945851188157383,0.00292169848071679,0.01179428910856192
2025-06-10,59,11,0.011492014024152708,0.0021425788858589795,-0.007747539471394646
2025-06-11,67,13,0.013047711781888996,0.002531645569620253,0.0052716772905734765
2025-06-12,70,12,0.013629283489096573,0.002336448598130841,0.0016252057200165171
2025-06-13,60,33,0.011682242990654205,0.006425233644859813,-0.017645906259589957
2025-06-16,73,8,0.014213395638629283,0.001557632398753894,0.008460555569308125
2025-06-17,57,15,0.011098130841121495,0.0029205607476635513,-0.0015431980385547327
2025-06-18,50,17,0.009735202492211837,0.003309968847352025,-0.0036034699946720437
2025-06-19,37,28,0.00720404984423676,0.005451713395638629,-0.017311429740340254
2025-06-20,51,24,0.009926041261191124,0.004671078240560529,-0.007015496844078726
2025-06-23,79,9,0.015375632541845076,0.0017516543402101986,0.015388672670414152
2025-06-24,81,22,0.015764889061891788,0.004281821720513819,0.019275150803567533
2025-06-25,74,6,0.014402491241728299,0.0011677695601401323,0.009300076450072458
2025-06-26,72,8,0.014013234721681589,0.001557026080186843,-0.002466361347865334
2025-06-27,59,9,0.011483067341377969,0.0017516543402101986,0.004906527105707828
2025-06-30,92,6,0.017905799922148698,0.0011677695601401323,0.013327859680560633
2025-07-01,70,8,0.013621327106440942,0.0015567230978789648,0.0038268035866044475
2025-07-02,62,9,0.012064604008561977,0.0017513134851138354,-0.004473902012511176
2025-07-03,64,8,0.012453784783031718,0.0015567230978789648,0.005759921758267863
2025-07-04,39,14,0.007589025102159953,0.0027242654212881884,-0.008277865290730399
2025-07-07,74,7,0.014399688655380424,0.0013621327106440942,0.0061936432752100245
2025-07-08,74,5,0.014396887159533073,0.0009727626459143969,0.011631387463939317
2025-07-09,59,7,0.011478599221789884,0.0013618677042801556,-0.0014113731185851634
2025-07-10,67,16,0.013032483952538417,0.0031122349737405172,0.0018387192825302346
2025-07-11,66,15,0.012837969266679634,0.002917720287881735,0.0034539587205779025
2025-07-14,70,17,0.013616028010114764,0.0033067496595992995,0.005251320071081758
2025-07-15,48,29,0.009336704921221552,0.005640925889904688,-0.008007927605397524
2025-07-16,66,9,0.012835472578763127,0.001750291715285881,0.005559651219343795
2025-07-17,66,5,0.012835472578763127,0.0009723842862699338,0.008936369157941396
2025-07-18,50,2,0.009723842862699339,0.00038895371450797355,0.00237143475715957
2025-07-21,127,4,0.024698560871256322,0.0007779074290159471,0.012822398800212414
2025-07-22,106,9,0.020614546868922598,0.001750291715285881,0.003111397988857409
2025-07-23,57,11,0.011080870917573872,0.0021384136858475893,-0.00645397613397442
2025-07-24,78,0,0.015163297045101089,0.0,0.012212462223978525
2025-07-25,47,15,0.009136858475894245,0.00291601866251944,0.001958453633170884
2025-07-28,61,13,0.011858475894245723,0.002527216174183515,0.004893130674291058
2025-07-29,47,6,0.009136858475894245,0.0011664074650077762,0.0024313615586046425
2025-07-30,55,8,0.010689990281827016,0.001554907677356657,-0.0048587828967953444
2025-07-31,47,9,0.00913508260447036,0.001749271137026239,-0.01040909216814256
2025-08-01,50,8,0.009718172983479106,0.001554907677356657,0.0048912094987216955
2025-08-04,69,5,0.013411078717201166,0.0009718172983479105,0.01194520404237894
2025-08-05,68,1,0.013216715257531583,0.00019436345966958212,0.009060801575088607
2025-08-06,75,6,0.014574426739214923,0.001165954139137194,0.007957323321969462
2025-08-07,72,8,0.013991449669646328,0.001554605518849592,0.0004313766609757914
2025-08-08,74,3,0.014377307169224791,0.0005828638041577618,5.961557349192228e-05
2025-08-11,84,9,0.01632018651641733,0.0017485914124732854,0.014527191510348772
2025-08-12,60,6,0.011655011655011656,0.0011655011655011655,0.00023694011320181583
2025-08-13,101,4,0.01961926961926962,0.000777000777000777,0.006977483037040462
2025-08-14,52,14,0.010101010101010102,0.0027195027195027195,-0.017203000743691015
2025-08-15,103,3,0.020007770007770008,0.0005827505827505828,0.01752465676072731
2025-08-18,117,1,0.022727272727272728,0.00019425019425019425,0.01530376641692128
2025-08-19,105,8,0.020396270396270396,0.001554001554001554,0.005143898172486361
2025-08-20,104,15,0.020202020202020204,0.002913752913752914,0.00770453306332991
2025-08-21,56,14,0.010878010878010878,0.0027195027195027195,-0.0025052785545137614
2025-08-22,80,3,0.01554001554001554,0.0005827505827505828,0.006947265420561854
2025-08-25,90,7,0.017482517482517484,0.0013597513597513598,0.010659612211153593
2025-08-26,90,7,0.017482517482517484,0.0013597513597513598,0.002853518415560246
2025-08-27,51,16,0.009906759906759906,0.003108003108003108,-0.023591923043305187
2025-08-28,65,10,0.012626262626262626,0.0019425019425019425,0.006525737719257198
2025-08-29,78,13,0.015151515151515152,0.0025252525252525255,-0.0023146859572907414
2025-09-01,119,6,0.023115773115773116,0.0011655011655011655,0.00965541292837184
2025-09-02,52,27,0.010101010101010102,0.005244755244755245,-0.016442158190150654
2025-09-03,39,20,0.007575757575757576,0.003885003885003885,-0.018311827465004992
2025-09-04,40,46,0.00777000777000777,0.008935508935508936,-0.00880331700737149
2025-09-05,102,6,0.019809671780928337,0.0011652748106428432,0.02353092946076036
2025-09-08,85,5,0.01650805981744028,0.0009710623422023694,0.013510398677418352
2025-09-09,66,8,0.012818022917071277,0.001553699747523791,-0.009287542728056162
2025-09-10,64,3,0.012427184466019418,0.0005825242718446602,0.002100609933881763
2025-09-11,96,6,0.018640776699029128,0.0011650485436893205,0.015349604379927856
2025-09-12,74,7,0.014368932038834952,0.0013592233009708738,-0.00021948255205265246
2025-09-15,81,12,0.015728155339805826,0.002330097087378641,-0.0008648085092288127
2025-09-16,89,5,0.01728155339805825,0.000970873786407767,0.01093419767133495
2025-09-17,77,3,0.014951456310679612,0.0005825242718446602,0.0035262653802632738
2025-09-18,63,7,0.012233009708737865,0.0013592233009708738,-0.013405660335275817
2025-09-19,61,26,0.011844660194174758,0.005048543689320388,-0.004846358545378399
2025-09-22,71,14,0.013786407766990291,0.0027184466019417475,0.0014069090999767398
2025-09-23,54,23,0.010483401281304601,0.0044651523975927,-0.011987273771725423
2025-09-24,86,14,0.0166957872257814,0.0027179188507086,0.015564896462695127
2025-09-25,48,9,0.009314962157966233,0.0017465554046186688,-0.005022583696342467
2025-09-26,56,23,0.01086534730306558,0.00446255335661622,-0.008148336551148298
2025-09-29,68,6,0.013193636010865347,0.0011641443538998836,0.009163660195849316
2025-09-30,63,10,0.012218774243599689,0.001939487975174554,0.004510404130889038
2025-10-09,98,27,0.01900698215671063,0.005236617532971295,0.007634272294779255
2025-10-10,72,15,0.013964313421256789,0.0029092319627618307,-0.0035911546879112918
2025-10-13,72,9,0.013964313421256789,0.0017455391776570986,-0.003162132090119702
2025-10-14,45,8,0.008727695888285493,0.0015515903801396431,-0.011292758656460346
2025-10-15,84,6,0.016291698991466253,0.0011636927851047323,0.014173465129962379
2025-10-16,55,8,0.010667183863460047,0.0015515903801396431,-0.009651383693408804
2025-10-17,44,30,0.008532092301725809,0.005817335660267597,-0.02243222152645245
2025-10-20,95,6,0.018421562924180724,0.0011634671320535194,0.012645965839301436
2025-10-21,90,4,0.017452006980802792,0.0007756447547023463,0.016379892634790984
2025-10-22,73,7,0.014152772392400155,0.0013571151609150834,-0.001562791565768698
2025-10-23,71,10,0.013765025203567274,0.0019387359441644049,0.0021033743322634376
2025-10-24,71,11,0.013762357045939136,0.0021321961620469083,0.006604413684384225
2025-10-27,63,16,0.012211668928086838,0.0031013762357045937,0.00792437417596492
2025-10-28,71,8,0.013754358775668345,0.0015497869043006587,0.0004670630762425265
2025-10-29,64,9,0.01239829523440527,0.001743510267338241,0.0028908667468285814
2025-10-30,61,12,0.011817125145292522,0.002324680356450988,-0.010806178862868143
2025-10-31,78,17,0.015110422316931422,0.0032932971716389,0.008532294367952862
2025-11-03,89,10,0.017241379310344827,0.0019372336303758234,0.008006217335266033
2025-11-04,68,10,0.0131731886865556,0.0019372336303758234,-0.007022276111758652
2025-11-05,82,7,0.01588223900832849,0.0013558008909548712,0.0069156068220642295
2025-11-06,72,20,0.013942680092951201,0.0038729666924864447,0.004945136739429025
2025-11-07,64,10,0.012391093901258471,0.001936108422071636,-0.0014216330365054257
2025-11-10,92,14,0.017812197483059053,0.0027105517909002904,0.0069480813187392946
2025-11-11,81,6,0.01568247821878025,0.0011616650532429815,0.0023076550870280523
2025-11-12,78,10,0.015101645692158761,0.001936108422071636,-0.00464938574646659
2025-11-13,106,1,0.02052274927395934,0.0001936108422071636,0.011009370202736107
2025-11-14,90,9,0.017424975798644726,0.0017424975798644724,-0.003665306476274887
2025-11-17,100,13,0.01936108422071636,0.0025169409486931267,0.002417177014833914
2025-11-18,63,38,0.01219276175730598,0.0073543642345655115,-0.010958780209550127
2025-11-19,65,34,0.012579833559125217,0.006580220630927037,-0.011613013016350905
2025-11-20,48,25,0.0092897232436617,0.0048383975227404685,-0.0073299280479386985
2025-11-21,32,106,0.0061931488291078,0.020514805496419587,-0.03723112452636791
2025-11-24,78,35,0.015095800270950262,0.006773756531836656,0.014828472145564733
2025-11-25,95,7,0.01838235294117647,0.0013544891640866873,0.01368672420579563
2025-11-26,76,8,0.014705882352941176,0.0015479876160990713,-0.0032807648574616657
2025-11-27,63,14,0.012190402476780186,0.0027089783281733747,0.0031359427472919697
2025-11-28,81,6,0.015673374613003097,0.0011609907120743034,0.012013774538401339
2025-12-01,75,8,0.014512383900928792,0.0015479876160990713,0.006198245498375343
2025-12-02,55,9,0.010642414860681114,0.001741486068111455,-0.005090018967579638
2025-12-03,54,16,0.01044689495066744,0.0030953762816792415,-0.007582434051151082
2025-12-04,40,28,0.007759456838021339,0.005431619786614937,-0.007598914403898656
2025-12-05,80,11,0.015515903801396431,0.002133436772692009,0.013874136744104652
2025-12-08,77,8,0.014936954413191077,0.0015518913676042677,0.009147284933042225
2025-12-09,54,12,0.010469174098487785,0.0023264831329972858,-0.006662207201458101
2025-12-10,61,11,0.011837764409082088,0.002134678827867262,0.0008010629572075046
2025-12-11,36,28,0.006980802792321117,0.005429513282916424,-0.01633247280476438
2025-12-12,80,28,0.015506881178522969,0.005427408412483039,0.0026979655429806436
2025-12-15,64,26,0.012400697539236581,0.005037783375314861,-0.002162156775878344
