code,select_td,buy_td,sell_td,t0,net_ret,mom_5,mom_20,ma20_slope_5,ma20_dev,ma20_over_ma60,vol_20,mdd_10,amt_ma20,y_rel
159981.SZ,2024-01-04,2024-01-05,2024-01-12,2024-01-04,-0.02651028270370348,-0.00853138330286407,0.011815920398009938,0.006850000000000023,0.005748902763182295,0.006272224929243064,0.010363870879621883,-0.018697225572979592,21093708.4,0
162415.SZ,2024-01-04,2024-01-05,2024-01-12,2024-01-04,0.018223657179150532,-0.04329725228975856,0.009222661396574683,0.025549999999999518,-0.024638696122747716,0.0601456394411406,0.010046378983360662,-0.04449064449064455,2228956.15,2
180201.SZ,2024-01-04,2024-01-05,2024-01-12,2024-01-04,-0.006915053031939178,0.011136890951276346,0.007047949162334088,0.01890000000000036,0.008685387602057837,-0.002111426338744282,0.00733183062280377,-0.024271294090960738,11663974.1,1
159930.SZ,2024-01-18,2024-01-19,2024-01-26,2024-01-18,0.07755222973933651,-0.0015686274509804088,0.0434426229508198,0.01684999999999981,-0.0015686274509801867,0.032137942200275216,0.011464812665232216,-0.02601377199693944,18606894.9,4
159945.SZ,2024-01-18,2024-01-19,2024-01-26,2024-01-18,0.062219524228571466,-0.007561436672967825,0.032448377581120846,0.011300000000000088,-0.006575523913146308,0.026231471292640363,0.010355992456304681,-0.02957486136783738,5210959.75,3
168204.SZ,2024-01-18,2024-01-19,2024-01-26,2024-01-18,0.053991441590049094,-0.015706806282722474,0.014570966001079322,0.014499999999999957,-0.008281901144696069,0.03869229715538114,0.011018508404833144,-0.03490759753593431,205611.35,2
515220.SH,2024-01-18,2024-01-19,2024-01-26,2024-01-18,0.0432035833063833,-0.01671541997492687,-0.00423190859077438,0.004649999999999821,-0.01603696656700182,0.030302812704203097,0.015309984092319635,-0.04115729421352887,145507296.7,1
161032.SZ,2024-01-18,2024-01-19,2024-01-26,2024-01-18,0.037415308638638844,-0.012357884330202684,0.018867924528301883,0.014749999999999819,-0.008805655463227202,0.0382436260623229,0.011317547335898548,-0.034782608695652306,541793.25,0
508001.SH,2024-01-25,2024-01-26,2024-02-02,2024-01-25,0.0012042939019987209,-0.0190994181634202,0.0023264831329972147,0.0012499999999988631,-0.014718867720767137,0.023167185922462696,0.007628078084790454,-0.04129353233830857,8308929.85,0
513000.SH,2024-01-25,2024-01-26,2024-02-02,2024-01-25,0.026169735267857375,0.005169867060561328,0.044512663085187976,0.030000000000000027,0.010581028401707826,0.054785401002506395,0.023782996838369604,-0.06780821917808222,172154699.1,2
513290.SH,2024-01-25,2024-01-26,2024-02-02,2024-01-25,0.008113255562336663,-0.01639344262295095,0.0,0.011199999999999877,-0.017114282019226712,0.0759941864060858,0.011665864739225982,-0.03143585386576053,118379461.3,1
508001.SH,2024-02-01,2024-02-02,2024-02-08,2024-02-01,0.02303628750128528,0.004255319148936065,-0.00726577437858511,-0.0014499999999992852,-0.010343863572826573,0.02109162628051653,0.007458584446817916,-0.0279949558638084,7456528.45,0
161128.SZ,2024-02-22,2024-02-23,2024-03-01,2024-02-22,-0.012170716944381321,0.004867872044506338,0.10784564272936348,0.09274999999999967,0.011456170232623242,0.08097405954828063,0.0250495923532546,-0.029130632680928525,30045189.35,0
161128.SZ,2024-02-29,2024-03-01,2024-03-08,2024-02-29,0.02227653136647434,-0.0039215686274510775,-0.006671267540832915,0.02260000000000062,0.0022049437159101792,0.07292271934921568,0.018793159900121092,-0.027733211093284527,21779595.55,0
159928.SZ,2024-03-07,2024-03-08,2024-03-15,2024-03-07,0.03398553464200482,-0.009433962264151052,0.08949416342412442,0.014449999999999852,0.013941698352344822,0.009668704677946671,0.013961450603262631,-0.017667844522968212,105460113.85,23
159931.SZ,2024-03-07,2024-03-08,2024-03-15,2024-03-07,-0.013135939003484198,-0.0096551724137931,0.042846768336964436,0.012700000000000156,0.008073008073008037,0.03616327421290633,0.010294815730888723,-0.02114597544338348,2164948.3,4
159940.SZ,2024-03-07,2024-03-08,2024-03-15,2024-03-07,-0.0104516085870755,-0.01088139281828071,0.03885714285714292,0.007149999999999879,0.007202216066482192,0.03158576544997338,0.0114195497090774,-0.02152852529601723,7681160.7,6
159941.SZ,2024-03-07,2024-03-08,2024-03-15,2024-03-07,-0.017471609632571994,0.011247443762781195,0.03886554621848726,0.009549999999999725,0.007846733924386173,0.046571154324718034,0.012021451225919686,-0.01905717151454367,579809196.95,1
159960.SZ,2024-03-07,2024-03-08,2024-03-15,2024-03-07,0.027954378285714565,-0.01577287066246058,0.07772020725388606,0.008850000000000025,0.008566348795862266,0.010892652905615252,0.014172392862189971,-0.029548989113530322,5300456.1,19
160625.SZ,2024-03-07,2024-03-08,2024-03-15,2024-03-07,-0.009265228699421924,-0.017142857142857126,0.03148425787106457,0.0030999999999998806,0.006142146826557671,0.00959692898272535,0.012747343253834632,-0.017142857142857126,79775.85,7
165525.SZ,2024-03-07,2024-03-08,2024-03-15,2024-03-07,0.008192466158357892,-0.010159651669085612,0.02402402402402415,0.0005500000000000504,0.0132224038032982,0.016025560391456306,0.014344592418016538,-0.0159651669085632,893841.6,14
167301.SZ,2024-03-07,2024-03-08,2024-03-15,2024-03-07,-0.017969162901069535,-0.01708278580814715,0.028885832187070193,0.00660000000000005,-0.006574141709276837,0.051875480220726855,0.013360972005380254,-0.04591836734693877,2549451.85,0
501025.SH,2024-03-07,2024-03-08,2024-03-15,2024-03-07,-0.012087267356321707,-0.009569377990430672,0.049695740365111485,0.011200000000000099,0.009509875640087762,0.03304952390548643,0.007632202888989405,-0.023651844843897707,511956.9,5
501050.SH,2024-03-07,2024-03-08,2024-03-15,2024-03-07,0.00605720966694423,-0.0024979184013321776,0.060176991150442394,0.013050000000000006,0.01435163625587399,0.019068984856982718,0.009197123849279835,-0.018106995884773824,1994912.75,13
510230.SH,2024-03-07,2024-03-08,2024-03-15,2024-03-07,-0.015325844528487287,-0.003910068426197455,0.0429887410440124,0.010000000000000009,0.007962807260497584,0.048594544134425766,0.010440440389782655,-0.026923076923076716,54812602.05,3
510630.SH,2024-03-07,2024-03-08,2024-03-15,2024-03-07,0.03194358032563005,-0.015544041450777257,0.09070034443168784,0.017200000000000104,0.011606857629645528,0.013636036554651954,0.015126350606285591,-0.021671826625386914,13661680.9,21
510650.SH,2024-03-07,2024-03-08,2024-03-15,2024-03-07,-0.016455776812499878,-0.00048076923076922906,0.03846153846153855,0.019150000000000222,0.008464504862846,0.04927725560720697,0.010853251282036758,-0.03189493433395851,11231131.4,2
510810.SH,2024-03-07,2024-03-08,2024-03-15,2024-03-07,-0.0019727123214284825,-0.016260162601625994,0.028328611898017053,0.0006000000000000449,0.00714434348338755,0.010301331464611208,0.017960773188163814,-0.017591339648173276,18411088.35,11
510900.SH,2024-03-07,2024-03-08,2024-03-15,2024-03-07,0.03337403073654377,-0.018131101813110062,0.08141321044546856,0.00990000000000002,0.007729745204694938,0.011706210325601596,0.01584105824472183,-0.03443526170798883,461664848.45,22
512070.SH,2024-03-07,2024-03-08,2024-03-15,2024-03-07,-0.008873089552980051,-0.01631321370309957,0.03786574870912207,0.005049999999999999,0.002160545122153801,0.022140430351075935,0.014217708636759587,-0.02584814216478193,161228910.6,9
512640.SH,2024-03-07,2024-03-08,2024-03-15,2024-03-07,-0.0017165581452512901,-0.010989010989010839,0.03926096997690531,0.016249999999999876,0.004240124972104464,0.03762880629848331,0.023317030108519304,-0.02067464635473326,3363138.6,12
515170.SH,2024-03-07,2024-03-08,2024-03-15,2024-03-07,0.04903916731788094,-0.011494252873563204,0.08860759493670867,0.009800000000000031,0.014150943396226356,0.006215391569668993,0.01548660949079896,-0.018003273322422242,58846015.55,25
515710.SH,2024-03-07,2024-03-08,2024-03-15,2024-03-07,0.05308034759873648,-0.014018691588785104,0.08762886597938158,0.010150000000000103,0.013448607108549337,0.005419327144926767,0.014748344332500213,-0.02021772939346811,22271058.45,26
516530.SH,2024-03-07,2024-03-08,2024-03-15,2024-03-07,0.02386993756443312,-0.008962868117797673,0.05449591280653965,0.0050000000000000044,0.01335428122545168,0.0017049180327870506,0.015033066906807873,-0.024111675126903598,2350075.25,16
516910.SH,2024-03-07,2024-03-08,2024-03-15,2024-03-07,0.02719208360400449,-0.008810572687224627,0.05633802816901423,0.005999999999999894,0.014827761177200305,0.0012607255757941527,0.013855503210707658,-0.02190580503833517,19422007.0,18
517900.SH,2024-03-07,2024-03-08,2024-03-15,2024-03-07,-0.00765212837701601,-0.005045408678102881,0.050053248136315176,0.010949999999999904,0.012008621574463696,0.059040924654432114,0.012540724768571489,-0.03740157480314965,1303784.6,10
560680.SH,2024-03-07,2024-03-08,2024-03-15,2024-03-07,0.029882881416122054,-0.009719222462203025,0.09036860879904873,0.015499999999999958,0.013595667071957473,0.00899661697460874,0.012895815297572569,-0.016146393972012896,19922143.75,20
561320.SH,2024-03-07,2024-03-08,2024-03-15,2024-03-07,0.025297383262662176,-0.011587485515643148,0.04151404151404137,0.005049999999999777,0.0011149580423686078,0.016665009446156676,0.010271334833501856,-0.024027459954233388,11011424.05,17
159662.SZ,2024-03-07,2024-03-08,2024-03-15,2024-03-07,0.018361922064732417,-0.011037527593819041,0.03823870220162218,0.0045000000000000595,0.004878595861604884,0.01228003784295173,0.01104758471409961,-0.01754385964912286,14545777.9,15
159862.SZ,2024-03-07,2024-03-08,2024-03-15,2024-03-07,0.047191374191279944,-0.015277777777777835,0.08079268292682906,0.01100000000000001,0.010979609297019799,0.005688336520076387,0.015924259661151453,-0.018005540166205036,2166128.0,24
159933.SZ,2024-03-07,2024-03-08,2024-03-15,2024-03-07,-0.00888223118784548,0.0013755158184318717,0.025833724753405507,0.013949999999999907,0.00656757690978238,0.042522522522522754,0.030188963783661718,-0.03637976929902387,184200.55,8
159866.SZ,2024-03-14,2024-03-15,2024-03-22,2024-03-14,0.03862721217662801,-0.02170138888888895,0.08261287223823244,0.01454999999999984,-0.004856512141280245,0.0708713536003025,0.011860294788523759,-0.03095442820292349,370653077.15,29
159890.SZ,2024-03-14,2024-03-15,2024-03-22,2024-03-14,0.04526370138740665,0.01948051948051943,0.23784494086728003,0.054950000000000054,0.04163211146127055,0.05061281390981076,0.03148395032746216,-0.04446742502585321,32219812.0,30
159909.SZ,2024-03-14,2024-03-15,2024-03-22,2024-03-14,0.01889193572695036,0.014311270125223707,0.1595092024539877,0.024949999999999917,0.032410779315367844,0.03982328810350255,0.021495179954369937,-0.03119584055459279,3302894.5,24
159931.SZ,2024-03-14,2024-03-15,2024-03-22,2024-03-14,-0.006934135922535001,-0.011142061281337101,0.011396011396011207,0.013050000000000006,-0.012208271016660444,0.041841307420067864,0.008994634955568927,-0.02001380262249841,1638391.05,11
159940.SZ,2024-03-14,2024-03-15,2024-03-22,2024-03-14,0.001633386290502914,-0.00990099009900991,0.015801354401805856,0.009000000000000119,-0.012616566099835413,0.03866752763322823,0.009226506492181473,-0.021739130434782594,7569429.7,18
159993.SZ,2024-03-14,2024-03-15,2024-03-22,2024-03-14,0.000466685613660589,-0.0021276595744680327,0.017353579175704903,0.011850000000000138,-0.009085146841326885,0.020537976389412904,0.010475864471891149,-0.02797927461139904,52943282.25,17
160625.SZ,2024-03-14,2024-03-15,2024-03-22,2024-03-14,-0.0005999099999999258,-0.0043604651162790775,0.013313609467455523,0.007050000000000112,-0.008467829485416578,0.021514120952240257,0.009337530963943802,-0.02005730659025795,67350.85,16
161127.SZ,2024-03-14,2024-03-15,2024-03-22,2024-03-14,0.013636558518518305,-0.021088435374149728,0.07629020194465208,0.029699999999999838,0.004607651493996112,0.029059951866086786,0.017893155530217374,-0.0487641950567802,12462587.55,22
162415.SZ,2024-03-14,2024-03-15,2024-03-22,2024-03-14,0.021383509915397836,0.006345177664974555,0.03524804177545682,0.02059999999999995,0.0009887867376348058,0.01312956923929498,0.00810475943446875,-0.027160493827160237,4330473.65,26
167301.SZ,2024-03-14,2024-03-15,2024-03-22,2024-03-14,-0.0168944766847825,-0.013368983957219305,-0.01072386058981234,0.005349999999999966,-0.02677040749043913,0.05377987770983883,0.013624010684110403,-0.032765399737876844,2520912.4,5
180102.SZ,2024-03-14,2024-03-15,2024-03-22,2024-03-14,-0.032014190932338815,-0.02025974025974031,0.19442685243825197,0.08109999999999995,0.009203767123287632,0.06102442301687172,0.022502439001503872,-0.05466399197592786,16708994.8,0
180202.SZ,2024-03-14,2024-03-15,2024-03-22,2024-03-14,-0.018474205435060176,-0.015642458100558643,0.13293682687670794,0.25104999999999933,0.00494057761269584,0.09622418356501261,0.01487975727302012,-0.029201101928374773,10699635.4,4
180501.SZ,2024-03-14,2024-03-15,2024-03-22,2024-03-14,-0.030873000104854165,0.010941774130519777,0.11846087332468658,0.07059999999999977,0.016183517951135373,0.04807844052119825,0.0164531738910563,-0.0379699248120301,11496305.3,1
508018.SH,2024-03-14,2024-03-15,2024-03-22,2024-03-14,-0.027610723243242985,-0.04424778761061965,0.11410526315789449,0.16195000000000004,-0.019954627529052305,0.057354337801188704,0.01940111056053902,-0.059701492537313494,42411188.0,2
508027.SH,2024-03-14,2024-03-15,2024-03-22,2024-03-14,-0.02402084308828234,-0.024390243902439157,0.13330911732655304,0.09729999999999972,-0.002286426938266417,0.0496492386184364,0.018723847097345918,-0.0556900726392251,25015492.65,3
508066.SH,2024-03-14,2024-03-15,2024-03-22,2024-03-14,-0.0022453823828766373,-0.038240368027602,0.048425011753643776,0.09644999999999904,-0.026795845334729673,0.038377877585547004,0.015425741367727,-0.0603932584269663,14441814.1,15
510230.SH,2024-03-14,2024-03-15,2024-03-22,2024-03-14,-0.0055919184415582635,-0.01766437684003952,0.005020080321284981,0.007649999999999935,-0.017278617710583255,0.05024745669507813,0.009741597044396512,-0.025316455696202778,46000024.55,13
510650.SH,2024-03-14,2024-03-15,2024-03-22,2024-03-14,-0.009392286158357743,-0.017797017797017922,0.00740009866798208,0.015299999999999425,-0.016780220044779193,0.05016939439397228,0.00991247596522328,-0.02390057361376663,10920163.2,9
512070.SH,2024-03-14,2024-03-15,2024-03-22,2024-03-14,-0.01394749050083477,-0.0066334991708125735,0.005033557046979942,0.006649999999999934,-0.015369441933097638,0.0330276787230428,0.011154509203042878,-0.03074433656957931,171214965.65,6
512640.SH,2024-03-14,2024-03-15,2024-03-22,2024-03-14,-0.002287135813168195,-0.014444444444444482,0.005668934240362855,0.011700000000000044,-0.01668421927831054,0.040576784426820334,0.008960461569069917,-0.026878771256171108,3139335.65,14
512930.SH,2024-03-14,2024-03-15,2024-03-22,2024-03-14,0.029816614478261005,0.01843722563652328,0.20582120582120567,0.06239999999999979,0.03886799211893255,0.04925529748946755,0.026645805124354098,-0.03962900505902189,80955330.3,28
513520.SH,2024-03-14,2024-03-15,2024-03-22,2024-03-14,0.01302827304545473,0.0025923525599480524,0.13499633162142333,0.034849999999999826,0.008606076411526997,0.06858954262026673,0.016585185004395528,-0.02909550917141035,1035989586.55,21
515070.SH,2024-03-14,2024-03-15,2024-03-22,2024-03-14,0.024076635432098925,0.019771071800207984,0.21437422552664187,0.05395000000000005,0.041279285979918034,0.05064468714532899,0.02875671904823696,-0.03803803803803796,155135878.1,27
515260.SH,2024-03-14,2024-03-15,2024-03-22,2024-03-14,0.019885596969253294,0.010279001468428861,0.14096185737976796,0.029299999999999993,0.029323758228605667,0.028228597800169286,0.018802747043105698,-0.027142857142857135,16254809.45,25
515320.SH,2024-03-14,2024-03-15,2024-03-22,2024-03-14,0.01644412254263572,0.007788161993769416,0.1350877192982456,0.027150000000000007,0.02633248730964466,0.02754686226568892,0.0207833092668723,-0.02874432677760974,15183373.3,23
515630.SH,2024-03-14,2024-03-15,2024-03-22,2024-03-14,-0.007616761183550591,-0.0029910269192421346,0.010101010101010166,0.011850000000000138,-0.012101753519387581,0.026379828978943642,0.01004239585100669,-0.02818270165208958,7272047.85,10
515860.SH,2024-03-14,2024-03-15,2024-03-22,2024-03-14,0.0038897579694521234,0.010859728506787292,0.0908203125,0.038149999999999906,0.016378525932666088,0.029861935403260986,0.016412919955738764,-0.03155127081507447,3620027.1,19
516260.SH,2024-03-14,2024-03-15,2024-03-22,2024-03-14,0.012068541845070557,0.004207573632538653,0.13291139240506333,0.02960000000000007,0.024980316369622724,0.030461720017701754,0.01774433622536778,-0.020604395604395642,1517806.55,20
516630.SH,2024-03-14,2024-03-15,2024-03-22,2024-03-14,0.04898443845644995,0.01787709497206702,0.24453551912568305,0.05300000000000016,0.04334879459428498,0.04979560756652779,0.03173510227770926,-0.042780748663101664,22065920.15,31
508068.SH,2024-03-14,2024-03-15,2024-03-22,2024-03-14,-0.013529211863636093,-0.002093510118632347,0.08538899430740043,0.0596000000000001,0.010297260540120368,0.07324701912687437,0.013689104562615975,-0.03589569928885872,14053113.65,7
161121.SZ,2024-03-14,2024-03-15,2024-03-22,2024-03-14,-0.005814171339130203,-0.022298456260720245,0.014234875444839812,0.008399999999999963,-0.014522821576763434,0.05351992957105134,0.010968911265353643,-0.022298456260720245,217181.9,12
159933.SZ,2024-03-14,2024-03-15,2024-03-22,2024-03-14,-0.011735287047353715,-0.017857142857142905,0.008936970837252867,0.011400000000000077,-0.01657382573413113,0.043246388826886806,0.014652430155832119,-0.0227790432801821,132659.4,8
159611.SZ,2024-03-21,2024-03-22,2024-03-29,2024-03-21,0.018276482046170273,0.005268703898840821,0.022508038585209,0.008449999999999958,0.008456659619450413,0.046190142662292155,0.012138140766108802,-0.03179487179487184,103047185.75,20
159625.SZ,2024-03-21,2024-03-22,2024-03-29,2024-03-21,0.005841895368324135,0.0018450184501843658,0.022598870056496967,0.009050000000000002,0.0046718164577455035,0.03587229081151855,0.009900035701444172,-0.024346257889990897,19811155.5,12
159709.SZ,2024-03-21,2024-03-22,2024-03-29,2024-03-21,-0.027472383610755435,0.005108556832694733,0.09762900976290112,0.021949999999999914,0.013652756311179903,0.08143745937412938,0.01893543525428979,-0.016249999999999987,351005.95,1
159730.SZ,2024-03-21,2024-03-22,2024-03-29,2024-03-21,0.030595237317919022,-0.0345982142857143,0.018845700824499323,0.010399999999999854,-0.020773192958623232,0.06263407983639735,0.009529325978847094,-0.04101995565410199,9394888.8,29
159996.SZ,2024-03-21,2024-03-22,2024-03-29,2024-03-21,0.025628689647059,-0.02372583479789092,0.03638059701492535,0.016950000000000243,-0.012224938875305735,0.05746027766460893,0.011204300435108618,-0.029694323144104806,70681611.45,28
180102.SZ,2024-03-21,2024-03-22,2024-03-29,2024-03-21,0.053481375930425346,-0.03923647932131491,-0.0060340098738342896,0.02560000000000051,-0.04349662162162171,0.06840121443409464,0.017199436308578907,-0.053291536050156796,14484166.05,30
180202.SZ,2024-03-21,2024-03-22,2024-03-29,2024-03-21,-0.016130156002877483,-0.008229284903518708,0.026582464385372262,0.10125000000000028,-0.01751328254575102,0.09563543498068605,0.012065942614130012,-0.023743016759776525,9322196.0,3
180501.SZ,2024-03-21,2024-03-22,2024-03-29,2024-03-21,-0.016668695760784114,-0.014302280633939013,0.026156941649899235,0.03315000000000001,-0.01122549874949108,0.055461577288787645,0.012831323625310413,-0.019230769230769162,10227105.8,2
508018.SH,2024-03-21,2024-03-22,2024-03-29,2024-03-21,0.01273315384570739,-0.01851851851851849,-0.012359764213728752,0.028049999999999464,-0.04307454217178219,0.05924827290113566,0.014233684200518761,-0.04889214429591637,39692226.4,18
508027.SH,2024-03-21,2024-03-22,2024-03-29,2024-03-21,0.007496331817887336,-0.01089743589743597,0.012135126270908403,0.03765000000000018,-0.02489888776541971,0.05732406051460792,0.014761536564453288,-0.02955974842767306,24823849.75,14
508066.SH,2024-03-21,2024-03-22,2024-03-29,2024-03-21,-0.0010454078112926979,0.006576980568011814,-0.008831321754489307,0.009950000000000792,-0.021810971579643068,0.033462188027772566,0.012400728401043094,-0.03365592951032781,14255673.35,6
510880.SH,2024-03-21,2024-03-22,2024-03-29,2024-03-21,0.003319306039215597,-0.004874878128046878,-0.0340694006309149,-0.009200000000000319,-0.014419981975022478,0.029343876660739454,0.008583606474871964,-0.04296017560363752,387349564.2,9
512040.SH,2024-03-21,2024-03-22,2024-03-29,2024-03-21,0.00163838807390837,0.0,0.018244013683010207,0.008399999999999963,0.005404188245890618,0.04891058318735597,0.007892571863159822,-0.01439645625692143,36675300.95,8
515100.SH,2024-03-21,2024-03-22,2024-03-29,2024-03-21,-0.004368386960784343,0.005299015897047843,-0.01263940520446094,-0.0005500000000002725,-0.003190091949708984,0.018942242730946246,0.006434069281307572,-0.01930215293244253,136857437.9,4
515110.SH,2024-03-21,2024-03-22,2024-03-29,2024-03-21,0.005055547259498638,0.005681818181818121,0.04911092294665531,0.020500000000000185,0.012709959540643023,0.05970752551572822,0.008881233901034562,-0.011961722488038395,8198301.75,11
515150.SH,2024-03-21,2024-03-22,2024-03-29,2024-03-21,0.007035574558573954,0.00508905852417274,0.04867256637168116,0.01980000000000004,0.012733954362874611,0.0597132075471698,0.009611394118004503,-0.012500000000000067,14832741.6,13
515300.SH,2024-03-21,2024-03-22,2024-03-29,2024-03-21,0.004469510746376804,0.005098324836125379,-0.011461318051575908,0.0020000000000000018,-0.004113444468499594,0.0448256361922712,0.007694187723105589,-0.025550035486160416,39538809.5,10
515450.SH,2024-03-21,2024-03-22,2024-03-29,2024-03-21,0.009417207324595278,-0.0015396458814472824,-0.019652305366591127,-0.0018499999999999073,-0.008409785932721792,0.04746142757994787,0.007172625646575138,-0.029235382308845703,71776262.0,16
516570.SH,2024-03-21,2024-03-22,2024-03-29,2024-03-21,0.023841940027174102,0.008196721311475308,0.020746887966804906,0.007900000000000018,0.007164790174001956,0.054417689946277825,0.006729867853162284,-0.013477088948787075,3573060.8,27
560880.SH,2024-03-21,2024-03-22,2024-03-29,2024-03-21,0.019545753514461417,-0.02311643835616428,0.039162112932604964,0.01784999999999992,-0.010150082415198991,0.05736125974621609,0.011676995579811859,-0.028936170212765955,18128222.2,21
561120.SH,2024-03-21,2024-03-22,2024-03-29,2024-03-21,0.019921652422997926,-0.027944111776447178,0.03506907545164717,0.014849999999999808,-0.012971220105391201,0.05664418031909202,0.010352745525917412,-0.031809145129224725,20758328.35,22
561560.SH,2024-03-21,2024-03-22,2024-03-29,2024-03-21,0.022054320462074894,0.0008718395815168201,0.021352313167259496,0.010199999999999765,0.004506278164238431,0.04495512107404642,0.011503167034680191,-0.029711375212224,15256418.45,24
561700.SH,2024-03-21,2024-03-22,2024-03-29,2024-03-21,0.020283076955224022,0.001996007984031989,0.020325203252032464,0.008549999999999947,0.005206247496996497,0.043478260869564966,0.01161930774836502,-0.03398058252427183,8208228.45,23
562350.SH,2024-03-21,2024-03-22,2024-03-29,2024-03-21,0.02324263687872774,0.003980099502487455,0.021255060728744946,0.008599999999999719,0.004930033364872299,0.04358445787932852,0.011570916020867513,-0.03191489361702138,4861499.95,26
159731.SZ,2024-03-21,2024-03-22,2024-03-29,2024-03-21,0.022880855697503755,0.007363770250368162,0.020895522388059806,0.007350000000000079,0.004995592124595882,0.05421313506815384,0.007618164579892318,-0.01594202898550723,386309.55,25
161724.SZ,2024-03-21,2024-03-22,2024-03-29,2024-03-21,-0.032262048773633034,-0.00979886539453334,-0.040000000000000036,0.0021500000000000963,-0.021207177814029365,0.030351311838499928,0.011140572710428068,-0.05486900642609982,217332.75,0
508000.SH,2024-03-21,2024-03-22,2024-03-29,2024-03-21,-0.0017729148004694828,-0.014258188824662565,0.023609443777511174,0.05125000000000002,-0.021273339455157525,0.09460223505022225,0.011983128963067068,-0.05713232583855499,13800970.4,5
508056.SH,2024-03-21,2024-03-22,2024-03-29,2024-03-21,0.008729708944837267,-0.011984392419174927,0.041421856639248134,0.07655000000000012,-0.012603579137942966,0.11249690133862167,0.01514649395607819,-0.019634955752212302,19389372.25,15
508058.SH,2024-03-21,2024-03-22,2024-03-29,2024-03-21,0.0005192390369541666,-0.024390243902438935,0.0,0.0196499999999995,-0.0221119462891336,0.05210759347887284,0.007808551572604273,-0.0331890331890331,17391451.5,7
180101.SZ,2024-03-21,2024-03-22,2024-03-29,2024-03-21,0.017561288856226875,-0.019832985386221358,0.0918604651162791,0.07510000000000017,-0.022333281274402594,0.15728486795863028,0.02298172699912656,-0.050075872534142474,24749012.55,19
510010.SH,2024-03-21,2024-03-22,2024-03-29,2024-03-21,0.012203792220640608,-0.0007082152974506872,-0.013286713286713492,0.0034999999999998366,-0.006617854125598455,0.045872910684043644,0.008037668359006048,-0.021557719054241975,201575.7,17
159603.SZ,2024-03-28,2024-03-29,2024-04-03,2024-03-28,-0.0033379924383560855,-0.04611330698287219,-0.013623978201634857,0.0043999999999999595,-0.03697791965948394,0.050733752620545136,0.013992332511315568,-0.07335907335907343,3371502.75,7
159606.SZ,2024-03-28,2024-03-29,2024-04-03,2024-03-28,0.04252141368020301,-0.02959309494451301,-0.0063131313131312705,0.00374999999999992,-0.02126601169008835,0.05290035354196676,0.008108389842717462,-0.0473876063183476,10001155.0,218
159610.SZ,2024-03-28,2024-03-29,2024-04-03,2024-03-28,0.02576948551451186,-0.03346203346203347,-0.00923482849604218,0.00275000000000003,-0.01817231010589626,0.0350006765594697,0.008571412189667645,-0.04961832061068705,31488106.45,179
159623.SZ,2024-03-28,2024-03-29,2024-04-03,2024-03-28,0.017407298828828743,-0.03831891223733008,0.01302083333333326,0.006750000000000034,-0.01206349206349211,0.04897433620460023,0.01107020725276753,-0.04920049200492005,7922927.4,123
159631.SZ,2024-03-28,2024-03-29,2024-04-03,2024-03-28,0.01548239029885079,-0.011402508551881407,0.0093131548311991,0.004150000000000098,-0.005619910540199724,0.04304655567740023,0.006415804475298544,-0.02156640181611802,11707821.7,102
159663.SZ,2024-03-28,2024-03-29,2024-04-03,2024-03-28,0.023993828232662162,-0.05163329820864071,0.018099547511312153,0.008549999999999947,-0.022323610884797174,0.061377044139971915,0.016562498839392065,-0.09062500000000007,23026859.2,173
159667.SZ,2024-03-28,2024-03-29,2024-04-03,2024-03-28,0.02188378156355464,-0.04888416578108401,0.019362186788154823,0.008799999999999919,-0.021590598524186877,0.06162595021180306,0.016770662757518647,-0.09498956158663896,72595329.65,153
159675.SZ,2024-03-28,2024-03-29,2024-04-03,2024-03-28,0.023258447586206987,-0.05044136191677184,-0.007905138339920903,0.005550000000000055,-0.029764205643602604,0.04621537217192029,0.013937258187551755,-0.06600249066002495,9433553.9,167
159681.SZ,2024-03-28,2024-03-29,2024-04-03,2024-03-28,0.023417715660881244,-0.043092522179974724,0.012064343163538993,0.008199999999999985,-0.022020725388601003,0.058597678032727085,0.018402947840439072,-0.06849315068493156,19945703.5,168
159682.SZ,2024-03-28,2024-03-29,2024-04-03,2024-03-28,0.015519446290322758,-0.04615384615384621,0.009497964721845387,0.007749999999999924,-0.0242622950819672,0.058880711012359255,0.01848505152925701,-0.07295597484276739,149378088.75,103
159706.SZ,2024-03-28,2024-03-29,2024-04-03,2024-03-28,0.01213130133757967,-0.026604068857590035,0.004846526655896577,0.0043999999999999595,-0.014731506415333384,0.048148763074879586,0.009438619385581,-0.032761310452418146,3753872.35,70
159709.SZ,2024-03-28,2024-03-29,2024-04-03,2024-03-28,0.01688622885598945,-0.044472681067344366,-0.010526315789473717,0.006349999999999967,-0.03928457361865212,0.08521847632691704,0.01408495872680064,-0.0737500000000001,305374.5,117
159726.SZ,2024-03-28,2024-03-29,2024-04-03,2024-03-28,0.015612837694090498,-0.0411111111111111,-0.015963511972634015,-0.0016499999999998183,-0.022705396070437867,0.0366058851150417,0.009319198434238746,-0.0411111111111111,18922761.8,105
159736.SZ,2024-03-28,2024-03-29,2024-04-03,2024-03-28,0.02211372840909087,-0.030927835051546393,0.016216216216216273,0.004850000000000021,-0.0030491846745326345,0.03598406812251054,0.014143720800769997,-0.030927835051546393,26679800.3,154
159752.SZ,2024-03-28,2024-03-29,2024-04-03,2024-03-28,0.03735199215189877,-0.03861788617886175,0.008528784648187626,0.0048000000000000265,-0.02292914687048131,0.03521277354052321,0.021740059174319332,-0.06759443339960236,12605930.6,213
159758.SZ,2024-03-28,2024-03-29,2024-04-03,2024-03-28,0.017529796848072765,-0.011235955056179803,0.011494252873563315,0.0051000000000001044,-0.009064804909633462,0.05306533855093076,0.0063519097234448095,-0.02885682574916759,7733102.65,125
159770.SZ,2024-03-28,2024-03-29,2024-04-03,2024-03-28,-0.015597728540245437,-0.04811443433029916,0.011049723756905827,0.00505000000000011,-0.02795299116924521,0.07604191474160515,0.017730896073938046,-0.09936305732484085,33319219.6,3
159780.SZ,2024-03-28,2024-03-29,2024-04-03,2024-03-28,0.010054675181236705,-0.04462474645030423,-0.010504201680672232,0.002850000000000019,-0.03463824554211936,0.05079148569582537,0.01452969064701962,-0.07539682539682535,37949477.55,46
159781.SZ,2024-03-28,2024-03-29,2024-04-03,2024-03-28,0.005833996158798538,-0.04498977505112467,-0.014767932489451518,0.002799999999999858,-0.034924571192395004,0.05051016716115475,0.01392375664694716,-0.07199999999999995,89468586.1,26
159782.SZ,2024-03-28,2024-03-29,2024-04-03,2024-03-28,0.005779239510638412,-0.04471544715447151,-0.010526315789473717,0.0030000000000000027,-0.03361776498406488,0.04997841105354062,0.014129260498397427,-0.07738095238095233,4779103.4,25
159783.SZ,2024-03-28,2024-03-29,2024-04-03,2024-03-28,-0.0005999099999999258,-0.0444444444444444,-0.010460251046025104,0.0030999999999999917,-0.03459536687417075,0.051094107551487244,0.014729654245438635,-0.07114624505928846,51535728.8,9
159790.SZ,2024-03-28,2024-03-29,2024-04-03,2024-03-28,0.025025733333333466,-0.03191489361702127,0.014869888475836479,0.004650000000000043,-0.01904419690980963,0.038465126403184335,0.016097799241890684,-0.04895104895104896,36621586.55,175
159807.SZ,2024-03-28,2024-03-29,2024-04-03,2024-03-28,0.003871678769575171,-0.03862660944206009,-0.006651884700665245,0.0024999999999999467,-0.024071451911556352,0.0413626224053838,0.01408699784874856,-0.06567796610169496,15103785.4,22
159808.SZ,2024-03-28,2024-03-29,2024-04-03,2024-03-28,0.023159973268944922,-0.04788732394366191,0.001481481481481417,0.00539999999999996,-0.02677800172761291,0.04603182571156039,0.016112679346326746,-0.06415620641562059,2203623.5,166
159810.SZ,2024-03-28,2024-03-29,2024-04-03,2024-03-28,0.014668702486111185,-0.04648074369189914,-1.1102230246251565e-16,0.005349999999999966,-0.02525115395058375,0.046455462423639515,0.01607607454334971,-0.06946264744429886,5247788.35,91
159814.SZ,2024-03-28,2024-03-29,2024-04-03,2024-03-28,0.017246520178571423,-0.04802259887005633,0.0029761904761904656,0.0029000000000000137,-0.02811824080749814,0.055341381759155706,0.015848062211532336,-0.07202216066481981,31135498.4,121
159820.SZ,2024-03-28,2024-03-29,2024-04-03,2024-03-28,0.027453425859649272,-0.044792833146696576,-0.025142857142857133,0.0009500000000000064,-0.029247752361443058,0.035510861452645814,0.01104691038046494,-0.0663716814159293,11712718.95,186
159843.SZ,2024-03-28,2024-03-29,2024-04-03,2024-03-28,0.015172544791965725,-0.025210084033613356,0.02052785923753664,0.0051000000000001044,0.0011507479861909697,0.042096584805256576,0.013191380439356306,-0.02941176470588225,15301740.25,97
159861.SZ,2024-03-28,2024-03-29,2024-04-03,2024-03-28,0.0235401887922706,-0.029308323563892014,0.0036363636363636598,0.004549999999999832,-0.02352733062090917,0.03117209509718477,0.01579111552758071,-0.059633027522935755,12020477.3,169
159870.SZ,2024-03-28,2024-03-29,2024-04-03,2024-03-28,0.05849505184347814,-0.018803418803418626,-0.013745704467354014,0.0008499999999999064,-0.013915134856553713,0.03561156412157129,0.010257752917582871,-0.042016806722688926,42827454.45,223
159885.SZ,2024-03-28,2024-03-29,2024-04-03,2024-03-28,0.023989898892794237,-0.0323129251700679,0.016071428571428514,0.004850000000000021,-0.01659177324576555,0.037661406025824906,0.015439455521665429,-0.047138047138047035,3385223.8,172
159886.SZ,2024-03-28,2024-03-29,2024-04-03,2024-03-28,0.039211357321428775,-0.022727272727272707,0.004120879120878884,0.006950000000000012,-0.018132975151108233,0.052098544443921035,0.015962403898376498,-0.05208333333333337,10864335.65,216
159901.SZ,2024-03-28,2024-03-29,2024-04-03,2024-03-28,0.01943716218085112,-0.02352472089314206,0.005749486652977254,0.01729999999999965,-0.01078482853334406,0.04894393797092045,0.010340972152798595,-0.039192399049881144,138238580.1,134
159903.SZ,2024-03-28,2024-03-29,2024-04-03,2024-03-28,0.02393081948181819,-0.033333333333333215,0.0027297543221111997,0.007850000000000135,-0.017168338907469383,0.04530834848272991,0.010596629519908071,-0.050390964378801084,14587494.15,171
159908.SZ,2024-03-28,2024-03-29,2024-04-03,2024-03-28,0.018829496366950194,-0.04748118123914291,0.0,0.013149999999999995,-0.02703022416750467,0.04702433788163418,0.0159787936132959,-0.06799999999999995,16557464.75,130
159910.SZ,2024-03-28,2024-03-29,2024-04-03,2024-03-28,0.028443372324857386,-0.013326499231163358,-0.010791366906474864,0.0012999999999996348,-0.008753861997940149,0.035319205651072716,0.006245345299885422,-0.02304147465437789,2797123.65,193
159912.SZ,2024-03-28,2024-03-29,2024-04-03,2024-03-28,0.020022631539682534,-0.03081664098613235,0.004792332268370503,0.008199999999999985,-0.015418329811379916,0.047194940374554406,0.010028501401687121,-0.04820198928844677,2496994.65,142
159915.SZ,2024-03-28,2024-03-29,2024-04-03,2024-03-28,0.018750661218678966,-0.047670639219935085,-0.0017035775127769437,0.013450000000000406,-0.026982150269821648,0.047705109743015006,0.016651406494736246,-0.07093333333333329,2112817586.65,129
159919.SZ,2024-03-28,2024-03-29,2024-04-03,2024-03-28,0.014206017259259296,-0.016433189655172487,0.0019209659714598537,0.012550000000000505,-0.010381373160220253,0.04257273253924532,0.006756057033452819,-0.02756221568102757,1481579089.05,88
159922.SZ,2024-03-28,2024-03-29,2024-04-03,2024-03-28,0.031024334150629107,-0.04462868230728545,-0.02537340291524215,0.005349999999999966,-0.02925150559219969,0.03565926008427511,0.011036427024766158,-0.06718885987815482,591705523.5,201
159923.SZ,2024-03-28,2024-03-29,2024-04-03,2024-03-28,0.015025889452768837,-0.012861736334405127,0.0045811518324607725,0.006000000000000005,-0.0058290155440415825,0.037913417585372367,0.0071031003239603405,-0.022450288646568284,279034.75,94
159928.SZ,2024-03-28,2024-03-29,2024-04-03,2024-03-28,0.02264195255813961,-0.02824858757062154,0.014150943396226356,0.005300000000000082,-0.0008713331397037782,0.03951129181594948,0.012058801991741232,-0.02824858757062154,89190618.0,159
159935.SZ,2024-03-28,2024-03-29,2024-04-03,2024-03-28,0.026746858631840897,-0.048128342245989386,-0.02376599634369292,0.0014000000000000679,-0.03123393704834776,0.034965107909916915,0.01063171669803485,-0.06415538552089461,959434.45,182
159936.SZ,2024-03-28,2024-03-29,2024-04-03,2024-03-28,0.012073641865941953,-0.005415162454873723,0.017857142857143016,0.013300000000000312,-0.0011782833318227937,0.05992549341929698,0.007181815569298923,-0.036073329390892916,3565747.85,68
159943.SZ,2024-03-28,2024-03-29,2024-04-03,2024-03-28,0.02518440604747174,-0.03379721669980107,0.0020618556701030855,0.006800000000000028,-0.015446948594580845,0.04563106796116512,0.01055579739378627,-0.050295857988165715,9055354.45,178
159949.SZ,2024-03-28,2024-03-29,2024-04-03,2024-03-28,0.017618320807291754,-0.04714640198511166,0.010526315789473717,0.00824999999999998,-0.024761904761904763,0.058633746331189895,0.018218464737321034,-0.07299270072992703,688969030.25,126
159957.SZ,2024-03-28,2024-03-29,2024-04-03,2024-03-28,0.02185851898876434,-0.047736625514403164,0.0,0.00934999999999997,-0.02760852208261544,0.04794128440366974,0.016300076232765852,-0.07055961070559602,5007907.3,152
159958.SZ,2024-03-28,2024-03-29,2024-04-03,2024-03-28,0.023037745865657655,-0.04860486048604862,0.0018957345971561956,0.008499999999999952,-0.02773306351469451,0.047216157205240306,0.017038687077329428,-0.07364685004436577,4688528.55,165
159959.SZ,2024-03-28,2024-03-29,2024-04-03,2024-03-28,0.0077537381686931806,-0.01644245142002987,-0.0022744503411674666,0.0028500000000002412,-0.010935327496148228,0.04854407187044418,0.007637505006627432,-0.029739776951672847,16106527.5,35
159964.SZ,2024-03-28,2024-03-29,2024-04-03,2024-03-28,0.021316758640350875,-0.0507910074937552,-0.004366812227074357,0.009050000000000002,-0.029498148384625278,0.047734435392757346,0.015976719331510302,-0.06896551724137923,5482848.45,148
159965.SZ,2024-03-28,2024-03-29,2024-04-03,2024-03-28,0.002540388790259307,-0.01391035548686248,-0.008547008547008628,-0.0012499999999999734,-0.01169545348927259,0.036833792863452564,0.006421572756472142,-0.0169884169884168,1571735.9,17
159966.SZ,2024-03-28,2024-03-29,2024-04-03,2024-03-28,0.019092702610837398,-0.04481132075471694,-0.009779951100244544,0.0024000000000000132,-0.02947519769949669,0.033816425120772875,0.013228897347074605,-0.04929577464788726,3170388.8,132
159967.SZ,2024-03-28,2024-03-29,2024-04-03,2024-03-28,0.011587895975609719,-0.04861111111111105,0.0,0.004099999999999937,-0.032599741085088785,0.07235707374531986,0.014627976349383927,-0.08163265306122447,172462273.35,63
159968.SZ,2024-03-28,2024-03-29,2024-04-03,2024-03-28,0.0284886581081083,-0.04341180067257722,-0.022034692920768872,0.008200000000001317,-0.026537659832623017,0.035910244531281554,0.011411531240024487,-0.06726118500604583,9432252.9,194
159969.SZ,2024-03-28,2024-03-29,2024-04-03,2024-03-28,0.013650091283270216,-0.027881040892193343,0.0019157088122603305,0.006900000000000128,-0.013905255715295994,0.046035763592137346,0.009912992851964517,-0.03785780240073866,1483103.55,84
159971.SZ,2024-03-28,2024-03-29,2024-04-03,2024-03-28,0.012305983010492572,-0.04795050270688306,-0.0016220600162205612,0.009949999999999903,-0.026762066648218896,0.04681573030608144,0.015967046273433885,-0.06946564885496187,10196863.05,72
159975.SZ,2024-03-28,2024-03-29,2024-04-03,2024-03-28,0.01336376391217553,-0.02729044834307992,0.008080808080808133,0.003750000000000031,-0.011587600277310095,0.049656940882944145,0.01057973315123229,-0.035019455252918275,8876668.35,80
159977.SZ,2024-03-28,2024-03-29,2024-04-03,2024-03-28,0.021161659733260674,-0.049535603715170184,-0.001626016260162677,0.014900000000000135,-0.028019629570998905,0.04809748543617731,0.016460037857663444,-0.07022900763358786,51895184.55,146
159982.SZ,2024-03-28,2024-03-29,2024-04-03,2024-03-28,0.02828899885156244,-0.04331590739357716,-0.022883295194507824,0.0017500000000003624,-0.02774088269894881,0.035823320536170655,0.011357273134117975,-0.06710914454277284,15450591.6,191
159991.SZ,2024-03-28,2024-03-29,2024-04-03,2024-03-28,0.015347963776595863,-0.05063291139240511,0.0,0.003049999999999997,-0.029377507441439188,0.05444868995633212,0.016697715849486976,-0.0746268656716419,4022794.7,99
160119.SZ,2024-03-28,2024-03-29,2024-04-03,2024-03-28,0.020707794807427904,-0.04111405835543769,-0.018329938900203735,0.002950000000000008,-0.02698337931498551,0.03123807320881311,0.009064688292625115,-0.05836065573770488,445915.8,145
160222.SZ,2024-03-28,2024-03-29,2024-04-03,2024-03-28,0.014214458494869131,-0.025555555555555554,0.016222479721900385,0.00550000000000006,-0.0015369727329651584,0.0390985448953034,0.012255155077589596,-0.02879291251384275,110568.85,89
160223.SZ,2024-03-28,2024-03-29,2024-04-03,2024-03-28,0.01249706698588704,-0.04154589371980666,0.00915564598168861,0.008249999999999869,-0.019423713734987302,0.043781060306432806,0.015392258299011488,-0.062200956937799035,259874.3,75
160225.SZ,2024-03-28,2024-03-29,2024-04-03,2024-03-28,0.046061384524618054,-0.039934800325998276,0.016393442622950838,0.01475000000000004,-0.013606866234038173,0.035312305847336356,0.018438923021446164,-0.055466237942122354,378429.65,219
160632.SZ,2024-03-28,2024-03-29,2024-04-03,2024-03-28,0.015783698032787008,-0.029680365296803735,0.0315533980582523,0.0042500000000000315,0.0038974843510097834,0.04350505299482377,0.013848021785207564,-0.03196347031963476,701052.45,106
160706.SZ,2024-03-28,2024-03-29,2024-04-03,2024-03-28,0.008234565933701532,-0.013086150490730697,0.006674082313681939,0.0033000000000000806,-0.00636802810715853,0.0379487179487179,0.006306535425679621,-0.026058631921824116,1664073.45,38
161005.SZ,2024-03-28,2024-03-29,2024-04-03,2024-03-28,0.027137496426131724,-0.015533165407220939,0.005143591941705772,0.01075000000000026,-0.006187489404983926,0.030205566672730555,0.006658430631392923,-0.0316008316008316,9689224.45,184
161017.SZ,2024-03-28,2024-03-29,2024-04-03,2024-03-28,0.027267977124999954,-0.03720930232558162,-0.011933174224343812,0.006400000000000183,-0.022709031679335356,0.03512987383219457,0.009634196868185943,-0.05080831408775999,579887.05,185
161026.SZ,2024-03-28,2024-03-29,2024-04-03,2024-03-28,0.017907499074074185,-0.008547008547008517,0.005417118093174356,0.00285000000000013,-0.004932446922582101,0.04506658199951463,0.00555874618440983,-0.024468085106382986,170726.35,127
161725.SZ,2024-03-28,2024-03-29,2024-04-03,2024-03-28,0.021538699588607546,-0.024590163934426146,0.040437158469945444,0.011500000000000066,0.008260961660665034,0.05053127375897026,0.014074195638184803,-0.029713114754098435,28110532.5,150
162605.SZ,2024-03-28,2024-03-29,2024-04-03,2024-03-28,0.01314429555992147,-0.019305019305019266,0.013466334164588645,0.011250000000000426,-0.0031397174254318427,0.035939048458000666,0.009987553904113423,-0.02120481927710849,3699947.55,78
163109.SZ,2024-03-28,2024-03-29,2024-04-03,2024-03-28,0.025127221029703106,-0.04174573055028463,-0.0039447731755424265,0.0031999999999999806,-0.023116355546958123,0.04059449122689318,0.010188299310295527,-0.047169811320754707,165578.3,176
163406.SZ,2024-03-28,2024-03-29,2024-04-03,2024-03-28,0.004597564465081749,-0.035790980672870454,-0.0044345898004434225,0.005300000000000082,-0.025854275899475754,0.04109674990588541,0.009994329990387357,-0.056697377746279254,3595861.5,23
163407.SZ,2024-03-28,2024-03-29,2024-04-03,2024-03-28,0.010166460992974358,-0.017988929889298788,-0.017535763728657283,-0.004850000000000243,-0.01823799312904928,0.03872682856732279,0.005838276537913949,-0.024782010096374596,1533283.9,48
163415.SZ,2024-03-28,2024-03-29,2024-04-03,2024-03-28,0.00898009770968855,-0.02698201199200534,0.010027662517288816,0.018150000000000333,-0.01439103807804587,0.0404734877298103,0.010162569705396826,-0.04815303430079154,1967988.65,41
163417.SZ,2024-03-28,2024-03-29,2024-04-03,2024-03-28,0.0068030536296295185,-0.03494837172359,0.00913621262458486,0.007500000000000062,-0.018261150614091726,0.03943224289253777,0.010750989711105467,-0.053543307086614256,14490553.3,30
163418.SZ,2024-03-28,2024-03-29,2024-04-03,2024-03-28,0.028794210294117883,-0.01858108108108092,0.04496402877697836,0.008499999999999952,-0.0014608576093493308,0.05714026162790664,0.010201343227973635,-0.04020100502512547,738069.4,197
180202.SZ,2024-03-28,2024-03-29,2024-04-03,2024-03-28,0.027954378285714343,-0.021173104434907053,-0.031838120843356466,-0.04760000000000009,-0.031838120843356466,0.07769729317575291,0.007470137937469038,-0.037605633802816896,7193055.25,188
501019.SH,2024-03-28,2024-03-29,2024-04-03,2024-03-28,0.002371547155599618,-0.03550863723608444,-0.006916996047430901,0.005300000000000082,-0.02199299338263938,0.043266383525947916,0.013088032278656686,-0.06488549618320594,133409.95,16
501029.SH,2024-03-28,2024-03-29,2024-04-03,2024-03-28,0.021350737971576272,-0.009646302250803762,-0.0077319587628864594,-0.0014499999999997293,-0.012282333322643724,0.03307418777745874,0.005869970383966968,-0.010932475884244286,1311270.45,149
501043.SH,2024-03-28,2024-03-29,2024-04-03,2024-03-28,0.010609927075065029,-0.018675721561969283,0.0017331022530329143,0.0037000000000000366,-0.010697475395806566,0.03932875757890231,0.005734463725462341,-0.02538071065989833,267535.25,53
501050.SH,2024-03-28,2024-03-29,2024-04-03,2024-03-28,0.008599588736401875,-0.015663643858202736,-0.005828476269775118,-0.0016500000000001513,-0.00908751400473029,0.02773434168254041,0.006723868411582127,-0.021381578947368474,1602992.15,40
501079.SH,2024-03-28,2024-03-29,2024-04-03,2024-03-28,0.028107298037974626,-0.030747398297067186,-0.010622887493964117,0.0005999999999999339,-0.023146051345617535,0.030323621151216784,0.011101204746218155,-0.05305164319248823,478842.9,190
501090.SH,2024-03-28,2024-03-29,2024-04-03,2024-03-28,0.014894665038760024,-0.012787723785166127,0.004336513443191636,0.003450000000000175,-0.0025410224385203906,0.04024670708760203,0.006982486314854943,-0.01619778346121048,498073.35,92
508009.SH,2024-03-28,2024-03-29,2024-04-03,2024-03-28,-0.03234413991183571,-0.00036218761318340675,0.020206998521439257,0.018150000000000333,0.0011123470522804713,0.07164560078260118,0.011786091757018355,-0.038685870729675,25355423.0,0
510150.SH,2024-03-28,2024-03-29,2024-04-03,2024-03-28,0.007192683294347191,-0.017208413001912115,-0.01532567049808431,-0.0006500000000001505,-0.01504263677301887,0.02568218298555358,0.010665466132729218,-0.0413533834586467,58756282.0,31
510180.SH,2024-03-28,2024-03-29,2024-04-03,2024-03-28,0.011850835575812901,-0.013477088948787075,-0.0024227740763174133,0.004550000000000498,-0.00987420532936567,0.0399114352696015,0.005403775318427631,-0.02056019070321824,92548825.8,65
510210.SH,2024-03-28,2024-03-29,2024-04-03,2024-03-28,0.022515466231292525,-0.022606382978723416,-0.005412719891745632,0.00044999999999995044,-0.013753773901375332,0.03334719911259021,0.005772744913895611,-0.030423280423280463,213587737.3,156
510290.SH,2024-03-28,2024-03-29,2024-04-03,2024-03-28,0.022616242533185726,-0.0343163538873994,-0.013691128148959342,0.0030000000000001137,-0.020370420734858063,0.029982445656233425,0.0070701792225222595,-0.04175588865096347,832735.5,158
510300.SH,2024-03-28,2024-03-29,2024-04-03,2024-03-28,0.013933709786142057,-0.01680672268907568,0.001998287182414904,0.011849999999999916,-0.010598714623971217,0.03735543956606313,0.006454811299347212,-0.0275612472160357,3577863900.7,87
510310.SH,2024-03-28,2024-03-29,2024-04-03,2024-03-28,0.013385863854227242,-0.01661891117478509,0.0029222676797195923,0.006250000000000089,-0.01052328095718602,0.04355543966623854,0.006348514335506289,-0.027888446215139417,1881508686.65,81
510330.SH,2024-03-28,2024-03-29,2024-04-03,2024-03-28,0.01360165160211757,-0.016698603887216,0.001673173452314547,0.012150000000000105,-0.010441058982341156,0.042959827222097235,0.006344937502716299,-0.02774000543921673,1168119963.25,83
510350.SH,2024-03-28,2024-03-29,2024-04-03,2024-03-28,0.016330107406035133,-0.015320695923136785,0.003971405877680745,0.014100000000000001,-0.009404388714733591,0.04344033654676149,0.006762151339665926,-0.02607797572940873,22329843.85,113
510360.SH,2024-03-28,2024-03-29,2024-04-03,2024-03-28,0.011921939209083687,-0.016178736517719505,0.003142183817753219,0.004650000000000043,-0.009578469771590381,0.04316343042071202,0.006481916096405251,-0.026033690658499142,113127480.7,66
510370.SH,2024-03-28,2024-03-29,2024-04-03,2024-03-28,0.011111809804687622,-0.012903225806451646,-0.00390625,0.0014999999999999458,-0.010477299185098987,0.03753243267424167,0.005178492754573519,-0.023047375160051287,491092.65,60
510390.SH,2024-03-28,2024-03-29,2024-04-03,2024-03-28,0.012840112727272812,-0.01666666666666672,0.0018867924528300772,0.01289999999999969,-0.009988014382740773,0.04275252969440002,0.006224816824818434,-0.02630886608787164,3909533.9,76
510500.SH,2024-03-28,2024-03-29,2024-04-03,2024-03-28,0.030354124893295698,-0.044160057678442666,-0.023568403608911992,0.005399999999999849,-0.028870189446311367,0.035586952399013994,0.011337131628874573,-0.06832740213523125,2125795408.85,200
510510.SH,2024-03-28,2024-03-29,2024-04-03,2024-03-28,0.028702525577043225,-0.043556085918854404,-0.02256097560975623,0.0018499999999999073,-0.028337626913168545,0.034931621429467485,0.010855493242514868,-0.0660377358490567,153280074.65,195
510530.SH,2024-03-28,2024-03-29,2024-04-03,2024-03-28,0.025167311473296428,-0.03998584571832975,-0.01916124367317429,0.007500000000000284,-0.025459117237663365,0.03500357843273938,0.010844773967307068,-0.06472435450104685,3226114.95,177
510550.SH,2024-03-28,2024-03-29,2024-04-03,2024-03-28,0.019235511633588054,-0.047688921496698455,-0.01963746223564944,0.0019000000000000128,-0.03014906414615004,0.033967268841018194,0.010482201093482713,-0.05985401459854023,622025.45,133
510580.SH,2024-03-28,2024-03-29,2024-04-03,2024-03-28,0.029303399779527783,-0.04367469879518071,-0.02157164869029282,0.0007000000000000339,-0.028754970939125157,0.035804816223067304,0.011129731730338358,-0.06686478454680544,34616356.6,199
510590.SH,2024-03-28,2024-03-29,2024-04-03,2024-03-28,0.026192674124127846,-0.04385195579722845,-0.021364452423698332,0.008100000000000662,-0.027267211535029756,0.03596936103083004,0.011673806745190599,-0.06479068959527534,4618204.3,180
510600.SH,2024-03-28,2024-03-29,2024-04-03,2024-03-28,0.00801275235996024,-0.009545753785385136,-0.003312355084465146,-0.000500000000000167,-0.008223602893917215,0.034124865079815825,0.005634265786876662,-0.015086913742210495,6540820.4,37
510630.SH,2024-03-28,2024-03-29,2024-04-03,2024-03-28,0.01605675816666663,-0.026369168356997874,-0.005181347150259086,0.0015000000000002789,-0.011532125205930943,0.036960583681822534,0.011586144232804256,-0.030303030303030165,12873768.5,111
510990.SH,2024-03-28,2024-03-29,2024-04-03,2024-03-28,0.010829061804320084,-0.013784461152882233,0.0,0.0013999999999999568,-0.009315206445115742,0.03892933432146117,0.005574274364376071,-0.013784461152882233,9142425.65,58
512040.SH,2024-03-28,2024-03-29,2024-04-03,2024-03-28,0.0344469257352944,-0.01007838745800671,0.006833712984054774,0.002650000000000041,-0.007689285513835076,0.04508749633395248,0.006263796857827775,-0.026696329254727535,37359199.45,208
512090.SH,2024-03-28,2024-03-29,2024-04-03,2024-03-28,0.01536726645606401,-0.021321961620469065,0.0021834061135372895,0.006050000000000111,-0.010917971555810979,0.04498598879103288,0.006540248559774315,-0.026950354609929228,13046613.95,100
512160.SH,2024-03-28,2024-03-29,2024-04-03,2024-03-28,0.010778459146110198,-0.019607843137255054,0.002865329512893977,0.004799999999999693,-0.011020062164453281,0.04458619615302628,0.007058604541291245,-0.03153988868274582,8162275.35,55
512380.SH,2024-03-28,2024-03-29,2024-04-03,2024-03-28,0.01208283225888307,-0.02240663900414952,0.002553191489361506,0.005199999999999871,-0.012780222082547699,0.042670938615014586,0.0063943936834649166,-0.027272727272727337,9591102.05,69
512500.SH,2024-03-28,2024-03-29,2024-04-03,2024-03-28,0.031087517149982258,-0.04414261460101865,-0.023247744621790356,0.00295000000000023,-0.028690716491554857,0.0356453687821614,0.011261903936334378,-0.0686767169179231,489346198.4,202
512510.SH,2024-03-28,2024-03-29,2024-04-03,2024-03-28,0.02302985568845628,-0.03938584779706289,-0.017076502732240484,0.0023999999999999577,-0.024109050218710903,0.03682131933295074,0.010933792471766499,-0.06530343007915584,12330872.85,164
512520.SH,2024-03-28,2024-03-29,2024-04-03,2024-03-28,0.014513890982986721,-0.02314814814814825,0.000948766603415363,0.0044999999999999485,-0.013742170702066181,0.043423127570678455,0.006810512317235338,-0.0303867403314918,1921388.15,90
512650.SH,2024-03-28,2024-03-29,2024-04-03,2024-03-28,0.006332344959537606,-0.02934537246049662,-0.014891179839633506,0.0008500000000000174,-0.02233843005740921,0.03366627497062269,0.008557358292232913,-0.04134078212290504,6187475.35,28
512690.SH,2024-03-28,2024-03-29,2024-04-03,2024-03-28,0.022574584840579837,-0.028089887640449285,0.03129657228017879,0.00725000000000009,0.004937554458321225,0.047061506880559545,0.01573860618331867,-0.032303370786516905,372130804.6,157
512910.SH,2024-03-28,2024-03-29,2024-04-03,2024-03-28,0.019658199932432563,-0.012235817575083408,0.006802721088435382,0.004049999999999998,-0.006989097008666345,0.041905353709924764,0.006617054566427591,-0.023204419889502836,12257411.1,137
512950.SH,2024-03-28,2024-03-29,2024-04-03,2024-03-28,0.0075252939837398,-0.01519999999999988,-0.0008116883116882079,0.003049999999999997,-0.008137942148094268,0.04983716569623997,0.007690739766994944,-0.03264331210191096,23682098.35,34
512960.SH,2024-03-28,2024-03-29,2024-04-03,2024-03-28,0.0035781840217390393,-0.016515276630883813,-0.002512562814070418,0.002650000000000041,-0.00993391246518982,0.049297822231267885,0.007170543522355713,-0.03125,29496657.1,20
512970.SH,2024-03-28,2024-03-29,2024-04-03,2024-03-28,0.013308242345924759,-0.024084778420038644,0.001978239366963397,0.005049999999999999,-0.013775982086355554,0.043374473056021046,0.008512192389563585,-0.030680728667305868,67307.45,79
512990.SH,2024-03-28,2024-03-29,2024-04-03,2024-03-28,0.01860564333096093,-0.022253129346314182,0.002138275124732747,0.006349999999999856,-0.01232833409434142,0.0443729824904624,0.006903433183241039,-0.030470914127423643,6639116.5,128
515110.SH,2024-03-28,2024-03-29,2024-04-03,2024-03-28,0.026300744951060384,-0.013720742534301777,0.014107883817427336,0.007949999999999902,-0.007633587786259555,0.059025886534988414,0.007291440674713659,-0.03508771929824561,7405428.2,181
515130.SH,2024-03-28,2024-03-29,2024-04-03,2024-03-28,0.015116835171137932,-0.016348773841961872,0.0018501387604070718,0.003850000000000131,-0.010190558881323364,0.042659974905897124,0.0069639089593936405,-0.027075812274368283,12152379.65,95
515160.SH,2024-03-28,2024-03-29,2024-04-03,2024-03-28,0.013476147605633981,-0.02074330164217808,0.0017683465959328348,0.0045999999999999375,-0.011473192863063253,0.04382077046841326,0.007285928118757505,-0.02923473774720531,8762130.8,82
515170.SH,2024-03-28,2024-03-29,2024-04-03,2024-03-28,0.020355253177419597,-0.023474178403755874,0.024630541871921263,0.0047000000000000375,0.0028123744475694323,0.0436350422094256,0.012797155386959951,-0.029687499999999978,62438254.95,143
515200.SH,2024-03-28,2024-03-29,2024-04-03,2024-03-28,0.0016176937500000932,-0.04641350210970452,-0.022350396539293382,0.0034000000000000696,-0.03822966167813313,0.04439615792982532,0.012814548901221636,-0.06671299513551066,3289905.4,14
515300.SH,2024-03-28,2024-03-29,2024-04-03,2024-03-28,0.018967749485134355,-0.0014492753623189802,-1.1102230246251565e-16,0.00045000000000006146,-0.005879594560473378,0.03678725473085853,0.006556880376320446,-0.0072202166064981865,37304266.3,131
515310.SH,2024-03-28,2024-03-29,2024-04-03,2024-03-28,0.015390491440000265,-0.016683022571148287,0.0030030030030030463,0.003350000000000186,-0.00988142292490124,0.04252871589718943,0.0067580005741926545,-0.028292682926829404,11381766.75,101
515330.SH,2024-03-28,2024-03-29,2024-04-03,2024-03-28,0.015015716406250101,-0.01635991820040894,0.002083333333333437,0.0034999999999999476,-0.00998250488833996,0.042801695612513235,0.006150036661022907,-0.026422764227642226,42545481.0,93
515350.SH,2024-03-28,2024-03-29,2024-04-03,2024-03-28,0.012396772784753374,-0.01633193555506507,0.002699662542182235,0.016050000000000786,-0.010501076748884564,0.043616269505682315,0.006976086612701884,-0.027388255915863247,4051017.1,73
515380.SH,2024-03-28,2024-03-29,2024-04-03,2024-03-28,0.016117707814950366,-0.016653856008198797,0.0028743140841389625,0.013450000000000184,-0.010429424125617204,0.043159598169258295,0.006342666262188693,-0.0262353540499235,110577356.45,112
515390.SH,2024-03-28,2024-03-29,2024-04-03,2024-03-28,0.01693342491228078,-0.018200202224469164,0.0010309278350515427,0.0032999999999998586,-0.011251972913802644,0.0430880348386411,0.0061204615537379615,-0.026156941649899457,20189294.1,118
515530.SH,2024-03-28,2024-03-29,2024-04-03,2024-03-28,0.02843131992011627,-0.04685872960777504,-0.025204117855874952,0.005800000000000249,-0.032672831351827414,0.03650039251005621,0.00861172016317775,-0.056357388316151114,11635270.55,192
515580.SH,2024-03-28,2024-03-29,2024-04-03,2024-03-28,0.009295140396039514,-0.03683492496589347,0.0014184397163119478,0.005900000000000016,-0.02297259894824244,0.05522428018594683,0.012986249398366413,-0.06325706594885594,14986147.2,44
515660.SH,2024-03-28,2024-03-29,2024-04-03,2024-03-28,0.01512533954006301,-0.019239904988123446,-0.0007260406582766388,0.012099999999999334,-0.011325814716375504,0.04230308475591471,0.005987460326946137,-0.026004728132387522,2091583.8,96
515710.SH,2024-03-28,2024-03-29,2024-04-03,2024-03-28,0.010048188371385214,-0.02670623145400597,0.02180685358255463,0.0050000000000000044,0.0018326206475258733,0.04306270907449705,0.013167080379138905,-0.029673590504451064,19718739.5,45
515750.SH,2024-03-28,2024-03-29,2024-04-03,2024-03-28,-0.008688579793165396,-0.041450777202072575,0.004524886877828038,0.010500000000000176,-0.026998597475455965,0.05753661701996182,0.015520762923423467,-0.0725875320239111,11665385.25,5
515770.SH,2024-03-28,2024-03-29,2024-04-03,2024-03-28,0.013870168523166138,-0.022727272727272707,-0.0009680542110359625,0.003649999999999931,-0.013855709507883618,0.03769687153977097,0.006323678513366827,-0.029190207156308934,12881356.05,86
515800.SH,2024-03-28,2024-03-29,2024-04-03,2024-03-28,0.01056657145251405,-0.02310231023102316,-0.0033670033670033517,0.0025999999999999357,-0.01513891199467643,0.041446887152042367,0.00740633523323113,-0.0360262008733625,154908696.55,52
515810.SH,2024-03-28,2024-03-29,2024-04-03,2024-03-28,0.017407298828828743,-0.02464788732394363,-0.004492362982928877,0.003550000000000164,-0.015198649008976939,0.042290055120663306,0.007533689722598189,-0.03677758318739044,13486762.45,123
515860.SH,2024-03-28,2024-03-29,2024-04-03,2024-03-28,-0.0033760213611109258,-0.037267080745341685,-0.02951699463327384,0.0011499999999999844,-0.030514229549211347,0.04817133134570639,0.013128116353074114,-0.07017543859649111,3350097.25,6
515910.SH,2024-03-28,2024-03-29,2024-04-03,2024-03-28,0.010800091026616165,-0.03656307129798908,-0.03125,-0.0006500000000000394,-0.031694993109784075,0.037523034885937445,0.009683020273841892,-0.04537205081669693,15753899.1,56
515920.SH,2024-03-28,2024-03-29,2024-04-03,2024-03-28,0.006705646213450489,-0.024216524216524205,0.004398826979472137,0.004149999999999987,-0.017428100121924972,0.05304365339106787,0.011801853697735116,-0.05633802816901401,8306905.45,29
515990.SH,2024-03-28,2024-03-29,2024-04-03,2024-03-28,0.02277786988304098,-0.014913007456503924,0.01191489361702125,0.007000000000000117,-0.009001500250041983,0.05822688050332969,0.007722876446795014,-0.03758169934640532,6555327.05,161
516020.SH,2024-03-28,2024-03-29,2024-04-03,2024-03-28,0.05622216869565233,-0.014802631578947345,-0.008278145695364225,0.0011499999999999844,-0.01089828269484816,0.03604014598540162,0.009425892103361387,-0.03883495145631066,24048694.45,222
516070.SH,2024-03-28,2024-03-29,2024-04-03,2024-03-28,0.027954378285714565,-0.02771362586605086,0.016908212560386326,0.0035999999999999366,-0.01669975475884633,0.03831696374439186,0.016651109690812325,-0.05215419501133789,14522990.9,189
516120.SH,2024-03-28,2024-03-29,2024-04-03,2024-03-28,0.05364384488486862,-0.01944894651539708,-0.013050570962479635,0.0010499999999998844,-0.015379607779314797,0.035764454683373526,0.009341769650257032,-0.039808917197452276,14774949.15,221
516220.SH,2024-03-28,2024-03-29,2024-04-03,2024-03-28,0.05308034759873648,-0.018662519440124425,-0.010971786833855801,0.0010500000000001064,-0.013060139203879051,0.035999783947283204,0.010476152257084056,-0.042813455657492394,24139947.1,220
516270.SH,2024-03-28,2024-03-29,2024-04-03,2024-03-28,0.04050095950216437,-0.04149377593360992,0.004347826086956497,0.004550000000000054,-0.025316455696202556,0.034595656444396106,0.0203740186020492,-0.06896551724137923,12879943.55,217
516320.SH,2024-03-28,2024-03-29,2024-04-03,2024-03-28,0.01970720358490552,-0.031205673758865293,0.007374631268436627,0.005249999999999977,-0.01980482204362788,0.044390597287102374,0.01474742049360388,-0.05726256983240219,5205336.05,138
516330.SH,2024-03-28,2024-03-29,2024-04-03,2024-03-28,0.0006114840484847672,-0.041860465116278944,-0.022538552787663146,0.003349999999999964,-0.037776610030945124,0.05733100113180378,0.01304451974405057,-0.07110091743119262,696720.0,10
516530.SH,2024-03-28,2024-03-29,2024-04-03,2024-03-28,0.033950413213828634,-0.023690773067331694,0.00256081946222797,0.0009999999999998899,-0.004450095359186168,0.024377537065578325,0.008396458302150384,-0.034782608695652195,1509353.35,206
516550.SH,2024-03-28,2024-03-29,2024-04-03,2024-03-28,0.03616731739130441,-0.0417335473515249,-0.021311475409836134,-0.0005499999999999394,-0.021311475409836134,0.02411998433040452,0.00915463764493007,-0.0417335473515249,6590818.6,210
516600.SH,2024-03-28,2024-03-29,2024-04-03,2024-03-28,0.0012611702420857185,-0.02527075812274371,-0.012797074954296161,-0.00040000000000006697,-0.01630385280990987,0.029377754164452874,0.009050207882992259,-0.03942652329749108,4282646.5,12
516830.SH,2024-03-28,2024-03-29,2024-04-03,2024-03-28,0.01023369531165308,-0.01342281879194629,0.009615384615384581,0.003550000000000053,-0.007025128343690845,0.04466868957730563,0.005984017193652715,-0.018766756032171594,11194872.2,50
516910.SH,2024-03-28,2024-03-29,2024-04-03,2024-03-28,0.031214143358946567,-0.02467811158798283,0.0011013215859030367,0.0014000000000000679,-0.005633648744735487,0.025080830545536115,0.00853597538184227,-0.03311965811965811,18117558.05,203
516960.SH,2024-03-28,2024-03-29,2024-04-03,2024-03-28,0.02459505025210107,-0.02888583218706997,0.015827338129496438,0.007649999999999935,-0.019035709323329097,0.05237248068627687,0.01577253721801048,-0.04594594594594581,2802656.35,174
517000.SH,2024-03-28,2024-03-29,2024-04-03,2024-03-28,0.005304964977843385,-0.017492711370262426,0.005970149253731405,0.0019000000000001238,-0.0047988187523072545,0.03150225922729377,0.007332382472500089,-0.02186588921282806,1121190.65,24
517030.SH,2024-03-28,2024-03-29,2024-04-03,2024-03-28,0.012050724050633121,-0.014981273408239737,0.005095541401273884,0.002449999999999952,-0.0054830780865947615,0.03814446479979061,0.006518161020221243,-0.01995012468827928,2015827.5,67
517080.SH,2024-03-28,2024-03-29,2024-04-03,2024-03-28,0.01711471493353023,-0.01594202898550723,0.00592592592592589,0.0020499999999998852,-0.00520108416965781,0.0328364984489673,0.0070249144728090724,-0.02170767004341534,4301850.3,120
517100.SH,2024-03-28,2024-03-29,2024-04-03,2024-03-28,0.011088979941520583,-0.015850144092219076,0.00589101620029453,0.002100000000000102,-0.004010207801677046,0.03436572980039232,0.007310356297957251,-0.021613832853025983,2010720.9,59
517300.SH,2024-03-28,2024-03-29,2024-04-03,2024-03-28,0.010113414088820827,-0.009160305343511421,0.009331259720062324,0.0020000000000000018,-0.004295796256520434,0.035205675260733926,0.006826479240173952,-0.018292682926829285,1554216.1,47
517660.SH,2024-03-28,2024-03-29,2024-04-03,2024-03-28,-0.0005999099999999258,-0.025401069518716568,-0.012195121951219523,0.0016000000000001569,-0.02009543652127177,0.04924545155375859,0.012915683335699101,-0.054304635761589504,8740225.35,9
560050.SH,2024-03-28,2024-03-29,2024-04-03,2024-03-28,0.009062798052486443,-0.009575923392612817,0.03428571428571425,0.006999999999999895,0.0025617946410025905,0.05397713451714892,0.00787105669804321,-0.017711171662125325,153907527.85,42
560100.SH,2024-03-28,2024-03-29,2024-04-03,2024-03-28,0.0341819956844549,-0.03579418344519014,-0.010332950631458115,0.0029000000000001247,-0.020565844790364718,0.04045081078950985,0.009475873961709591,-0.05432372505543237,10702283.1,207
560500.SH,2024-03-28,2024-03-29,2024-04-03,2024-03-28,0.0365035663952098,-0.030303030303030165,-0.005973715651135025,0.004149999999999987,-0.01979264844486328,0.0535592378824552,0.008442707656287836,-0.04718066743383187,6610122.5,212
560560.SH,2024-03-28,2024-03-29,2024-04-03,2024-03-28,0.016025969500924164,-0.032549728752260476,0.015180265654648917,0.0048000000000000265,-0.02041563672983615,0.03781472684085507,0.01613849680093537,-0.048128342245989386,5437992.25,109
561130.SH,2024-03-28,2024-03-29,2024-04-03,2024-03-28,0.01082180531428567,-0.022377622377622197,0.0028694404591105283,0.0041999999999999815,-0.01333897946220619,0.0470736033106709,0.009406391744426219,-0.037396121883656375,14789013.35,57
561300.SH,2024-03-28,2024-03-29,2024-04-03,2024-03-28,0.016363033536067828,-0.016689847009735637,-0.004225352112676051,0.0008500000000000174,-0.012707722385141618,0.04076738609112707,0.005543488291352504,-0.027624309392265012,52044842.8,114
561350.SH,2024-03-28,2024-03-29,2024-04-03,2024-03-28,0.022200092053232146,-0.042735042735042805,-0.023661270236612686,0.0008499999999999064,-0.028139333085409612,0.035624879645676844,0.011316035379916227,-0.06859205776173294,50363788.9,155
561500.SH,2024-03-28,2024-03-29,2024-04-03,2024-03-28,0.01704599849117172,-0.017214397496087663,0.011272141706924366,0.004649999999999932,-0.0109457437593512,0.04604612850082379,0.012061843667220875,-0.04147465437788023,2341527.3,119
561550.SH,2024-03-28,2024-03-29,2024-04-03,2024-03-28,0.0381177690314769,-0.03953488372093017,-0.015494636471990453,0.002000000000000113,-0.026230474506336643,0.04073369731918297,0.009497776282590985,-0.05414746543778792,34210412.1,215
561900.SH,2024-03-28,2024-03-29,2024-04-03,2024-03-28,0.01290549662162177,-0.013351134846461998,0.008185538881309684,0.003250000000000086,-0.007054081289889158,0.04436596660274095,0.006657471840652358,-0.025232403718459473,8727321.65,77
561990.SH,2024-03-28,2024-03-29,2024-04-03,2024-03-28,0.02297702528178247,-0.016795865633075002,0.01602136181575431,0.005449999999999955,-0.006203068886712293,0.05048357226147182,0.006921081500281939,-0.02699228791773778,38629082.85,163
562000.SH,2024-03-28,2024-03-29,2024-04-03,2024-03-28,0.01972281910287088,-0.010638297872340274,0.010869565217391353,0.004149999999999876,-0.005465779467680565,0.042616451932606436,0.007024065036054288,-0.0235294117647058,53091551.7,139
562010.SH,2024-03-28,2024-03-29,2024-04-03,2024-03-28,0.017273116944858558,-0.036231884057971064,0.013719512195121908,0.006900000000000017,-0.017507571840141845,0.03399022303696908,0.019879499899298114,-0.05698005698005704,1239216.5,122
562300.SH,2024-03-28,2024-03-29,2024-04-03,2024-03-28,0.015873717857142866,-0.026978417266187105,0.015009380863039379,0.0042999999999999705,-0.01805971503766224,0.03523111612175889,0.01517603881720471,-0.04946996466431097,3201065.3,108
562310.SH,2024-03-28,2024-03-29,2024-04-03,2024-03-28,0.020543956502115712,-0.028806584362139787,0.015781922525107683,0.006700000000000039,-0.012138970280452077,0.044574537857993146,0.012526925708952134,-0.04755434782608681,29383280.25,144
562360.SH,2024-03-28,2024-03-29,2024-04-03,2024-03-28,-0.01589685015306108,-0.04860267314702316,0.010322580645161228,0.005450000000000066,-0.02726877445804088,0.07352908488741705,0.016939017327454918,-0.09330143540669866,3933144.9,2
562500.SH,2024-03-28,2024-03-29,2024-04-03,2024-03-28,-0.015975295999999806,-0.04278074866310144,0.009873060648801113,0.005049999999999999,-0.025585193249863858,0.07518595293256913,0.018414823633116032,-0.10052219321148814,104572614.95,1
562910.SH,2024-03-28,2024-03-29,2024-04-03,2024-03-28,0.031748644872231946,-0.02970297029702973,0.006849315068492956,0.00484999999999991,-0.020000000000000018,0.04468949506674402,0.015001787417451926,-0.05987055016181231,4904727.55,204
588300.SH,2024-03-28,2024-03-29,2024-04-03,2024-03-28,0.0035555997297296305,-0.04761904761904756,-0.012345679012345734,0.0026999999999999247,-0.03633808472194333,0.04984719148487704,0.013933182224275628,-0.07392996108949412,32494444.65,19
588310.SH,2024-03-28,2024-03-29,2024-04-03,2024-03-28,-0.002471445749063661,-0.04496402877697847,-0.013011152416356864,0.003049999999999997,-0.03586019064911494,0.049214160977933075,0.013056733514396427,-0.07029876977152905,592498.5,8
588330.SH,2024-03-28,2024-03-29,2024-04-03,2024-03-28,0.007780803542976944,-0.04590818363273441,-0.01443298969072171,0.00280000000000008,-0.03667875856509484,0.04956638228865562,0.013561947342796109,-0.07602339181286544,38168760.15,36
588350.SH,2024-03-28,2024-03-29,2024-04-03,2024-03-28,0.0021494712654746007,-0.047368421052631615,-0.016304347826086918,0.0041999999999999815,-0.037234042553191515,0.04988830975428149,0.013608870845976213,-0.07345360824742275,3315858.95,15
588360.SH,2024-03-28,2024-03-29,2024-04-03,2024-03-28,0.00737933223552889,-0.04752851711026618,-0.013779527559055094,0.003149999999999986,-0.03820311000191978,0.050625252117789454,0.014112102030749732,-0.07434944237918217,27603713.6,32
588380.SH,2024-03-28,2024-03-29,2024-04-03,2024-03-28,0.0014778448648649078,-0.04771371769383692,-0.012371134020618513,0.0029499999999999527,-0.03689554639589809,0.0505174963035977,0.014262062680680119,-0.07587548638132291,36724031.75,13
588390.SH,2024-03-28,2024-03-29,2024-04-03,2024-03-28,-0.0005999099999999258,-0.04629629629629628,-0.015296367112810683,0.003049999999999997,-0.03738317757009346,0.0490538906500213,0.013502799677574942,-0.07414104882459316,11723954.7,9
588400.SH,2024-03-28,2024-03-29,2024-04-03,2024-03-28,0.0035904467714884536,-0.04599999999999993,-0.012422360248447228,0.0030000000000000027,-0.036071536829342166,0.05004243881737169,0.01345796032142991,-0.06862745098039214,33515226.05,21
159617.SZ,2024-03-28,2024-03-29,2024-04-03,2024-03-28,0.037912617552986916,-0.031746031746031744,-0.03084112149532703,-0.002349999999999852,-0.02597097637721313,0.02828305592221736,0.00728570735831407,-0.043438077634011085,2978932.5,214
159620.SZ,2024-03-28,2024-03-29,2024-04-03,2024-03-28,0.028866431719901664,-0.0400471142520612,-0.02511961722488043,0.0012999999999999678,-0.028200083467477377,0.040616275462723506,0.00947789233558982,-0.05710955710955701,2312861.4,198
159662.SZ,2024-03-28,2024-03-29,2024-04-03,2024-03-28,0.023721773606194763,-0.016357688113413316,-0.004415011037527616,-0.0006499999999998174,-0.0037002264317668176,0.020495960924290735,0.006569895249397294,-0.025000000000000022,16241810.4,170
159701.SZ,2024-03-28,2024-03-29,2024-04-03,2024-03-28,-0.0005999099999999258,-0.04486251808972508,-0.026548672566371723,0.0025500000000000522,-0.03790087463556857,0.05679367361610366,0.013460340681813739,-0.07296137339055797,4207722.25,9
159862.SZ,2024-03-28,2024-03-29,2024-04-03,2024-03-28,0.010219035493910678,-0.0239043824701195,0.02083333333333326,0.005199999999999982,0.0017035775127767216,0.041913191650494674,0.01316581407263505,-0.029139072847682135,2691333.6,49
161812.SZ,2024-03-28,2024-03-29,2024-04-03,2024-03-28,0.021679709840764394,-0.024590163934426146,0.009544008483563182,0.006750000000000034,-0.009828904259191917,0.04401411636955932,0.00797279832219548,-0.02965235173824121,135776.8,151
501215.SH,2024-03-28,2024-03-29,2024-04-03,2024-03-28,0.0124470885639687,-0.015364916773367487,0.014511873350923521,0.004449999999999954,-0.0045307443365695255,0.027670613276573164,0.005490175721070944,-0.025542784163473886,874441.55,74
515090.SH,2024-03-28,2024-03-29,2024-04-03,2024-03-28,0.005919941472507295,-0.012927054478301003,0.007540056550424223,0.0041999999999999815,-0.008210789998608359,0.04084785862585094,0.006986467663730304,-0.016559337626494974,9322098.15,27
517010.SH,2024-03-28,2024-03-29,2024-04-03,2024-03-28,0.0124470885639687,-0.014157014157014203,0.006570302233902758,0.0020499999999998852,-0.0034476029402197295,0.0328540714861596,0.0072500033365414255,-0.018018018018018056,747065.1,74
561180.SH,2024-03-28,2024-03-29,2024-04-03,2024-03-28,0.016575601750805857,-0.011677282377919318,0.009761388286334105,0.0045000000000000595,-0.005819851567088419,0.042643211044925744,0.006116913023917479,-0.02008456659619451,7333505.15,115
159717.SZ,2024-03-28,2024-03-29,2024-04-03,2024-03-28,0.010742587868852738,-0.017456359102244412,-0.005050505050505083,0.0019500000000000073,-0.010733789467076815,0.03927196816491629,0.005951413664733585,-0.027261462205700138,2437631.55,54
159777.SZ,2024-03-28,2024-03-29,2024-04-03,2024-03-28,0.00924639630541857,-0.06172839506172845,-0.014586709886547866,0.0043999999999999595,-0.04108508792681964,0.05245248568345917,0.019110148670701283,-0.08396946564885499,184091.0,43
159916.SZ,2024-03-28,2024-03-29,2024-04-03,2024-03-28,0.022658018361751298,-0.010507080858839668,-0.004366812227074246,0.003750000000000142,-0.006216879631116501,0.037650363411305454,0.005614599649486581,-0.01552865951130411,234129.75,160
159925.SZ,2024-03-28,2024-03-29,2024-04-03,2024-03-28,0.011594813005107785,-0.01676445934618609,0.0034217279726260763,0.011999999999999567,-0.009945559666324155,0.2672985500356546,0.006846776614072114,-0.02831760133259309,193346846.05,64
159948.SZ,2024-03-28,2024-03-29,2024-04-03,2024-03-28,0.01944978316358026,-0.04752572268495836,-1.1102230246251565e-16,0.01540000000000008,-0.027367789062890835,0.048031041896072546,0.015848782360977375,-0.06811594202898541,12503213.0,135
159952.SZ,2024-03-28,2024-03-29,2024-04-03,2024-03-28,0.015248785457089742,-0.048085485307212905,-0.0018674136321195078,0.008399999999999963,-0.027253287228718226,0.04823299365690037,0.016331996689465368,-0.06935908691834958,221540015.2,98
160133.SZ,2024-03-28,2024-03-29,2024-04-03,2024-03-28,0.026766678253032916,-0.013153456998313606,0.012456747404844482,0.013600000000000279,-0.004270813836756204,0.02939665339389763,0.007343742701529463,-0.02684563758389269,128999.90000000002,183
160607.SZ,2024-03-28,2024-03-29,2024-04-03,2024-03-28,0.02870348770061737,-0.01807228915662651,0.007727975270479082,0.002849999999999908,-0.011896643176479427,0.04632908716105488,0.008125125693131173,-0.03736920777279529,61281.4,196
161227.SZ,2024-03-28,2024-03-29,2024-04-03,2024-03-28,0.0084938123839855,-0.02683363148479445,0.0036900369003687317,0.007849999999999913,-0.012838542848069734,0.04472495181522329,0.0075736561920395585,-0.030303030303030498,90365.7,39
501202.SH,2024-03-28,2024-03-29,2024-04-03,2024-03-28,0.017407298828828743,0.0022371364653244186,-0.008849557522123908,0.002950000000000008,-0.004333814868318742,0.02149154338037773,0.007176130372813596,-0.012154696132596676,67853.8,123
502013.SH,2024-03-28,2024-03-29,2024-04-03,2024-03-28,0.015606577945945999,-0.017699115044247815,-0.0017985611510793476,0.0028999999999996806,-0.014953188090695346,0.03708987161198296,0.006242293651040366,-0.02546093064091315,101299.45,104
508068.SH,2024-03-28,2024-03-29,2024-04-03,2024-03-28,0.01677171270663358,-0.02960413080895008,-0.013645906228131444,-0.00649999999999995,-0.017770034843205496,0.06723189052506351,0.012122058672165372,-0.04888123924268517,13400383.9,116
560650.SH,2024-03-28,2024-03-29,2024-04-03,2024-03-28,0.003152530888610894,-0.018472906403940947,0.002515723270440251,0.0045999999999999375,-0.013735923771810321,0.04100824458948815,0.011478143147788474,-0.039903264812575556,1274638.15,18
588460.SH,2024-03-28,2024-03-29,2024-04-03,2024-03-28,-0.013609851999999978,-0.04836895388076479,-0.018561484918793503,0.005349999999999966,-0.03540277065161612,0.05577513392051037,0.013526667920793102,-0.07751937984496116,32741221.45,4
159791.SZ,2024-03-28,2024-03-29,2024-04-03,2024-03-28,0.01148473437726727,-0.015531660692950866,0.006105006105006083,0.0034999999999999476,-0.009377254147631686,0.04462491627595466,0.006256294745624297,-0.021403091557669285,3142239.8,62
517160.SH,2024-03-28,2024-03-29,2024-04-03,2024-03-28,0.022970846839622805,-0.033639143730886834,-0.018633540372670843,0.0006999999999999229,-0.02098985361319794,0.028437151505496194,0.01002262415300025,-0.04992435703479581,2611912.05,162
159721.SZ,2024-03-28,2024-03-29,2024-04-03,2024-03-28,0.010486937274167829,-0.023328149300155587,0.009646302250803762,0.0049000000000001265,-0.013509267986176687,0.053072702710154074,0.01174695973803427,-0.04915514592933956,1770930.4,51
159821.SZ,2024-03-28,2024-03-29,2024-04-03,2024-03-28,0.01746153740963874,-0.04304160688665715,0.003007518796992459,0.0047000000000001485,-0.019838354151359372,0.040944319804201657,0.01620455256502314,-0.0652482269503547,94990.0,124
159970.SZ,2024-03-28,2024-03-29,2024-04-03,2024-03-28,0.0158540642806011,-0.024509803921568762,0.004567307692307621,0.030049999999999244,-0.01261695491919479,0.04761511868713986,0.009421846917670763,-0.03708854891052393,1505738.65,107
510130.SH,2024-03-28,2024-03-29,2024-04-03,2024-03-28,0.007434482880392057,-0.02059672762271403,0.0013776815587482893,0.019849999999999923,-0.013245932160657836,0.04814917707324007,0.007657827141142435,-0.02778842468378684,591505.3,33
515360.SH,2024-03-28,2024-03-29,2024-04-03,2024-03-28,0.016031558971255633,-0.018432203389830426,0.0019463667820067698,0.01690000000000058,-0.01134193314341203,0.0426719374624529,0.005968022788459027,-0.022573839662447304,814812.35,110
517330.SH,2024-03-28,2024-03-29,2024-04-03,2024-03-28,0.021261966968750157,-0.033383915022761834,-0.010869565217391353,0.0009000000000000119,-0.018716783486097177,0.027136075949367067,0.00917511193001532,-0.049624060150376015,2592122.5,147
588320.SH,2024-03-28,2024-03-29,2024-04-03,2024-03-28,-0.0005999099999999258,-0.044642857142857206,-0.006631299734747964,0.004750000000000032,-0.0323622505006137,0.046815128702159425,0.014333143479841277,-0.07125000000000004,398678.3,9
159716.SZ,2024-03-28,2024-03-29,2024-04-03,2024-03-28,0.019543037550387776,-0.021212121212121238,0.012539184952978122,0.005700000000000038,-0.011854684512428326,0.05409545307965158,0.012022018963419305,-0.04925373134328359,5262143.8,136
159895.SZ,2024-03-28,2024-03-29,2024-04-03,2024-03-28,0.0008116720480226824,-0.036684782608695565,-0.02071823204419887,0.0027000000000000357,-0.03313786990317735,0.056780515924484964,0.014638394452634736,-0.07248322147650998,1456525.55,11
160919.SZ,2024-03-28,2024-03-29,2024-04-03,2024-03-28,0.019881154462998207,-0.0285185185185185,0.00152730049637273,0.015800000000000036,-0.019109233012976512,0.04126889354715191,0.010187553477255674,-0.042351223074114874,92573.3,140
501036.SH,2024-03-28,2024-03-29,2024-04-03,2024-03-28,0.03592638770558376,-0.04729729729729737,-0.022772277227722793,0.0028000000000003578,-0.03111809168548163,0.029717982411806565,0.009398165176693988,-0.05187319884726216,157681.55,209
516720.SH,2024-03-28,2024-03-29,2024-04-03,2024-03-28,0.01216382039591335,-0.015132408575031508,0.007741935483871032,0.003350000000000075,-0.007434708012963087,0.041518674579187786,0.006282510808143432,-0.017632241813602012,2041597.9,71
160926.SZ,2024-03-28,2024-03-29,2024-04-03,2024-03-28,0.01993570828767144,-0.02640264026402639,0.023121387283236983,0.00835000000000008,-0.005450356801708134,0.02462193904966603,0.010067155856476063,-0.041530054644808745,141691.65,141
512180.SH,2024-03-28,2024-03-29,2024-04-03,2024-03-28,0.011307160174742092,-0.024162120031176904,0.0007993605115905744,0.0048000000000003595,-0.014716298103407688,0.04184203334244341,0.007610298398029371,-0.028726708074533924,241186.95,61
515550.SH,2024-03-28,2024-03-29,2024-04-03,2024-03-28,0.032830726813380284,-0.05046257359125317,-0.014834205933682454,0.002850000000000019,-0.02915125978158062,0.03382673245321621,0.010534913238816333,-0.06129303106633055,162490.95,205
159961.SZ,2024-03-28,2024-03-29,2024-04-03,2024-03-28,0.013706430756646126,-0.02603471295060078,0.005513439007581056,0.010150000000000103,-0.013055536765203324,0.048501684496719655,0.01013871722640263,-0.037798408488063595,6377863.55,85
515190.SH,2024-03-28,2024-03-29,2024-04-03,2024-03-28,0.03617047066981138,-0.04634581105169344,-0.01382488479262689,0.0037000000000000366,-0.024790375501276052,0.03392385978137935,0.01010891656965407,-0.05486725663716796,338266.85,211
160314.SZ,2024-03-28,2024-03-29,2024-04-03,2024-03-28,0.027552205211267777,-0.007366482504604255,0.03157894736842093,0.00990000000000002,-0.004019032660414923,0.03499880468563221,0.013280030732777892,-0.035230352303523116,78512.45,187
159638.SZ,2024-04-02,2024-04-03,2024-04-12,2024-04-02,-0.061214412499999926,0.0,-0.021676300578034713,-0.0010500000000002174,-0.020331379784385928,0.033345794392523276,0.019494424007761746,-0.0896358543417366,42574649.2,0
159811.SZ,2024-04-02,2024-04-03,2024-04-12,2024-04-02,-0.032903751292929106,-0.0060240963855421326,-0.01688182720953335,0.0013499999999999623,-0.017857142857142905,0.07642473213967871,0.017573320919620255,-0.06401551891367596,7640575.25,9
161024.SZ,2024-04-02,2024-04-03,2024-04-12,2024-04-02,-0.04910352610609481,0.014857142857142902,-0.006711409395973145,0.000400000000000178,-0.002303241390933186,0.03518260060479195,0.016191249993894003,-0.06923076923076932,1356286.15,6
163402.SZ,2024-04-02,2024-04-03,2024-04-12,2024-04-02,-0.02252459204753199,-0.017889087656529523,-0.009025270758122761,0.0012999999999999678,-0.016833810888252088,0.04709816545301093,0.008344625571951226,-0.02486678507992901,2524312.3,11
163412.SZ,2024-04-02,2024-04-03,2024-04-12,2024-04-02,-0.01722359466534662,-0.008190327613104453,-0.016247582205028976,-0.0014500000000001734,-0.015123642067349397,0.035574628511841455,0.008783017347444907,-0.03257953238788802,410720.9,12
164824.SZ,2024-04-02,2024-04-03,2024-04-12,2024-04-02,0.0012763104443054285,-0.003729024238657508,-0.004347826086956608,0.009400000000000075,-0.009668550952954602,0.03325779579330379,0.00966038170744678,-0.016564417177914015,201567550.5,16
508009.SH,2024-04-02,2024-04-03,2024-04-12,2024-04-02,-0.04868101398625413,0.016592372461614602,-0.022735388644208876,-0.010000000000001563,-0.004601143314399203,0.06274092097040529,0.010162172358146732,-0.0268707073141341,23990195.3,7
512560.SH,2024-04-02,2024-04-03,2024-04-12,2024-04-02,-0.050569914500000035,0.016885553470919357,-0.005504587155963359,0.0006499999999999284,-0.0022091310751104487,0.0396835523797372,0.016336138859110293,-0.07014388489208634,19383179.6,5
512660.SH,2024-04-02,2024-04-03,2024-04-12,2024-04-02,-0.05314107804250556,0.016968325791855143,-0.0044296788482834915,0.0008500000000001284,-0.0003335927943955985,0.03921266515157362,0.01789970564950307,-0.07391304347826089,207043701.3,4
512680.SH,2024-04-02,2024-04-03,2024-04-12,2024-04-02,-0.05382882783695664,0.01878453038674044,-0.004319654427645814,0.0008499999999999064,0.0,0.039009822887515755,0.016997635665643725,-0.071049840933192,36531404.15,3
512710.SH,2024-04-02,2024-04-03,2024-04-12,2024-04-02,-0.05538743856332706,0.0018939393939394478,-0.02757352941176472,-0.0018999999999999018,-0.02200036975411357,0.027220358295878988,0.018435414666653535,-0.08960573476702516,104382692.15,1
512810.SH,2024-04-02,2024-04-03,2024-04-12,2024-04-02,-0.05406975917315171,0.016831683168316847,-0.0067698259187619625,0.0011499999999999844,-0.0017496111975114914,0.039611964430072755,0.01734736120734662,-0.07400379506641375,53901977.55,2
513000.SH,2024-04-02,2024-04-03,2024-04-12,2024-04-02,-0.005965816523489931,-0.005273566249175965,-0.018217306441118963,0.006450000000000067,-0.006288894010733848,0.05891171958532859,0.011895226990118654,-0.020765736534717583,93003261.3,14
513800.SH,2024-04-02,2024-04-03,2024-04-12,2024-04-02,0.01150108824074092,-0.014623955431754987,0.007834757834757733,0.00835000000000008,-0.004152297839397745,0.039771687827009794,0.01072469110274348,-0.027491408934707917,76897554.9,17
513880.SH,2024-04-02,2024-04-03,2024-04-12,2024-04-02,-0.010593910899999948,-0.004912280701754312,-0.008391608391608352,0.007349999999999968,-0.0024621878297573785,0.06159993029710842,0.0130276132977742,-0.017325017325017456,228337851.75,13
502003.SH,2024-04-02,2024-04-03,2024-04-12,2024-04-02,-0.029910603273415215,0.013207547169811429,-0.008310249307479145,0.00140000000000029,-0.005002779321845563,0.03465132997843301,0.013036541090336478,-0.05258386219401634,82094.55,10
588460.SH,2024-04-02,2024-04-03,2024-04-12,2024-04-02,-0.04302727231132064,-0.004689331770222793,-0.039592760180995556,-0.004549999999999832,-0.02721283299914079,0.05245703949351843,0.013048853909780144,-0.0692737430167597,31371616.55,8
159687.SZ,2024-04-02,2024-04-03,2024-04-12,2024-04-02,-0.003909181821191932,0.0016528925619834212,0.035012809564474834,0.011700000000000044,0.01054737983074161,0.046568449221192854,0.009892452383147187,-0.014754098360655776,13218901.35,15
159655.SZ,2024-04-11,2024-04-12,2024-04-19,2024-04-11,-0.056320572630450205,-0.029288702928870203,0.0235294117647058,0.011200000000000099,-0.002293577981651307,0.034605497330433055,0.0074853405395271045,-0.029288702928870203,25683989.9,0
159795.SZ,2024-04-11,2024-04-12,2024-04-19,2024-04-11,-0.02531035178571417,-0.03942181340341655,-0.033068783068783136,-0.00014999999999998348,-0.03828443625838707,0.057824786027416364,0.016656144243848724,-0.0567741935483872,3521425.15,7
159855.SZ,2024-04-11,2024-04-12,2024-04-19,2024-04-11,-0.04625151904938274,-0.04784130688448063,-0.010909090909090868,0.0007499999999998064,-0.04900646815453624,0.06523898199875844,0.02910715154784599,-0.096045197740113,9896241.1,4
159872.SZ,2024-04-11,2024-04-12,2024-04-19,2024-04-11,-0.016505481724137905,-0.0463659147869675,-0.03180661577608146,0.0011500000000000954,-0.0337121452606185,0.055909365153851365,0.01473841301458953,-0.0523038605230387,2840320.3,9
159888.SZ,2024-04-11,2024-04-12,2024-04-19,2024-04-11,-0.03317639721769472,-0.035955056179775347,-0.03269447576099216,0.000300000000000189,-0.03649635036496357,0.059929774445039774,0.01761216170605245,-0.05506607929515428,18981352.45,6
159985.SZ,2024-04-11,2024-04-12,2024-04-19,2024-04-11,0.019190190792079287,-0.007955077211043493,0.00047192071731960716,0.008950000000000458,-0.014182748198093398,0.044997327372564566,0.01218264828107874,-0.017233348858872843,304373057.75,11
513500.SH,2024-04-11,2024-04-12,2024-04-19,2024-04-11,-0.05165199677401433,-0.02931596091205202,0.0,0.004049999999999887,-0.014495948850796303,0.042711137079856965,0.009069374336689504,-0.04282655246252676,354209662.25,3
516620.SH,2024-04-11,2024-04-12,2024-04-19,2024-04-11,-0.04317525015695067,-0.048523206751054926,-0.012048192771084376,0.000700000000000145,-0.051075693019830726,0.06863406408094441,0.02881455434016138,-0.09887869520897052,21951904.2,5
517050.SH,2024-04-11,2024-04-12,2024-04-19,2024-04-11,-0.051899914619771836,-0.02230483271375472,-0.02230483271375472,0.0010999999999999899,-0.01415050135882312,0.06140379960876663,0.014524729382715141,-0.04051565377532229,4530054.3,2
517200.SH,2024-04-11,2024-04-12,2024-04-19,2024-04-11,-0.05243601425311195,-0.02626262626262621,-0.028225806451612767,0.000500000000000056,-0.016226145525053637,0.060497835497835606,0.016127466352076788,-0.04008016032064121,2422505.65,1
513080.SH,2024-04-11,2024-04-12,2024-04-19,2024-04-11,-0.016639664530864073,-0.02582582582582582,-0.014580801944106936,0.0028999999999999027,-0.02239098333484002,0.039285490572734894,0.00870679049077028,-0.03221957040572787,28094148.75,8
501085.SH,2024-04-11,2024-04-12,2024-04-19,2024-04-11,0.009546283807106759,-0.03590785907859073,-0.04560697518444001,-0.0021999999999999797,-0.05111192611609372,0.07131886318446456,0.01902151771059367,-0.05070046697798536,251898.75,10
159608.SZ,2024-04-18,2024-04-19,2024-04-26,2024-04-18,-0.041139948924162284,-0.017331022530329254,-0.010471204188481686,-0.0006000000000000449,0.007641727385818253,0.05059746079163552,0.0229622052011442,-0.09045226130653272,20583871.15,1
159713.SZ,2024-04-18,2024-04-19,2024-04-26,2024-04-18,-0.012659036274509705,-0.020648967551622488,-0.020648967551622488,0.0002500000000000835,-0.005764767537620785,0.06390717926932887,0.021674856423634075,-0.09129814550641946,17814930.3,4
159715.SZ,2024-04-18,2024-04-19,2024-04-26,2024-04-18,-0.008956098043478189,-0.018003273322422242,-0.0228013029315961,0.0006500000000000394,-0.004810084591142849,0.06428550413369027,0.020096039763131773,-0.083860759493671,10211710.7,8
159755.SZ,2024-04-18,2024-04-19,2024-04-26,2024-04-18,-0.00924523949826983,-0.03005008347245397,-0.0348837209302324,-0.0036000000000000476,-0.011652632474270508,0.05239445024615841,0.025092275477780916,-0.07340946166394768,119795726.0,6
159775.SZ,2024-04-18,2024-04-19,2024-04-26,2024-04-18,-0.008758278081632653,-0.03149606299212604,-0.03718199608610573,-0.0026499999999999857,-0.013237063778580027,0.051787786098512756,0.023475119339283087,-0.061776061776061875,5031637.25,10
160416.SZ,2024-04-18,2024-04-19,2024-04-26,2024-04-18,0.01154557720486138,-0.0317100792751982,0.01664684898929858,0.015850000000000364,-0.01769301470588247,0.05849446673963277,0.0139189946061628,-0.06304824561403521,4162700.75,13
162719.SZ,2024-04-18,2024-04-19,2024-04-26,2024-04-18,0.02194587188253605,-0.040165165165165106,0.021574111066720025,0.028200000000000003,-0.018444943475173226,0.08603330994087033,0.01334483745802905,-0.07018181818181801,15764741.8,14
501057.SH,2024-04-18,2024-04-19,2024-04-26,2024-04-18,-0.022254672291529887,-0.01805286911669901,-0.03240152477763669,-0.011199999999999877,-0.007203155047097676,0.037583559729001736,0.019471378851547677,-0.05938092229943137,941285.85,2
513310.SH,2024-04-18,2024-04-19,2024-04-26,2024-04-18,0.009134506461039082,-0.005494505494505364,0.03344208809135418,0.006350000000000078,-0.0058456589116873126,0.06597987007555672,0.015454226500011327,-0.052914110429447825,102749514.95,12
516150.SH,2024-04-18,2024-04-19,2024-04-26,2024-04-18,-0.009114500756123411,-0.01975051975051978,-0.024819027921406445,0.0002500000000000835,-0.006165358065026272,0.06337554634091691,0.0224044093484463,-0.09218436873747504,40320370.4,7
516390.SH,2024-04-18,2024-04-19,2024-04-26,2024-04-18,-0.022181639518272234,-0.02580645161290329,-0.03821656050955413,-0.005349999999999966,-0.009673717002787408,0.03768609102509579,0.020370988493718094,-0.06973058637083995,16492709.0,3
516780.SH,2024-04-18,2024-04-19,2024-04-26,2024-04-18,-0.01174149405797098,-0.022875816993464082,-0.025000000000000022,0.0005500000000000504,-0.006974427100631009,0.06351916171189731,0.022367121966189188,-0.09253417455310209,28536235.0,5
561910.SH,2024-04-18,2024-04-19,2024-04-26,2024-04-18,-0.0028508111036035233,-0.040598290598290676,-0.054736842105263195,-0.005700000000000038,-0.02571335575566891,0.042686375806025856,0.025309577035387807,-0.0852390852390853,21402414.9,11
562800.SH,2024-04-18,2024-04-19,2024-04-26,2024-04-18,-0.041751678411764526,-0.021113243761996192,-0.005847953216374324,-0.00024999999999997247,0.007705986959098743,0.0490931076178962,0.023465576159141237,-0.09124767225325892,49025714.4,0
160311.SZ,2024-04-18,2024-04-19,2024-04-26,2024-04-18,-0.008879943885667041,-0.051846032992930335,-0.011466011466011672,0.0022500000000000853,-0.013848604926671837,0.053887661088946937,0.022289890441670422,-0.05647058823529416,437244.05,9
159611.SZ,2024-04-25,2024-04-26,2024-04-30,2024-04-25,0.006538662071428725,-0.018018018018018056,0.021874999999999867,0.006950000000000123,-0.00567605919318892,0.04402116402116407,0.012529713918683478,-0.04822834645669294,139692418.75,19
159625.SZ,2024-04-25,2024-04-26,2024-04-30,2024-04-25,0.01942449981785055,-0.01782531194295922,0.01754385964912264,0.005149999999999988,-0.005594658003970632,0.031907629275560234,0.010974664344082778,-0.03795233892321259,22839830.95,25
159812.SZ,2024-04-25,2024-04-26,2024-04-30,2024-04-25,-0.0017375310472397265,-0.028761061946902644,0.0653185035389281,0.09505000000000052,-0.004638595761967346,0.07524802763010885,0.01366449779333346,-0.04932653804149967,3710643.05,7
159830.SZ,2024-04-25,2024-04-26,2024-04-30,2024-04-25,-0.006400258752176313,-0.02573320719016081,0.06560430463576172,0.09280000000000044,-0.0026343315383722254,0.07439266340164008,0.013662159038313151,-0.04965465745753217,22520075.2,2
159831.SZ,2024-04-25,2024-04-26,2024-04-30,2024-04-25,-0.0011601118441704195,-0.02689442122478658,0.06588375796178325,0.09810000000000052,-0.00308104736993986,0.07512351012265928,0.012957383963817596,-0.04668701741784875,27040621.25,13
159834.SZ,2024-04-25,2024-04-26,2024-04-30,2024-04-25,-0.004751291988441264,-0.026264762912039497,0.06620343563018727,0.10100000000000087,-0.002356850669580468,0.07527365470634328,0.012793705400029288,-0.04669803101585657,20555628.6,3
159871.SZ,2024-04-25,2024-04-26,2024-04-30,2024-04-25,0.010545815910780298,-0.051146384479717866,0.05490196078431375,0.01419999999999999,-0.019768607087546575,0.10299437299035352,0.021903079100266308,-0.08434782608695668,17735103.8,23
159881.SZ,2024-04-25,2024-04-26,2024-04-30,2024-04-25,0.011134729021526457,-0.05102040816326503,0.043877551020408134,0.012850000000000028,-0.021146301789302213,0.10434828551804287,0.022673920055201538,-0.08150183150183132,29526222.95,24
159934.SZ,2024-04-25,2024-04-26,2024-04-30,2024-04-25,-0.0013641234123493717,-0.02625698324022352,0.06475259621258389,0.09470000000000045,-0.0032690639802521737,0.07574349124761626,0.013312630007796014,-0.04853833425262,566438137.15,8
159937.SZ,2024-04-25,2024-04-26,2024-04-30,2024-04-25,-0.000977969425004721,-0.025442477876106206,0.06615570794675252,0.09720000000000084,-0.0019447538847876533,0.07551097076830904,0.01316909389040681,-0.046257512292842806,292735310.7,14
160216.SZ,2024-04-25,2024-04-26,2024-04-30,2024-04-25,-0.0005999099999999258,0.0060975609756097615,0.0355648535564852,0.0048000000000000265,-0.00030293850348384055,0.04889846066939718,0.012245185650512374,-0.03725490196078429,1687002.1,16
160719.SZ,2024-04-25,2024-04-26,2024-04-30,2024-04-25,-0.0040283837221267715,-0.01940928270042208,0.0592525068368277,0.01805000000000012,-0.0007309627209014513,0.06356610417524156,0.012836255365790727,-0.0391014975041597,2414740.85,4
161226.SZ,2024-04-25,2024-04-26,2024-04-30,2024-04-25,-0.009737282251428447,-0.047826086956521796,0.09363295880149813,0.02100000000000013,0.00114285714285689,0.09516458759230684,0.018751945005507822,-0.06601731601731609,74852293.1,0
161810.SZ,2024-04-25,2024-04-26,2024-04-30,2024-04-25,0.009172336084994459,-0.028519195612431436,0.04196078431372552,0.03139999999999965,-0.02867901076605306,0.09541416662773394,0.022975339915932834,-0.08339124391938857,1077880.25,22
164701.SZ,2024-04-25,2024-04-26,2024-04-30,2024-04-25,-0.0005999099999999258,-0.020895522388059806,0.05240641711229932,0.013050000000000117,-0.004149377593360981,0.0628731242940892,0.012944918884818036,-0.04207436399217224,3930391.6,16
165513.SZ,2024-04-25,2024-04-26,2024-04-30,2024-04-25,-0.00826402111963176,-0.006153846153846176,0.0713101160862355,0.012199999999999878,-0.002239555178006003,0.0725289895085588,0.026960931259367077,-0.08498583569405105,587551.3,1
512400.SH,2024-04-25,2024-04-26,2024-04-30,2024-04-25,0.00883729576015102,-0.054561717352414996,0.04757185332011904,0.012750000000000039,-0.02486277042299001,0.10265843816757658,0.02121981548321426,-0.08230088495575216,295816038.45,21
518600.SH,2024-04-25,2024-04-26,2024-04-30,2024-04-25,-0.0005999099999999258,-0.027052238805970075,0.0655905190028605,0.09469999999999956,-0.003896550406845778,0.07475861691426533,0.01378594924926503,-0.04966887417218535,26030953.8,16
518660.SH,2024-04-25,2024-04-26,2024-04-30,2024-04-25,-0.003814631197729512,-0.026902524414961992,0.06686868686868697,0.0968,-0.0019277290595705043,0.07514850210984747,0.013467840629864157,-0.04797519153593577,23191927.75,5
518680.SH,2024-04-25,2024-04-26,2024-04-30,2024-04-25,-0.0013587559301441177,-0.030610363267563945,0.06373937677053831,0.09494999999999987,-0.004893192121676604,0.07468926093943895,0.013143185694327,-0.04714912280701744,23220163.9,9
518800.SH,2024-04-25,2024-04-26,2024-04-30,2024-04-25,-0.0011739479609419456,-0.02701192250372575,0.06570087737196517,0.09555000000000025,-0.002816094697150384,0.0753882162924231,0.013308693003739326,-0.04804860088365248,234335483.9,11
518850.SH,2024-04-25,2024-04-26,2024-04-30,2024-04-25,-0.002857590926204967,-0.027675953079179028,0.06461970700381281,0.09700000000000042,-0.0033815517565284336,0.07545130365386754,0.01318396465223791,-0.04764492753623206,30980345.75,6
518860.SH,2024-04-25,2024-04-26,2024-04-30,2024-04-25,-0.0011657149197961125,-0.030574880995972165,0.06453558504221957,0.09594999999999931,-0.0047647241252923855,0.07480370634738898,0.01305705411869828,-0.04737701942276262,5380093.55,12
518880.SH,2024-04-25,2024-04-26,2024-04-30,2024-04-25,-0.0013556000491492526,-0.02883379247015616,0.06484091824405969,0.09579999999999966,-0.002922598284151867,0.07555702774322648,0.013335171519901432,-0.04941860465116288,1460068547.95,10
518890.SH,2024-04-25,2024-04-26,2024-04-30,2024-04-25,-0.0009768287591928049,-0.028754578754578763,0.06379137412236724,0.09640000000000093,-0.004187557508497308,0.07527511357900063,0.013306976873467121,-0.04849800941006144,6458468.6,15
561560.SH,2024-04-25,2024-04-26,2024-04-30,2024-04-25,0.005308705396959601,-0.01905550952775492,0.02422145328719716,0.009250000000000203,-0.0059191469711601385,0.04327070468182037,0.012322312819137279,-0.04493464052287599,21730067.15,17
561700.SH,2024-04-25,2024-04-26,2024-04-30,2024-04-25,0.0061724042594386574,-0.020872865275142094,0.0217821782178218,0.007549999999999946,-0.008073817762399016,0.04243274385050855,0.012427221372752711,-0.042134831460674316,7467982.2,18
562350.SH,2024-04-25,2024-04-26,2024-04-30,2024-04-25,0.008082137113899712,-0.017045454545454586,0.021653543307086576,0.007500000000000062,-0.0071736011477759876,0.04206119804644648,0.013250084983364567,-0.04287045666356015,7232792.0,20
165520.SZ,2024-04-25,2024-04-26,2024-04-30,2024-04-25,0.025157824278350782,-0.0392749244712991,0.07070707070707094,0.024149999999999894,-0.011562849682953957,0.10264934708846019,0.02064965774051499,-0.0714285714285714,175384.9,26
159812.SZ,2024-04-29,2024-04-30,2024-05-10,2024-04-29,0.01492695763546803,-0.014557670772676445,0.05578884223155378,0.0768999999999993,-0.008217891523831788,0.07665420667850875,0.013939242585373752,-0.04288070368334229,3748273.55,21
159830.SZ,2024-04-29,2024-04-30,2024-05-10,2024-04-29,0.01178614843532122,-0.01340225923798588,0.05680885972108296,0.07675000000000054,-0.007779104247699009,0.07588407118145457,0.013955687680793267,-0.04268522000752151,22191612.45,8
159831.SZ,2024-04-29,2024-04-30,2024-05-10,2024-04-29,0.013182349906820878,-0.014519389818048123,0.05530407400118076,0.0801999999999996,-0.007615927745851958,0.07649625438316865,0.013177190826926503,-0.040484366528104165,25665263.95,15
159834.SZ,2024-04-29,2024-04-30,2024-05-10,2024-04-29,0.01167817601987342,-0.013371367445177529,0.05590536157221915,0.08284999999999965,-0.006472114253911587,0.07667451667670755,0.013021405963982612,-0.04051210101718694,19579725.35,7
159871.SZ,2024-04-29,2024-04-30,2024-05-10,2024-04-29,0.039632115580969796,-0.00814479638009058,0.06718597857838371,0.014899999999999913,-0.009175970709216719,0.10328146818272499,0.021425378416217614,-0.07142857142857162,18813021.8,40
159876.SZ,2024-04-29,2024-04-30,2024-05-10,2024-04-29,0.03480841914083266,-0.0035335689045936647,0.07122507122507149,0.015149999999999997,-0.008046431869146553,0.10229898056448605,0.022649838945258186,-0.07442258340461949,7578683.7,37
159880.SZ,2024-04-29,2024-04-30,2024-05-10,2024-04-29,0.03348101472811105,-0.004587155963302614,0.0731948565776459,0.01550000000000007,-0.009765446746372364,0.1060414879119771,0.021763319819435082,-0.07187222715173025,10201343.7,34
159881.SZ,2024-04-29,2024-04-30,2024-05-10,2024-04-29,0.039721707463977074,-0.00666032350142709,0.0729701952723536,0.014250000000000096,-0.009064591144226641,0.10467818884015179,0.021997803295121923,-0.06957328385899786,30029734.05,41
159934.SZ,2024-04-29,2024-04-30,2024-05-10,2024-04-29,0.012755952218403976,-0.012815680361854431,0.05349959774738555,0.07620000000000005,-0.007193017371278976,0.07687832955728369,0.013489108084925476,-0.043438077634011196,581236738.8,11
159937.SZ,2024-04-29,2024-04-30,2024-05-10,2024-04-29,0.012043557905967006,-0.012126865671641895,0.0570972249950088,0.08024999999999949,-0.006203019866555137,0.07695028651702418,0.013366687104753238,-0.04066678878915542,301144833.25,10
159974.SZ,2024-04-29,2024-04-30,2024-05-10,2024-04-29,0.004719584823686063,-0.011162179908076109,0.03150684931506853,0.011500000000000066,0.0010968192242495345,0.03772131524488387,0.012707799479047302,-0.032404406999351765,7532099.8,2
160716.SZ,2024-04-29,2024-04-30,2024-05-10,2024-04-29,0.024076635432098925,0.00619718309859163,0.02408256880733939,0.00800000000000023,0.01192668347545256,0.0097641909738444,0.008834153988077973,-0.018952062430323324,121577.15,30
160719.SZ,2024-04-29,2024-04-30,2024-05-10,2024-04-29,0.016571912852233694,-0.010204081632653073,0.05244122965641962,0.015900000000000025,-0.004404909549672875,0.06518768221574334,0.012952020920078036,-0.031040268456375752,2431001.1,23
161129.SZ,2024-04-29,2024-04-30,2024-05-10,2024-04-29,0.005420572469879481,-0.03734707018673522,0.11069836552748913,0.04874999999999985,0.0032210441551470126,0.07546488970146004,0.03864998609607384,-0.08074534161490687,20937615.1,3
161226.SZ,2024-04-29,2024-04-30,2024-05-10,2024-04-29,0.04759159835820892,-0.02341137123745818,0.08684863523573205,0.018750000000000155,-0.0077027639329407815,0.09826038275726257,0.01910642684685182,-0.061956521739130466,76498008.2,42
164701.SZ,2024-04-29,2024-04-30,2024-05-10,2024-04-29,0.017607783947368505,-0.009045226130653283,0.04893617021276597,0.011800000000000033,-0.007099340415890443,0.06409615315926698,0.013057165018004246,-0.03165182987141435,4000364.3,26
165513.SZ,2024-04-29,2024-04-30,2024-05-10,2024-04-29,0.022605974442724497,-0.019756838905775065,0.06260296540362442,0.011499999999999955,-0.010963735336962377,0.07550437029300205,0.026424962493447748,-0.08640226628895187,623162.3,28
510060.SH,2024-04-29,2024-04-30,2024-05-10,2024-04-29,0.012880370283720799,0.00419580419580412,0.03408545367258764,0.014200000000000657,0.01281297754790156,0.0162384721978881,0.008511986307760004,-0.019852262234533735,3601783.7,12
510170.SH,2024-04-29,2024-04-30,2024-05-10,2024-04-29,0.0391113518543047,-0.007658643326039383,0.06081871345029244,0.011250000000000093,-0.003953437294092033,0.06650529973257346,0.01619894655637027,-0.059701492537313494,11102211.8,39
510410.SH,2024-04-29,2024-04-30,2024-05-10,2024-04-29,0.0336152204697453,-0.016393442622950727,0.05263157894736836,0.01464999999999983,-0.014739805293818686,0.0724109014675054,0.01704946002533305,-0.06444275966641388,58762138.6,35
512400.SH,2024-04-29,2024-04-30,2024-05-10,2024-04-29,0.029039388313253145,-0.006445672191528473,0.06515301085883518,0.013600000000000056,-0.011678497824593626,0.1025364819147323,0.02135993302705291,-0.07245080500894452,299730060.45,32
512890.SH,2024-04-29,2024-04-30,2024-05-10,2024-04-29,0.034330578582524085,-0.024482109227871973,0.03600000000000003,0.010499999999999954,-0.009276083006598546,0.03478303893919188,0.011023614345632224,-0.04428044280442811,360321620.75,36
515300.SH,2024-04-29,2024-04-30,2024-05-10,2024-04-29,0.015508150315346914,-0.004184100418409997,0.036284470246734424,0.011749999999999927,0.005810882197569978,0.02472031757488269,0.007468512974326156,-0.021364576154376258,33896926.05,22
515450.SH,2024-04-29,2024-04-30,2024-05-10,2024-04-29,0.030139327576894415,-0.014662756598240345,0.03863987635239563,0.012950000000000017,0.00044662795891037277,0.02588774341351674,0.008654876407048926,-0.030303030303030165,54624712.65,33
515600.SH,2024-04-29,2024-04-30,2024-05-10,2024-04-29,0.00011343767309068831,-0.010623229461756312,0.031757754800590954,0.010199999999999987,0.0011107528037550551,0.037277930573106355,0.013326070523692168,-0.036262203626220346,31890110.6,0
515680.SH,2024-04-29,2024-04-30,2024-05-10,2024-04-29,0.007207903203124921,-0.011888111888111785,0.03063457330415753,0.010199999999999987,0.0018079336382006428,0.036816054495111494,0.013034722592372377,-0.03383977900552482,12752710.95,5
515900.SH,2024-04-29,2024-04-30,2024-05-10,2024-04-29,0.002251445463623547,-0.010600706713780883,0.028655400440852352,0.010050000000000114,0.0005717552887365418,0.037135868356682256,0.013821265360375163,-0.037526059763724806,72887586.55,1
516650.SH,2024-04-29,2024-04-30,2024-05-10,2024-04-29,0.03560333444232611,-0.005692599620493177,0.07929969104016465,0.016249999999999876,-0.006823351023502511,0.11021095270661263,0.022804285989137446,-0.07287822878228756,13922413.1,38
517090.SH,2024-04-29,2024-04-30,2024-05-10,2024-04-29,0.011247929281729574,-0.013076393668272512,0.04747991234477711,0.017850000000000144,0.0016064818048473484,0.04234820171819642,0.014256076285730723,-0.033333333333333326,39598794.35,6
517180.SH,2024-04-29,2024-04-30,2024-05-10,2024-04-29,0.01721118071287142,-0.015604681404421394,0.04269972451790638,0.01905000000000001,-0.0019446916510102996,0.04371308984576583,0.014063398783653832,-0.03209242618741981,70170287.0,24
518600.SH,2024-04-29,2024-04-30,2024-05-10,2024-04-29,0.013945169823822212,-0.01245753114382786,0.056542810985460434,0.07765000000000111,-0.0065602719047573865,0.07628143339339322,0.01396548302812153,-0.04173622704507507,27819886.35,16
518660.SH,2024-04-29,2024-04-30,2024-05-10,2024-04-29,0.013969156060204657,-0.013447889428464754,0.05471246006389774,0.07875000000000121,-0.007562591009441566,0.07650324803381858,0.013644797246937639,-0.04413919413919409,23340024.75,17
518680.SH,2024-04-29,2024-04-30,2024-05-10,2024-04-29,0.01415277868660092,-0.01029576937476595,0.056343656343656345,0.07819999999999894,-0.005146443120983668,0.07613879129668777,0.013298537009445081,-0.043127179298954044,22392707.1,18
518800.SH,2024-04-29,2024-04-30,2024-05-10,2024-04-29,0.012957103066488562,-0.012822930416745204,0.05565638233514836,0.07779999999999987,-0.0063774057624416125,0.07672971398792194,0.013457659915707758,-0.043293246993524326,228899857.65,13
518850.SH,2024-04-29,2024-04-30,2024-05-10,2024-04-29,0.0119865197048874,-0.013536065269794118,0.05618423664879901,0.07889999999999997,-0.006415344532949785,0.07679957633367751,0.013318741127288274,-0.04244080145719498,30415353.95,9
518860.SH,2024-04-29,2024-04-30,2024-05-10,2024-04-29,0.01445696517890771,-0.01264410561547058,0.055246422893481695,0.07874999999999943,-0.007856802533608764,0.07620716928521643,0.013435095994904065,-0.0435574995443776,5536703.1,19
518880.SH,2024-04-29,2024-04-30,2024-05-10,2024-04-29,0.013175808763217445,-0.013049962714392183,0.0526943726386957,0.0771500000000005,-0.007443238277368369,0.07671396031908917,0.013504413285333956,-0.04368488393346737,1527143514.95,14
518890.SH,2024-04-29,2024-04-30,2024-05-10,2024-04-29,0.01462510547677276,-0.014640474425500316,0.055379118697896024,0.07755000000000045,-0.007290820660748043,0.07658575151925273,0.013402420072252473,-0.041909620991253727,6570093.8,20
561330.SH,2024-04-29,2024-04-30,2024-05-10,2024-04-29,0.019835729620253373,-0.008771929824561098,0.06715634837355733,0.013050000000000006,-0.013722542792028225,0.1067997638598186,0.022610110561206282,-0.07379375591296122,9935718.9,27
159719.SZ,2024-04-29,2024-04-30,2024-05-10,2024-04-29,0.0175832452762803,-0.014579191517561152,0.04866008462623417,0.019249999999999767,0.001313087101444621,0.04437568128274538,0.013403927922269496,-0.03208906352324814,19358152.65,25
501059.SH,2024-04-29,2024-04-30,2024-05-10,2024-04-29,0.02267886393329821,-0.006312467122567056,0.031113537117903878,0.01385000000000014,0.003159767398635216,0.018994020400984857,0.008084846256602498,-0.031362467866323795,320387.9,29
165520.SZ,2024-04-29,2024-04-30,2024-05-10,2024-04-29,0.027631730960451906,-0.01546072974644408,0.05921490352628078,0.02289999999999992,-0.016555473190017267,0.10164916180840655,0.02063729484876704,-0.06525679758308167,185465.85,31
161706.SZ,2024-04-29,2024-04-30,2024-05-10,2024-04-29,0.005812991624451369,-0.017308948399738733,0.029421826890181357,0.030750000000000277,0.0026824838801045026,0.02670878641524088,0.006426809691642967,-0.019550342130987497,335229.55,4
159812.SZ,2024-05-09,2024-05-10,2024-05-17,2024-05-09,0.018637457273070535,-0.008333333333333304,-0.022039596563317,0.01130000000000031,-0.018565899101226635,0.06785716668557051,0.011269161165965571,-0.016353383458646564,2278145.8,17
159830.SZ,2024-05-09,2024-05-10,2024-05-17,2024-05-09,0.018318615945528416,-0.007956530176596255,-0.022562141491395682,0.012500000000000178,-0.018037226992451028,0.06740616958674672,0.01127582428957752,-0.016939364773820853,18398780.75,16
159831.SZ,2024-05-09,2024-05-10,2024-05-17,2024-05-09,0.01626056611976301,-0.007646400596792335,-0.019893166328973977,0.014100000000000001,-0.017767317365822266,0.0681189329162093,0.010649539418658132,-0.015002778292276253,19553418.9,10
159834.SZ,2024-05-09,2024-05-10,2024-05-17,2024-05-09,0.01628427556074774,-0.00903505601734722,-0.020189387171699158,0.01440000000000019,-0.017987447286662128,0.06821159750184114,0.010487347381374966,-0.015793251974156486,12586318.75,11
159934.SZ,2024-05-09,2024-05-10,2024-05-17,2024-05-09,0.016085198692847857,-0.008209240168003062,-0.020919713531850737,0.014100000000000001,-0.01796769406716381,0.06836962412190206,0.011165367600671917,-0.014418516410548254,521141340.0,9
159937.SZ,2024-05-09,2024-05-10,2024-05-17,2024-05-09,0.014752433083551786,-0.009442870632672351,-0.020541549953314697,0.015150000000000219,-0.01837849977541539,0.06862575165664464,0.010864952667731782,-0.015578078078078095,298043843.9,6
160719.SZ,2024-05-09,2024-05-10,2024-05-17,2024-05-09,0.01645469904436858,-0.0034364261168384758,-0.016115351993214677,0.003450000000000175,-0.010745352208766934,0.05839877245238756,0.009747090723092232,-0.01112061591103497,1983740.95,12
161815.SZ,2024-05-09,2024-05-10,2024-05-17,2024-05-09,0.007547373342391417,-0.01084010840108407,-0.013513513513513487,0.0010999999999999899,-0.010907120113813451,0.042787170913201056,0.011346228550041026,-0.013550135501354976,851850.05,3
164701.SZ,2024-05-09,2024-05-10,2024-05-17,2024-05-09,0.027608963508064743,-0.0040567951318458695,-0.022885572139303423,0.0017000000000000348,-0.012817290776577117,0.05625951226418424,0.009453962618370879,-0.012121212121212088,3042086.05,19
165513.SZ,2024-05-09,2024-05-10,2024-05-17,2024-05-09,0.02092563040000006,-0.0015503875968991832,-0.006172839506172867,0.003249999999999975,-0.01739395788831244,0.0696624323368602,0.025559730449204558,-0.01692307692307693,580595.25,18
518600.SH,2024-05-09,2024-05-10,2024-05-17,2024-05-09,0.016709836515035992,-0.010129969418960272,-0.02246130615326536,0.012849999999999362,-0.01901731257339845,0.06774981881920672,0.01129097951533859,-0.015773470163435777,29860990.7,14
518660.SH,2024-05-09,2024-05-10,2024-05-17,2024-05-09,0.016705719264069385,-0.008708822415751438,-0.021125444008225802,0.013399999999998968,-0.01867626249847698,0.06804852172868658,0.01132426499939832,-0.0156073711921777,19128334.45,13
518680.SH,2024-05-09,2024-05-10,2024-05-17,2024-05-09,-0.06132251296135105,-0.012294306790240128,-0.02191421614534539,0.013100000000001444,-0.019793709936273496,0.06768230767175276,0.011094601570841184,-0.016757672754660002,18323895.25,0
518800.SH,2024-05-09,2024-05-10,2024-05-17,2024-05-09,0.013977435506724811,-0.008978032473734632,-0.01928166351606808,0.01449999999999907,-0.01800079498779117,0.06837209302325586,0.01127618666293083,-0.014437689969604928,194061575.75,5
518850.SH,2024-05-09,2024-05-10,2024-05-17,2024-05-09,0.01698923219434567,-0.009962406015037728,-0.02045750418448955,0.013849999999999696,-0.018851756640959838,0.06836937773649998,0.011041806711985765,-0.014777403666292654,25102255.95,15
518860.SH,2024-05-09,2024-05-10,2024-05-17,2024-05-09,0.013597175390654082,-0.0069679849340865685,-0.020434701839123215,0.012349999999999639,-0.017038252181045488,0.06759186164531683,0.011141056119762398,-0.016990291262136137,3749776.85,4
518880.SH,2024-05-09,2024-05-10,2024-05-17,2024-05-09,0.01552549482926846,-0.008311295806573527,-0.01942472917444904,0.014699999999999491,-0.018398025577742838,0.06834101259754455,0.011446111860032323,-0.014824544942765971,1465958363.85,7
518890.SH,2024-05-09,2024-05-10,2024-05-17,2024-05-09,0.015857277110778334,-0.008651495204062498,-0.01880119136262104,0.013600000000000279,-0.018371774696674836,0.06810880700184008,0.011011094610195829,-0.012736467503277726,5000371.3,8
180301.SZ,2024-05-09,2024-05-10,2024-05-17,2024-05-09,-0.015716886151260434,-0.017746595130004206,0.04615384615384599,0.022550000000000292,0.014968655379760332,0.025317009182334926,0.008335124303567682,-0.02022286421791164,7398790.85,1
161706.SZ,2024-05-09,2024-05-10,2024-05-17,2024-05-09,-0.004948036228246244,-0.008973080757726737,0.0020161290322582293,0.01094999999999935,-0.009927288422590275,0.02484503751424838,0.006110601445234745,-0.020428336079077347,275946.7,2
180301.SZ,2024-05-16,2024-05-17,2024-05-24,2024-05-16,0.003674684054747912,-0.01764705882352935,0.02319474835886237,0.007849999999999913,-0.0062692593773243654,0.017229452202862205,0.010538858595460662,-0.04503753127606347,7728900.85,0
161706.SZ,2024-05-16,2024-05-17,2024-05-24,2024-05-16,0.019782144860639228,-0.007377598926894824,-0.01889294000662911,-0.0019999999999997797,-0.016578623874547338,0.020224389031376022,0.004154059467860053,-0.013333333333333308,205425.55,1
159633.SZ,2024-05-23,2024-05-24,2024-05-31,2024-05-23,-0.0061037195823770984,-0.0117647058823529,0.0370370370370372,0.031649999999999956,-0.012881355932203298,0.01280985114937705,0.012972377405444366,-0.03105590062111796,127443963.5,47
159638.SZ,2024-05-23,2024-05-24,2024-05-31,2024-05-23,0.006716342489019089,0.0014619883040936088,0.016320474777448135,0.011349999999999971,-0.006021911049843953,0.013580095599950992,0.015702720855250967,-0.032531824611032545,34900876.35,73
159681.SZ,2024-05-23,2024-05-24,2024-05-31,2024-05-23,-0.023841772558139573,0.0038910505836575737,0.06318681318681318,0.009750000000000036,0.001293661060802087,0.012310110005238295,0.016025418840365104,-0.02168367346938782,12242496.45,8
159682.SZ,2024-05-23,2024-05-24,2024-05-31,2024-05-23,-0.019009911657894785,0.005256241787122251,0.06397774687065372,0.009749999999999925,0.0014399790548502711,0.012682280159080905,0.016026839796877728,-0.02067183462532296,100869071.8,24
159730.SZ,2024-05-23,2024-05-24,2024-05-31,2024-05-23,-0.01574233560606053,-0.034146341463414775,0.054313099041533475,0.01705000000000012,-0.005075121853173381,0.07367909937776518,0.015897724496470738,-0.056244041944709444,9380617.95,32
159755.SZ,2024-05-23,2024-05-24,2024-05-31,2024-05-23,0.00634036840277763,-0.0017271157167529916,0.028469750889679624,0.0038000000000000256,-0.013651877133106005,0.011682108534269542,0.02056057388176601,-0.039867109634551534,98452622.35,71
159757.SZ,2024-05-23,2024-05-24,2024-05-31,2024-05-23,0.0057120905684211465,-0.004184100418409997,0.02807775377969768,0.003000000000000058,-0.013266998341625147,0.011921826381848133,0.019350803958434647,-0.040322580645161255,14625349.05,70
159761.SZ,2024-05-23,2024-05-24,2024-05-31,2024-05-23,-0.008998230084033554,0.008421052631578885,0.03010752688172036,0.003899999999999959,0.00041771094402687226,0.010908579069603519,0.01730827078666891,-0.030612244897959107,10505608.3,40
159763.SZ,2024-05-23,2024-05-24,2024-05-31,2024-05-23,-0.015677066530172312,0.006507592190889477,0.02428256070640189,0.004100000000000048,-0.0008613264427218548,0.005884264105989079,0.015253587988051735,-0.02330508474576276,572120.35,33
159767.SZ,2024-05-23,2024-05-24,2024-05-31,2024-05-23,0.001504090189473839,-0.004192872117400381,0.032608695652173836,0.0031500000000000417,-0.0113435321053178,0.012006319115323683,0.01969916764803535,-0.038461538461538436,2503815.55,65
159775.SZ,2024-05-23,2024-05-24,2024-05-31,2024-05-23,-0.004654271419878286,0.00203252032520318,0.03354297693920327,0.0030999999999998806,-0.006549118387909281,0.010795396679906144,0.01937361330033999,-0.03921568627450989,2475824.7,54
159798.SZ,2024-05-23,2024-05-24,2024-05-31,2024-05-23,-0.022393681433021784,-0.01025641025641022,0.034297963558413525,0.012399999999999967,-0.000828328846552151,0.034139377174979835,0.007518682862878641,-0.01831129196337744,7250665.5,10
159808.SZ,2024-05-23,2024-05-24,2024-05-31,2024-05-23,-0.022138705043103446,0.00723589001447178,0.05936073059360725,0.00934999999999997,0.0027373577294338425,0.010997014055786236,0.014304598418774088,-0.02269503546099294,1377750.5,12
159810.SZ,2024-05-23,2024-05-24,2024-05-31,2024-05-23,-0.02088543280108246,0.0013605442176871652,0.05899280575539567,0.010199999999999987,-0.0011535590690100461,0.01157762269763185,0.01452501507181943,-0.02008032128514059,2956555.8,16
159814.SZ,2024-05-23,2024-05-24,2024-05-31,2024-05-23,-0.02364083426512975,0.0028818443804035088,0.06748466257668717,0.004750000000000032,0.0024485092899324545,0.013231502651165128,0.01481092329422872,-0.019830028328611915,30496411.65,9
159840.SZ,2024-05-23,2024-05-24,2024-05-31,2024-05-23,0.008090525565217499,0.0,0.028953229398663627,0.0031500000000000417,-0.01376881203970537,0.012317666126418159,0.020401753318981142,-0.03950103950103956,54680299.8,76
159843.SZ,2024-05-23,2024-05-24,2024-05-31,2024-05-23,-0.0302850611881188,-1.1102230246251565e-16,0.03357664233576618,0.009849999999999914,-0.005827423997753267,0.02173601147776183,0.01060123480788167,-0.02613480055020634,15409582.6,3
159870.SZ,2024-05-23,2024-05-24,2024-05-31,2024-05-23,-0.010430074819672064,-0.01610305958132041,0.014950166112956742,0.005599999999999938,-0.014833924540470833,0.03527709770754495,0.01613553507330019,-0.0362776025236593,104767965.3,37
159886.SZ,2024-05-23,2024-05-24,2024-05-31,2024-05-23,-0.005980260417227434,0.0,0.019099590723056004,0.0012500000000000844,-0.0032690639802522847,0.007189893831474281,0.014964034445238904,-0.031290743155150014,9464476.45,48
159908.SZ,2024-05-23,2024-05-24,2024-05-31,2024-05-23,-0.02180109045963452,0.0047421458209842005,0.0620300751879701,0.023700000000000054,0.0025136773621172726,0.011415752741774865,0.014142767172607694,-0.020954598370197974,13942372.05,14
159915.SZ,2024-05-23,2024-05-24,2024-05-31,2024-05-23,-0.018327627782705025,0.005552470849528035,0.06341749853200218,0.025850000000000373,0.002269079639160898,0.011777661639540193,0.01512687009853696,-0.023369565217391308,1244875721.35,26
159944.SZ,2024-05-23,2024-05-24,2024-05-31,2024-05-23,-0.0048034855625656014,-0.015463917525773141,0.0,0.006150000000000322,-0.014600423051127409,0.040083708950418684,0.014868993039875426,-0.046906187624750406,1886369.6,52
159949.SZ,2024-05-23,2024-05-24,2024-05-31,2024-05-23,-0.0209180820965692,0.006361323155216203,0.06460296096904439,0.010149999999999881,0.003297818366311489,0.012434989191618673,0.01611226274789161,-0.022499999999999964,525285369.15,15
159956.SZ,2024-05-23,2024-05-24,2024-05-31,2024-05-23,-0.020484167846020807,0.0008718395815170421,0.05611775528978846,0.01550000000000007,-0.0004353504571179556,0.01030685999970693,0.01482643486657751,-0.01886792452830166,336909.95,17
159957.SZ,2024-05-23,2024-05-24,2024-05-31,2024-05-23,-0.01907621418487393,0.004208754208754106,0.06233303650934974,0.017100000000000115,0.0024367700193259623,0.011832055660256913,0.014524280980627984,-0.019023986765922207,14049901.95,22
159958.SZ,2024-05-23,2024-05-24,2024-05-31,2024-05-23,-0.016215536406249953,0.0018399264029438367,0.05933852140077822,0.015300000000000091,0.00027555800496004146,0.011975398534446624,0.014064227492749473,-0.024346257889990897,1997266.05,30
159964.SZ,2024-05-23,2024-05-24,2024-05-31,2024-05-23,-0.020146000195578107,0.005115089514066362,0.06216216216216197,0.016650000000000276,0.003020119954059819,0.011995810075906554,0.015046470850869192,-0.02095557418273275,5352898.1,18
159966.SZ,2024-05-23,2024-05-24,2024-05-31,2024-05-23,-0.019367986807511728,-0.0023419203747072626,0.06499999999999995,0.007150000000000045,0.0018814675446845452,0.022894029910589087,0.012266291428994195,-0.0161662817551963,5368407.45,20
159971.SZ,2024-05-23,2024-05-24,2024-05-31,2024-05-23,-0.021880511285488957,0.004758128469468437,0.06202849958088841,0.018199999999999994,0.001422699968384178,0.011917139886427286,0.01432548038114857,-0.02020202020202,17494223.95,13
159977.SZ,2024-05-23,2024-05-24,2024-05-31,2024-05-23,-0.019077988790279887,0.0058231868713605195,0.06502242152466375,0.02685000000000004,0.003061978671734744,0.011489751782202129,0.01463595136149812,-0.021287642782969796,57066120.9,21
159991.SZ,2024-05-23,2024-05-24,2024-05-31,2024-05-23,-0.016134626424870513,-0.002577319587628857,0.0602739726027397,0.005150000000000043,-0.0010325245224573898,0.013782274947662376,0.015952088215314887,-0.020356234096692183,3332701.65,31
159996.SZ,2024-05-23,2024-05-24,2024-05-31,2024-05-23,-0.009625690779967,-0.030158730158730163,0.04533789563729673,0.018399999999999972,-0.007835018065197041,0.057649096191553006,0.013352410013758552,-0.04828660436137078,102147924.0,38
160223.SZ,2024-05-23,2024-05-24,2024-05-31,2024-05-23,-0.02219794730844793,0.006903353057199135,0.06576200417536526,0.014249999999999652,0.005812235247758757,0.012888526716668514,0.012261459599781546,-0.01744186046511631,255751.6,11
160225.SZ,2024-05-23,2024-05-24,2024-05-31,2024-05-23,-0.008956098043478189,-0.0016694490818029983,0.01873935264054527,0.004250000000000087,-0.010015727174902733,0.009090529422410398,0.015489172834889415,-0.03314470493128552,266269.4,41
160630.SZ,2024-05-23,2024-05-24,2024-05-31,2024-05-23,0.0018954709987515361,0.00877192982456143,0.03603603603603611,0.015450000000000075,0.004366812227074135,0.018618542288873607,0.01520150982371567,-0.03155339805825241,460750.75,67
160643.SZ,2024-05-23,2024-05-24,2024-05-31,2024-05-23,-0.005642291886982731,0.012207527975584886,0.03862212943632559,0.01970000000000005,0.008462980793594532,0.022382259986529096,0.015125764841809537,-0.02961500493583402,363652.2,49
161024.SZ,2024-05-23,2024-05-24,2024-05-31,2024-05-23,0.0005179871923937096,0.004489337822671136,0.018202502844141044,0.011499999999999955,-0.0025076623014766986,0.015888890985601867,0.014022058326331818,-0.028353326063249806,1239021.0,63
164206.SZ,2024-05-23,2024-05-24,2024-05-31,2024-05-23,0.009795038930163313,-0.0014792899408283544,0.05304212168486755,0.019600000000000062,0.00870474838420443,0.0323588398642396,0.0072196838182836,-0.014598540145985384,543469.4,79
501019.SH,2024-05-23,2024-05-24,2024-05-31,2024-05-23,-0.005446661163918565,0.0029211295034077267,0.01178781925343797,0.010000000000000009,-0.0015993796345661337,0.012563183981940451,0.01254289261469688,-0.026540284360189403,152447.15,51
501058.SH,2024-05-23,2024-05-24,2024-05-31,2024-05-23,-0.004646064210526268,0.0006734006734008258,0.012951601908657295,0.00374999999999992,-0.009597440682484693,0.0014795697010825393,0.016532082358266597,-0.03131115459882583,270391.65,55
501207.SH,2024-05-23,2024-05-24,2024-05-31,2024-05-23,-0.0025329856092842773,-0.0057581573896353655,0.0658436213991771,0.008550000000000058,-0.002983350976806687,0.00873701582370634,0.013499667936137607,-0.029962546816479474,205393.7,60
501208.SH,2024-05-23,2024-05-24,2024-05-31,2024-05-23,-0.0035051428197674372,-0.007183908045977017,0.05819295558958659,0.010800000000000032,-0.006255842381534427,0.011859720605355006,0.013329553898733956,-0.021246458923512734,1091290.4,57
501219.SH,2024-05-23,2024-05-24,2024-05-31,2024-05-23,-0.0015159504124655498,-0.014440433212996373,0.03409090909090917,0.013600000000000056,-0.013148976548732594,0.02562795439799781,0.011234962486527802,-0.027604630454140855,12849565.15,61
508099.SH,2024-05-23,2024-05-24,2024-05-31,2024-05-23,0.016165803457447225,-0.00972447325769854,0.03296703296703285,0.0343,-0.011726647796198919,0.052907950384604385,0.012217303276952146,-0.053529868114817636,11045177.75,81
510150.SH,2024-05-23,2024-05-24,2024-05-31,2024-05-23,-0.025394187041984706,-0.02420856610800748,0.02544031311154593,0.00550000000000006,-0.016147202403304695,0.01985064147571336,0.010326268525511507,-0.03321033210332103,20541080.7,6
510630.SH,2024-05-23,2024-05-24,2024-05-31,2024-05-23,-0.031705736094377546,-0.002004008016032066,0.03749999999999987,0.014999999999999791,-0.00509439616421925,0.026032591985241327,0.010263725061060713,-0.020648967551622377,10753192.05,2
512560.SH,2024-05-23,2024-05-24,2024-05-31,2024-05-23,0.0030676132660552025,0.0018348623853210455,0.016759776536312776,0.007500000000000062,-0.005102040816326592,0.01811885473996666,0.014810802513241298,-0.033687943262411424,20432688.55,69
512660.SH,2024-05-23,2024-05-24,2024-05-31,2024-05-23,0.0071905138641426,0.002219755826859071,0.014606741573033766,0.012250000000000094,-0.005451842061787726,0.017614973661598254,0.015420437258214077,-0.03326180257510736,289180234.25,74
512670.SH,2024-05-23,2024-05-24,2024-05-31,2024-05-23,0.007512103717532748,0.006504065040650486,0.03338898163606019,0.012800000000000145,0.0012940795858944476,0.02153676673092808,0.018823396356983147,-0.0390625,95859646.8,75
512680.SH,2024-05-23,2024-05-24,2024-05-31,2024-05-23,0.0015562929989214602,0.005399568034557323,0.021953896816685026,0.012700000000000045,0.0,0.01733809280979104,0.015901287640029578,-0.03340292275574119,39852144.45,66
512710.SH,2024-05-23,2024-05-24,2024-05-31,2024-05-23,0.00851870395985399,0.0018214936247722413,0.020408163265306145,0.009649999999999936,-0.003984063745019917,0.02668030119921916,0.015103639561843431,-0.031746031746031744,142605923.75,77
515170.SH,2024-05-23,2024-05-24,2024-05-31,2024-05-23,-0.0291089458478605,-0.0031446540880503138,0.03764320785597386,0.009399999999999853,-0.006113810942153797,0.02268537074148269,0.010791044070371065,-0.021604938271604923,64295101.35,4
515710.SH,2024-05-23,2024-05-24,2024-05-31,2024-05-23,-0.032065280149924935,-0.005952380952380931,0.038880248833592645,0.009750000000000036,-0.005138133889344032,0.022772277227723015,0.010233093383340613,-0.02196193265007318,23112829.15,1
515960.SH,2024-05-23,2024-05-24,2024-05-31,2024-05-23,-0.019993184708926304,-0.020278833967046883,0.044594594594594694,0.011950000000000016,-0.013338438955900145,0.015072664060981511,0.011883598349394864,-0.04213135068153662,6417214.75,19
516020.SH,2024-05-23,2024-05-24,2024-05-31,2024-05-23,-0.006915234423380601,-0.01700154559505407,0.0111287758346581,0.005800000000000138,-0.015708426835874145,0.036354887861210106,0.016018772983029426,-0.036363636363636376,28954433.4,43
516120.SH,2024-05-23,2024-05-24,2024-05-31,2024-05-23,-0.006817017869362396,-0.01526717557251911,0.014150943396226356,0.005849999999999911,-0.014740701138012624,0.03562012233705936,0.01502667337797461,-0.034431137724550975,13490596.4,44
516220.SH,2024-05-23,2024-05-24,2024-05-31,2024-05-23,-0.006584341676646677,-0.01026392961876832,0.01963746223564966,0.006399999999999961,-0.009537784299339602,0.03589795556456288,0.015486106028349855,-0.031563845050215256,21986705.7,45
516320.SH,2024-05-23,2024-05-24,2024-05-31,2024-05-23,-0.0063107676571427795,0.0,0.021802325581395277,0.0030999999999998806,-0.0024831500532102035,0.011457685499688841,0.014075104017275106,-0.02908587257617712,3660001.2,46
516360.SH,2024-05-23,2024-05-24,2024-05-31,2024-05-23,-0.017181208627450983,0.009132420091324311,0.031104199066874116,0.005750000000000033,0.0020403536613011752,0.010152671755725429,0.017492564151789316,-0.02670623145400597,3663231.7,27
516570.SH,2024-05-23,2024-05-24,2024-05-31,2024-05-23,0.0006863192020591935,-0.008905852417302795,-0.00256081946222797,0.002449999999999952,-0.01304953756493088,0.03605338000437541,0.011348199709436953,-0.028678304239401542,2930959.25,64
516590.SH,2024-05-23,2024-05-24,2024-05-31,2024-05-23,-0.005590671997503072,-0.003722084367245637,0.03479381443298979,0.005549999999999944,-0.007416563658837916,0.013149655604257848,0.016129116243678455,-0.023142509135200995,8259012.9,50
516710.SH,2024-05-23,2024-05-24,2024-05-31,2024-05-23,-0.006965515668789779,0.010615711252653925,0.03253796095444694,0.0042499999999999205,0.004113490138171194,0.010229088971763334,0.01756157146860939,-0.024844720496894346,2959458.85,42
516890.SH,2024-05-23,2024-05-24,2024-05-31,2024-05-23,-0.004662511991869844,0.008113590263691739,0.03112033195020758,0.0040500000000000536,0.001007049345417732,0.00969360086767912,0.016736071825673285,-0.025691699604743157,1326599.75,53
560880.SH,2024-05-23,2024-05-24,2024-05-31,2024-05-23,-0.009380581717252423,-0.0316114109483423,0.044056525353283416,0.018850000000000033,-0.006722024515618763,0.058099966529063796,0.013764332494473373,-0.047763457164518575,19108860.15,39
561120.SH,2024-05-23,2024-05-24,2024-05-31,2024-05-23,-0.012696931573556669,-0.029783393501805033,0.04775828460038989,0.01629999999999998,-0.00573436921938586,0.057839380350590996,0.01408403653377395,-0.04529307282415629,18565844.85,35
561510.SH,2024-05-23,2024-05-24,2024-05-31,2024-05-23,-0.013114759069767223,-0.030303030303030387,0.0053859964093356805,0.00790000000000024,-0.020165347097677477,0.029511986429890724,0.010989622257918674,-0.05564924114671166,12044261.4,34
562910.SH,2024-05-23,2024-05-24,2024-05-31,2024-05-23,-0.018592382978723343,0.0016528925619834212,0.023648648648648685,0.0025999999999998247,-0.0014006756200047876,0.011585264210701718,0.013801354840879501,-0.027375201288244777,3295789.95,25
159677.SZ,2024-05-23,2024-05-24,2024-05-31,2024-05-23,-0.0027820062663753697,-0.009729729729729741,0.04446978335233753,0.014700000000000268,-0.01090594968145997,0.01869981300187007,0.012212998950573798,-0.028632025450689325,19292195.55,59
159719.SZ,2024-05-23,2024-05-24,2024-05-31,2024-05-23,0.014077527903871845,0.004008016032064132,-0.00397614314115291,-0.0008500000000002395,0.0033712740745688308,0.027564996684425802,0.008973905145446994,-0.017161716171617214,15334368.45,80
159731.SZ,2024-05-23,2024-05-24,2024-05-31,2024-05-23,0.006369407224546819,-0.009589041095890427,-0.004132231404958664,0.0018499999999999073,-0.012834516657564077,0.03524312099509985,0.010926559654138364,-0.030831099195710476,610880.6,72
159862.SZ,2024-05-23,2024-05-24,2024-05-31,2024-05-23,-0.028846749690444096,-0.002670226969292422,0.03462603878116344,0.01045000000000007,-0.006120276742948461,0.02182040649853878,0.01060406588490565,-0.0223390275952694,2224720.3,5
160311.SZ,2024-05-23,2024-05-24,2024-05-31,2024-05-23,-0.011616918866141579,-0.019319938176197815,0.09020618556701043,0.023150000000000004,0.0029638411381152086,0.04131517221513503,0.01976187773384055,-0.031297709923663874,514104.8,36
161039.SZ,2024-05-23,2024-05-24,2024-05-31,2024-05-23,-2.5211845888106765e-05,-0.01241534988713322,0.04415274463007157,0.026049999999999907,-0.010488818523649357,0.02043505019809988,0.011539183780041408,-0.027237354085603127,151118.35,62
180301.SZ,2024-05-23,2024-05-24,2024-05-31,2024-05-23,0.002389748388888835,0.0008554319931564081,0.00472305710605414,0.008600000000000385,-0.009041438160374504,0.01499412556953339,0.009442212449435973,-0.03497682258744195,9143723.85,68
502003.SH,2024-05-23,2024-05-24,2024-05-31,2024-05-23,-0.03784463385093162,0.008348794063079756,0.022577610536218318,0.011399999999999855,0.0013818516812529325,0.012498834063986664,0.012735536126233713,-0.03405017921146958,79655.1,0
508058.SH,2024-05-23,2024-05-24,2024-05-31,2024-05-23,-0.004496897235023112,-0.004213483146067398,0.0241964608161791,0.029249999999999776,1.7630776283139582e-05,0.02935803126361125,0.007700024707296655,-0.009443861490031402,15588363.85,56
159948.SZ,2024-05-23,2024-05-24,2024-05-31,2024-05-23,-0.019061119850224628,0.005017561465127995,0.06203605514316002,0.02839999999999998,0.0018506477267041799,0.01173176347550342,0.014579313951482029,-0.020197044334975378,12517560.4,23
159952.SZ,2024-05-23,2024-05-24,2024-05-31,2024-05-23,-0.017013415127737352,0.005474452554744769,0.06370656370656369,0.015800000000000036,0.002137043604783395,0.012165188844230457,0.015138941511284665,-0.0196956132497762,129808128.85,28
160607.SZ,2024-05-23,2024-05-24,2024-05-31,2024-05-23,0.009764239081481385,-0.021428571428571463,0.019345238095238138,0.0042999999999998595,-0.011757916756834574,0.03180588979581689,0.008445725906386271,-0.040616246498599295,54056.25,78
163801.SZ,2024-05-23,2024-05-24,2024-05-31,2024-05-23,-0.024335662137499936,-0.017199017199017175,0.045751633986928164,0.011299999999999977,-0.0024315730407132863,0.013586956521739246,0.009623144971801402,-0.023199023199023228,53480.05,7
508077.SH,2024-05-23,2024-05-24,2024-05-31,2024-05-23,-0.002967221701539513,-0.02342549923195103,0.03206168831168821,0.033549999999999525,-0.007609756097560871,0.02475405902583372,0.008221435548415023,-0.02342549923195103,6908483.45,58
515550.SH,2024-05-23,2024-05-24,2024-05-31,2024-05-23,-0.016801788592150202,0.0017137960582689349,0.023642732049036663,0.008749999999999813,-0.004046858359957439,0.01134486967760484,0.010397229176245306,-0.023391812865497075,71019.75,29
159616.SZ,2024-05-30,2024-05-31,2024-06-07,2024-05-30,-0.028438352618384233,-0.011019283746556474,0.022792022792022637,0.008599999999999941,-0.016168813373527047,0.03780247908420842,0.010697607590067744,-0.04266666666666674,5899603.0,1
159712.SZ,2024-05-30,2024-05-31,2024-06-07,2024-05-30,0.01408054329943531,-0.02957283680175249,0.03023255813953485,0.015550000000000175,-0.02621311205143717,0.07857509779902827,0.014376525358808486,-0.06243386243386251,1682190.55,70
159726.SZ,2024-05-30,2024-05-31,2024-06-07,2024-05-30,0.004352518592666277,-0.016699410609037457,0.07288317256162902,0.02674999999999994,-0.002590673575129654,0.08546191978368634,0.0182964121819318,-0.04575786463298381,62921000.05,60
159730.SZ,2024-05-30,2024-05-31,2024-06-07,2024-05-30,-0.014790174969574021,-0.010101010101010055,0.02083333333333326,0.012649999999999828,-0.027488339783665827,0.07514759228963652,0.01593612257873312,-0.037328094302554016,9513725.6,13
159745.SZ,2024-05-30,2024-05-31,2024-06-07,2024-05-30,-0.04111612986486457,-0.04376012965964349,0.0068259385665527805,0.009750000000000036,-0.022855250082808976,0.030961866818440598,0.016373790440542275,-0.07668231611893594,75173289.2,0
159788.SZ,2024-05-30,2024-05-31,2024-06-07,2024-05-30,0.001508529008438897,-0.033880903490759784,0.04092920353982299,0.01774999999999982,-0.024415530558291376,0.0849424468523865,0.013658387361505674,-0.060878243512973995,2333312.85,52
159798.SZ,2024-05-30,2024-05-31,2024-06-07,2024-05-30,-0.0037860951965992262,-0.01968911917098437,-0.0031612223393044925,0.005300000000000082,-0.025846977654206627,0.034883307875386294,0.00784039527077443,-0.0337078651685393,7559811.7,41
159825.SZ,2024-05-30,2024-05-31,2024-06-07,2024-05-30,-0.019688042687585283,-0.014784946236559127,0.039716312056737424,0.010950000000000015,-0.011996225906456437,0.047659394196144955,0.011923365959126166,-0.044328552803129084,75986064.15,5
159827.SZ,2024-05-30,2024-05-31,2024-06-07,2024-05-30,-0.014821644786545796,-0.015247776365946653,0.043068640646029666,0.011749999999999927,-0.009078123002173588,0.04719823257682276,0.01061489701557074,-0.04202719406674915,2290756.5,12
159887.SZ,2024-05-30,2024-05-31,2024-06-07,2024-05-30,-0.0045268258742632295,-0.014506769825918697,0.02929292929292915,0.011249999999999982,0.0019173098667715216,0.04076202820937014,0.007768057128441227,-0.0211335254562921,48859792.75,40
159920.SZ,2024-05-30,2024-05-31,2024-06-07,2024-05-30,0.0012073234358045415,-0.033509700176366675,0.03396226415094339,0.020850000000000035,-0.027636073282171658,0.08395441650237978,0.015710836549733816,-0.06881903143585388,674942580.9,51
159931.SZ,2024-05-30,2024-05-31,2024-06-07,2024-05-30,-0.01757341696331538,-0.021390374331550777,0.008264462809917328,0.014350000000000307,-0.008197276607276094,0.02893987801336051,0.009026990585773265,-0.031746031746031744,1136998.9,7
159940.SZ,2024-05-30,2024-05-31,2024-06-07,2024-05-30,-0.010313301803455688,-0.02208201892744477,0.00540540540540535,0.009600000000000053,-0.009426425946636896,0.030212695916165266,0.010369981218809776,-0.037267080745341685,5808637.35,20
159954.SZ,2024-05-30,2024-05-31,2024-06-07,2024-05-30,0.0021419283813441936,-0.042384105960264984,0.0358166189111746,0.014100000000000001,-0.028943657242629817,0.10464627482010824,0.017118454806953103,-0.06949806949806958,13075191.4,54
159960.SZ,2024-05-30,2024-05-31,2024-06-07,2024-05-30,0.006207992520435912,-0.029139072847682135,0.0382436260623229,0.0129999999999999,-0.020838899278653455,0.08987673493157322,0.014303851745341522,-0.05784061696658105,4951609.9,62
159966.SZ,2024-05-30,2024-05-31,2024-06-07,2024-05-30,-0.014911128472553492,-0.016431924882629123,-0.016431924882629234,0.0024999999999999467,-0.020341360766892747,0.02524970035956864,0.008992333539143438,-0.03009259259259267,4943747.5,11
159985.SZ,2024-05-30,2024-05-31,2024-06-07,2024-05-30,0.009206870544156809,-0.04058094831268699,0.031694993109784075,0.027399999999999647,-0.021947395924054924,0.04704657542574431,0.011905815577659682,-0.04058094831268699,252999455.2,66
159996.SZ,2024-05-30,2024-05-31,2024-06-07,2024-05-30,-0.008039612903225857,-0.010638297872340496,0.005823627287853572,0.01154999999999995,-0.027509652509652538,0.05822267620020405,0.01325317615321279,-0.035115722266560234,113944465.8,24
160716.SZ,2024-05-30,2024-05-31,2024-06-07,2024-05-30,0.0026821921018063133,-0.016155088852988664,0.02295632698768202,0.01784999999999992,-0.0039525691699605625,0.027725379601442057,0.007775127103091942,-0.02922422954303938,168599.75,56
160717.SZ,2024-05-30,2024-05-31,2024-06-07,2024-05-30,0.008323305089285693,-0.03304347826086962,0.029629629629629672,0.010200000000000098,-0.0289905693328677,0.08512049524651788,0.015277898601535804,-0.06711409395973145,384179.35,65
160924.SZ,2024-05-30,2024-05-31,2024-06-07,2024-05-30,0.01167103244201928,-0.026560424966799445,0.030942334739803012,0.012600000000000056,-0.04114068938452475,0.086200772017903,0.03738450846138617,-0.0626598465473146,3650523.05,68
161005.SZ,2024-05-30,2024-05-31,2024-06-07,2024-05-30,-0.004620022992759321,-0.01813880126182954,-0.001203369434416235,0.01650000000000018,-0.02091852783894299,0.043956570224469305,0.009014621657395328,-0.03600464576074314,11883704.75,39
162607.SZ,2024-05-30,2024-05-31,2024-06-07,2024-05-30,-0.015083969275362374,-0.05239179954441908,0.0639386189258313,0.01094999999999996,-0.006922893291955057,0.038123167155425186,0.019668660026970836,-0.07760532150776045,223908.2,10
167301.SZ,2024-05-30,2024-05-31,2024-06-07,2024-05-30,-0.01568519437735838,-0.028186274509803932,0.02587322121604152,0.012199999999999989,-0.003518471977883908,0.05176439490726481,0.012912115081194084,-0.038787878787878816,2359091.15,9
180501.SZ,2024-05-30,2024-05-31,2024-06-07,2024-05-30,0.026255370729366678,0.0042323970757984775,0.006944444444444642,0.007149999999999768,0.0025736565128875455,0.014549422569791748,0.0054389670738646595,-0.014041745730550281,5193645.65,74
501025.SH,2024-05-30,2024-05-31,2024-06-07,2024-05-30,0.0028023030723405284,-0.035478547854785436,0.04468275245755149,0.02475000000000005,-0.01913072663198523,0.08106310283312657,0.016136341240855147,-0.05573505654281097,2407658.7,57
501050.SH,2024-05-30,2024-05-31,2024-06-07,2024-05-30,-0.002179989193676013,-0.020155038759689936,0.016077170418006492,0.014849999999999808,-0.014847433849031422,0.04240971686233075,0.0105451578612776,-0.0402429764616552,1864937.35,47
508018.SH,2024-05-30,2024-05-31,2024-06-07,2024-05-30,-0.025732470845875266,0.005937559854434005,-0.00905660377358486,-0.0204500000000003,-0.004614932671259453,-0.002401187358788359,0.0036133237871615507,-0.012670196671709433,25481788.8,3
510230.SH,2024-05-30,2024-05-31,2024-06-07,2024-05-30,-0.007346101542912042,-0.020774315391879128,0.006796116504854233,0.007999999999999785,-0.007750454501961546,0.027512412538712283,0.00943797074889544,-0.029934518241347075,43848861.6,30
510650.SH,2024-05-30,2024-05-31,2024-06-07,2024-05-30,-0.012177760903614332,-0.02102376599634359,0.014684983420180098,0.02204999999999968,-0.004739336492890933,0.033337067682409405,0.008585065208030112,-0.03164556962025311,9777368.65,17
510900.SH,2024-05-30,2024-05-31,2024-06-07,2024-05-30,-0.0005999099999999258,-0.03647058823529403,0.030188679245283012,0.01475000000000004,-0.02887294717495703,0.09032730720334436,0.016705609181641243,-0.06931818181818172,528756342.9,49
512640.SH,2024-05-30,2024-05-31,2024-06-07,2024-05-30,-0.02004769553513519,-0.02027748132337248,0.006578947368421018,0.017750000000000155,-0.008853379399697658,0.028758666012569822,0.009038513534351457,-0.03215603584607274,3157424.9,4
512700.SH,2024-05-30,2024-05-31,2024-06-07,2024-05-30,-0.007393415143504445,-0.015636634400595817,0.031201248049921748,0.015249999999999986,0.001173842250747903,0.04148755767638135,0.008014656469427912,-0.022189349112426204,56991851.35,29
512730.SH,2024-05-30,2024-05-31,2024-06-07,2024-05-30,-0.009918325757575785,-0.011538461538461275,0.03629032258064524,0.015600000000000058,0.0033967126068794595,0.04175761601974015,0.007124904640413006,-0.021325209444021165,12047987.5,21
512750.SH,2024-05-30,2024-05-31,2024-06-07,2024-05-30,0.0002099766207457332,-0.015163607342378205,0.024066390041493912,0.012399999999999967,-0.0005669393374908571,0.029645999249468424,0.00781733002167168,-0.02450592885375491,10045790.9,50
512800.SH,2024-05-30,2024-05-31,2024-06-07,2024-05-30,-0.00938760063948818,-0.01576044129235632,0.03137902559867878,0.014049999999999896,0.0014030867909400335,0.04171886745176656,0.008220773755060914,-0.022691705790297445,225270020.65,22
513550.SH,2024-05-30,2024-05-31,2024-06-07,2024-05-30,0.006952231738035497,-0.04146341463414638,0.026109660574412663,0.01429999999999998,-0.032079305461486296,0.08442020921433335,0.015807397187591554,-0.06761565836298922,109061666.4,63
513600.SH,2024-05-30,2024-05-31,2024-06-07,2024-05-30,0.004134339597347436,-0.03507152745731412,0.03412462908011871,0.04070000000000018,-0.027984380810710308,0.09203512868673558,0.015006777824570404,-0.06610093791871374,125228289.9,59
513660.SH,2024-05-30,2024-05-31,2024-06-07,2024-05-30,0.0025785546206271714,-0.033658104517271914,0.03021718602455148,0.039149999999999796,-0.026262355802485704,0.08539391150613951,0.015101937373843131,-0.0627147766323024,182769682.85,55
513690.SH,2024-05-30,2024-05-31,2024-06-07,2024-05-30,0.007544211804423773,-0.020689655172413834,0.08535031847133756,0.02564999999999995,-0.000469263256686947,0.09109527669923634,0.019581906483030518,-0.049107142857142905,121259990.1,64
513900.SH,2024-05-30,2024-05-31,2024-06-07,2024-05-30,-0.007097959999999848,-0.04030226700251893,0.02144772117962468,0.012649999999999828,-0.03422053231939148,0.07568906360062688,0.01706167505122145,-0.07299270072992703,12286384.4,33
513990.SH,2024-05-30,2024-05-31,2024-06-07,2024-05-30,0.0030167368878166734,-0.03297997644287387,0.03792667509481662,0.016450000000000076,-0.024593085422359495,0.08974386638758802,0.015010881503926833,-0.06385404789053584,4836523.6,58
515020.SH,2024-05-30,2024-05-31,2024-06-07,2024-05-30,-0.007434713047112518,-0.01644245142002987,0.03215686274509788,0.015350000000000197,0.0019795949444187944,0.042091482524695634,0.007547420296387175,-0.021561338289962872,9324180.45,28
515100.SH,2024-05-30,2024-05-31,2024-06-07,2024-05-30,-0.017065670795128995,-0.0014326647564469885,0.016034985422740622,0.00890000000000013,-0.0020760254850024085,0.025875152998775963,0.006632045232209284,-0.014840989399293236,126287226.25,8
515290.SH,2024-05-30,2024-05-31,2024-06-07,2024-05-30,-0.006002072648648715,-0.015057573073516295,0.03345724907063197,0.013350000000000195,0.001982339160208957,0.04232671717487957,0.007994332411363133,-0.02284710017574676,40822080.3,38
516210.SH,2024-05-30,2024-05-31,2024-06-07,2024-05-30,-0.010922352244131295,-0.014828544949026856,0.030038759689922312,0.011649999999999938,0.001979451409180877,0.04101658325973889,0.007251302976351213,-0.022079116835326595,10078449.1,19
516310.SH,2024-05-30,2024-05-31,2024-06-07,2024-05-30,-0.007485540541338653,-0.016456921587608808,0.03147208121827405,0.011599999999999833,0.0023677979479084232,0.04267320451934786,0.007585641768559325,-0.02213666987487961,17703350.6,27
516550.SH,2024-05-30,2024-05-31,2024-06-07,2024-05-30,-0.018105325589171994,-0.004739336492891044,0.008000000000000007,0.004249999999999976,-0.013775829680651275,0.030904542887113973,0.009563238803383983,-0.038284839203675425,5687796.35,6
516910.SH,2024-05-30,2024-05-31,2024-06-07,2024-05-30,0.02724407260696493,-0.00886699507389177,0.05450733752620529,0.01749999999999996,0.00019884668920266968,0.05558859541717687,0.012653413911745598,-0.02613746369796699,21157434.05,75
517000.SH,2024-05-30,2024-05-31,2024-06-07,2024-05-30,-0.006152132722222148,-0.019151846785225746,0.01846590909090895,0.008950000000000014,-0.012668686312310662,0.046246938481486755,0.010136771166570973,-0.03238866396761142,1453637.5,35
517080.SH,2024-05-30,2024-05-31,2024-06-07,2024-05-30,-0.006121457458563517,-0.02043596730245234,0.01267605633802793,0.007999999999999896,-0.016752136752136715,0.04504096798780477,0.009817974618560085,-0.040053404539385884,7324511.15,36
517100.SH,2024-05-30,2024-05-31,2024-06-07,2024-05-30,-0.006083586762688609,-0.021621621621621623,0.012587412587412583,0.007799999999999918,-0.017105620418137346,0.04615821616247673,0.010210249766991381,-0.041059602649006655,1932290.35,37
517350.SH,2024-05-30,2024-05-31,2024-06-07,2024-05-30,-0.007789838705035801,-0.033391915641476255,-0.0072202166064981865,0.003849999999999909,-0.034918406738024044,0.04696876913655812,0.015487754929350422,-0.05660377358490554,707738.75,26
517360.SH,2024-05-30,2024-05-31,2024-06-07,2024-05-30,-0.003353078292011036,-0.024423337856173677,-0.02043596730245234,0.0018500000000001293,-0.03353720008065075,0.0315208097427957,0.015478744049915739,-0.05145118733509235,1868986.6,43
517550.SH,2024-05-30,2024-05-31,2024-06-07,2024-05-30,-0.007307293154362293,-0.036363636363636376,-0.022397891963109373,0.0017999999999999128,-0.0445531805305176,0.04623122347710895,0.012354563422231173,-0.05956907477820028,2054409.4,31
517900.SH,2024-05-30,2024-05-31,2024-06-07,2024-05-30,-0.0033107601537069042,-0.03149606299212604,0.05128205128205132,0.02299999999999991,-0.007130364590340332,0.07349519392782056,0.013785936732935412,-0.04404145077720201,2903477.35,44
560880.SH,2024-05-30,2024-05-31,2024-06-07,2024-05-30,-0.0126312112439807,-0.00875796178343946,0.012195121951219523,0.012599999999999945,-0.02513507164669937,0.058940589544091315,0.013336784816765798,-0.03488372093023251,18936661.65,16
561120.SH,2024-05-30,2024-05-31,2024-06-07,2024-05-30,-0.0071935015457115226,-0.012093023255814073,0.009505703422053147,0.010599999999999943,-0.027294376259388242,0.05871515151515139,0.014310395708044673,-0.03717135086128753,17619508.15,32
561320.SH,2024-05-30,2024-05-31,2024-06-07,2024-05-30,0.020962119989212713,-0.007518796992481258,0.04761904761904767,0.012649999999999939,0.0026041666666665186,0.04119906605407864,0.009548489999585753,-0.021186440677966156,9662412.25,71
159662.SZ,2024-05-30,2024-05-31,2024-06-07,2024-05-30,0.024153033405572844,-0.006128702757916216,0.03952991452991439,0.011199999999999988,0.00010278548668907206,0.04018246939539205,0.009871715938190426,-0.019153225806451624,12769920.2,73
159711.SZ,2024-05-30,2024-05-31,2024-06-07,2024-05-30,-0.002695088385744171,-0.03767820773930741,0.03960396039603964,0.018799999999999928,-0.026124594218580932,0.0845736852890222,0.016499919389870412,-0.0662055335968379,1885641.2,46
159723.SZ,2024-05-30,2024-05-31,2024-06-07,2024-05-30,-0.006797740015503817,-0.03474320241691842,-0.01692307692307693,0.003650000000000042,-0.03474320241691864,0.04551077886867971,0.013442353469624661,-0.05192878338278939,2016749.3,34
159793.SZ,2024-05-30,2024-05-31,2024-06-07,2024-05-30,-0.0266712166956522,-0.039436619718309696,-0.022922636103151928,0.0030999999999999917,-0.036927204688272264,0.03758241758241776,0.016227080592593146,-0.06447187928669396,79968.2,2
501302.SH,2024-05-30,2024-05-31,2024-06-07,2024-05-30,0.0017627379669029608,-0.02662037037037035,0.03571428571428559,0.015599999999999836,-0.031050175701365146,0.08986459619529952,0.03594745743748392,-0.05823068309070556,1794516.6,53
508058.SH,2024-05-30,2024-05-31,2024-06-07,2024-05-30,0.03682413046005695,-0.01128349788434413,-0.006730428622033213,-0.00254999999999983,-0.010376226441730751,0.02477485623349862,0.004668907716021564,-0.01544943820224709,13385710.8,76
512820.SH,2024-05-30,2024-05-31,2024-06-07,2024-05-30,-0.0037700926804122847,-0.015588464536243185,0.031020408163265234,0.014699999999999935,0.0007527435521572645,0.04211221667148335,0.007821785379595677,-0.02395672333848531,22075750.2,42
517010.SH,2024-05-30,2024-05-31,2024-06-07,2024-05-30,-0.007930473007334848,-0.021739130434782594,0.009975062344139696,0.008799999999999919,-0.018360298127613195,0.04570704403844106,0.009706306566896954,-0.040284360189573376,514224.45,25
517880.SH,2024-05-30,2024-05-31,2024-06-07,2024-05-30,-0.011169358660399475,-0.016336056009334854,-0.0011848341232227888,0.005699999999999927,-0.02824207492795383,0.05364372469635614,0.010405912510211184,-0.04530011325028316,6469829.45,18
164705.SZ,2024-05-30,2024-05-31,2024-06-07,2024-05-30,-0.0017826319999998397,-0.027809965237543532,0.024420024420024333,0.015650000000000053,-0.025325278810409024,0.08129383439757132,0.01485986890327015,-0.06152125279642062,247986.25,48
180101.SZ,2024-05-30,2024-05-31,2024-06-07,2024-05-30,-0.003166422814586456,0.007238883143743546,0.015641293013555657,0.01915,0.0005136106831022946,0.013367569114929756,0.00782119554200616,-0.01527494908350302,11951205.8,45
159976.SZ,2024-05-30,2024-05-31,2024-06-07,2024-05-30,0.013476147605633981,-0.02408376963350789,-0.001071811361200381,0.00814999999999999,-0.02275348642130659,0.04381612550164182,0.01082700406989332,-0.04605936540429878,474836.9,69
161121.SZ,2024-05-30,2024-05-31,2024-06-07,2024-05-30,-0.012640874939759073,-0.017405063291139222,0.027295285359801413,0.013050000000000006,0.002380856301198442,0.039108253546718874,0.007286895911698246,-0.019731649565903786,125759.15,15
160644.SZ,2024-05-30,2024-05-31,2024-06-07,2024-05-30,0.01031790610924399,-0.04442649434571899,0.05624999999999991,0.025100000000000122,0.001481481481481417,0.061002994011976064,0.014033827209228704,-0.04442649434571899,131478.35,67
517170.SH,2024-05-30,2024-05-31,2024-06-07,2024-05-30,-0.008670435625841133,-0.021276595744680882,0.009602194787379892,0.007850000000000024,-0.018339446482160793,0.04521480517670007,0.009433027912435606,-0.04166666666666674,162194.25,23
501301.SH,2024-05-30,2024-05-31,2024-06-07,2024-05-30,0.004721709222577308,-0.02713987473903967,0.02417582417582409,0.016100000000000225,-0.029975020815986686,0.0872878159185213,0.014848036449858312,-0.06425702811244971,94889.8,61
508077.SH,2024-05-30,2024-05-31,2024-06-07,2024-05-30,0.022484600242931085,-0.011403853716083212,-0.012180746561885947,0.001200000000000312,-0.019386043608846437,0.02256228893557033,0.007222073867244205,-0.029718255499807,6207328.6,72
165521.SZ,2024-05-30,2024-05-31,2024-06-07,2024-05-30,-0.01445298055445543,-0.028846153846153855,0.002979145978152964,0.007800000000000029,-0.010386047423084355,0.02608957924898192,0.008069349706132723,-0.028846153846153855,46581.2,14
159616.SZ,2024-06-06,2024-06-07,2024-06-14,2024-06-06,-0.022200776498559005,-0.02924791086350964,-0.05040871934604896,-0.002950000000000008,-0.041067620554447126,0.0309441633965295,0.009702528156711278,-0.05040871934604896,5254734.05,9
159619.SZ,2024-06-06,2024-06-07,2024-06-14,2024-06-06,-0.016667435562701005,-0.007438894792773598,-0.02809573361082207,-0.0013499999999999623,-0.02596725414537493,0.02930442249892673,0.00879479435913648,-0.0331262939958592,23002778.0,16
159635.SZ,2024-06-06,2024-06-07,2024-06-14,2024-06-06,-0.0177267260584677,-0.00501002004008011,-0.021674876847290525,-0.0011499999999999844,-0.023358741086796253,0.02896032924031844,0.009684690721955186,-0.031219512195121868,12278377.2,15
159707.SZ,2024-06-06,2024-06-07,2024-06-14,2024-06-06,-0.0005999099999999258,-0.014778325123152691,0.04712041884816731,0.00990000000000002,-0.04084405722963802,0.057893401730601424,0.029439695849663258,-0.05362776025236593,81013258.35,38
159745.SZ,2024-06-06,2024-06-07,2024-06-14,2024-06-06,-0.01998862426807768,-0.04237288135593209,-0.04399323181049053,-0.0019000000000001238,-0.06130586476158806,0.0284493806065782,0.01654859556846062,-0.07224958949096871,70255127.65,12
159768.SZ,2024-06-06,2024-06-07,2024-06-14,2024-06-06,-0.013412731666666677,-0.010869565217391353,0.052023121387283267,0.008850000000000025,-0.03584672435105063,0.05725309602339901,0.030397908657304913,-0.045454545454545525,57610849.2,20
159825.SZ,2024-06-06,2024-06-07,2024-06-14,2024-06-06,-0.0285161136312847,-0.024556616643929052,-0.03378378378378377,0.0009000000000000119,-0.03742595584275721,0.04335611948684348,0.011663916821567562,-0.051724137931034475,58481358.25,5
159827.SZ,2024-06-06,2024-06-07,2024-06-14,2024-06-06,-0.032077078188976316,-0.023225806451612874,-0.029487179487179493,0.0017500000000000293,-0.03425400267908407,0.04371851490202183,0.010242283567046997,-0.045397225725094636,1762640.5,2
159865.SZ,2024-06-06,2024-06-07,2024-06-14,2024-06-06,-0.025821363375394424,-0.038109756097560954,-0.03369065849923436,0.0019000000000000128,-0.04761904761904778,0.0483939026319955,0.01325092640164333,-0.06794682422452003,162197130.55,7
159867.SZ,2024-06-06,2024-06-07,2024-06-14,2024-06-06,-0.02562401241001555,-0.03490136570561464,-0.03196347031963476,0.0016999999999999238,-0.046691148917035186,0.04749568221070821,0.012777041657710281,-0.06744868035190621,26658680.3,8
159887.SZ,2024-06-06,2024-06-07,2024-06-14,2024-06-06,-0.009540865079522898,-0.01177625122669268,0.012060301507537785,0.004850000000000021,-0.014580683041393372,0.04029589914996867,0.0088807424189033,-0.03173076923076912,58350067.7,31
159931.SZ,2024-06-06,2024-06-07,2024-06-14,2024-06-06,-0.008192037755524684,-0.0143442622950819,-0.0041407867494822614,0.0017499999999996962,-0.023581554284940798,0.029250966326566097,0.009098978091784875,-0.03348961821835217,1023424.1,34
159940.SZ,2024-06-06,2024-06-07,2024-06-14,2024-06-06,0.0004959234320176531,-0.02043010752688179,-0.009782608695652173,0.0006000000000000449,-0.03028367661929865,0.029948107001900315,0.010877462093763847,-0.04105263157894745,6111622.85,40
160631.SZ,2024-06-06,2024-06-07,2024-06-14,2024-06-06,-0.012938182716049407,-0.013207547169811318,0.006737247353224118,0.004650000000000043,-0.018531550551255105,0.038894575230296935,0.007938578217941805,-0.034164358264081374,532423.45,21
160716.SZ,2024-06-06,2024-06-07,2024-06-14,2024-06-06,-0.009909390290410824,-0.0010946907498631253,0.012763596004439659,0.00849999999999973,-0.009632342965676277,0.029526789206100856,0.007579438951410351,-0.020397208803005884,159420.45,29
162607.SZ,2024-06-06,2024-06-07,2024-06-14,2024-06-06,-0.054685091341176495,-0.019230769230769273,0.022556390977443552,0.004699999999999982,-0.03682719546742197,0.04916408668730643,0.018706248501349006,-0.04895104895104885,160766.95,0
167301.SZ,2024-06-06,2024-06-07,2024-06-14,2024-06-06,-0.0005999099999999258,-0.007566204287515754,0.011568123393316254,0.004649999999999932,-0.016803048285339406,0.05338538810782345,0.011349932841402023,-0.02959309494451301,1875269.2,38
501025.SH,2024-06-06,2024-06-07,2024-06-14,2024-06-06,-0.015071631916524608,-0.0017108639863130382,0.012142237640936804,0.010850000000000026,-0.02964287199101978,0.0791260393611295,0.016800935450393923,-0.04029605263157887,2582389.65,18
508099.SH,2024-06-06,2024-06-07,2024-06-14,2024-06-06,-0.021574973617283777,-0.021712907117008573,-0.05916473317865445,-0.01529999999999987,-0.019248211226443712,0.041697285267378925,0.007983239130172888,-0.031063321385902176,9299759.65,10
510230.SH,2024-06-06,2024-06-07,2024-06-14,2024-06-06,0.0003741641617935887,-0.009643201542912205,-0.002912621359223433,0.001100000000000101,-0.018352131523609372,0.027432237789708047,0.009512699725985422,-0.026540284360189625,44082079.4,39
510650.SH,2024-06-06,2024-06-07,2024-06-14,2024-06-06,-0.011371326152764705,-0.010737628384687059,0.004265402843601995,0.007250000000000423,-0.01873162147769103,0.03443403005093648,0.008841878207695816,-0.03064958828911246,9406425.45,26
512640.SH,2024-06-06,2024-06-07,2024-06-14,2024-06-06,-0.007200240809025704,-0.013071895424836666,-0.0033003300330033403,0.0015499999999999403,-0.022627363197497252,0.028829078801331898,0.009186959834231907,-0.03256807261078476,3349246.75,36
512700.SH,2024-06-06,2024-06-07,2024-06-14,2024-06-06,-0.009036902317728135,-0.012859304084720025,0.011627906976744207,0.006199999999999983,-0.016319300493724764,0.04083634081280407,0.009034756983310684,-0.03478904515173942,58929982.55,32
512730.SH,2024-06-06,2024-06-07,2024-06-14,2024-06-06,-0.010870424758893105,-0.015564202334630406,0.009577015163607427,0.006449999999999845,-0.017170383031621328,0.04145538893084466,0.00816261904414898,-0.03435114503816772,12299656.25,27
512800.SH,2024-06-06,2024-06-07,2024-06-14,2024-06-06,-0.010342234191713984,-0.014411529223378738,0.009844134536505234,0.005749999999999922,-0.017557861133280173,0.040985876488507156,0.009283752901857763,-0.03526645768025094,227615554.8,28
513090.SH,2024-06-06,2024-06-07,2024-06-14,2024-06-06,-0.006750064399999922,-0.0030737704918032405,0.003092783505154628,0.0022999999999999687,-0.04104863746119358,0.05425484016208926,0.020582029418808902,-0.0444225074037512,772229287.85,37
515020.SH,2024-06-06,2024-06-07,2024-06-14,2024-06-06,-0.012149217665639367,-0.015957446808510523,0.008566978193146335,0.006099999999999772,-0.018567639257294433,0.04140906579674297,0.008350158320416306,-0.035740878629933026,8222736.8,24
515100.SH,2024-06-06,2024-06-07,2024-06-14,2024-06-06,-0.011606518920704856,-0.024390243902439157,-0.021582733812949617,-0.0016499999999999293,-0.025264289553843522,0.022248543831585366,0.0073349467485772455,-0.03477643718949619,113818814.2,25
515290.SH,2024-06-06,2024-06-07,2024-06-14,2024-06-06,-0.01243251580145699,-0.015287769784172789,0.010147601476014678,0.005149999999999766,-0.017893179066325815,0.041619955156950494,0.009049282722473018,-0.03609154929577474,39842753.95,23
516210.SH,2024-06-06,2024-06-07,2024-06-14,2024-06-06,-0.013912565813510858,-0.014111006585136532,0.01060752169720347,0.004850000000000021,-0.016654937837203954,0.04029739051213643,0.008278458766850743,-0.03321033210332125,9611211.55,19
516310.SH,2024-06-06,2024-06-07,2024-06-14,2024-06-06,-0.008579152235528964,-0.013779527559055094,0.010080645161290258,0.004899999999999904,-0.016200294550809957,0.04190820432380793,0.008709694546341856,-0.03378378378378366,17902315.75,33
516670.SH,2024-06-06,2024-06-07,2024-06-14,2024-06-06,-0.029652238197674485,-0.035211267605633645,-0.028368794326241176,0.0026999999999999247,-0.046359459835723094,0.05004385537471956,0.01346353989215185,-0.06675749318801083,32958961.1,4
516760.SH,2024-06-06,2024-06-07,2024-06-14,2024-06-06,-0.031877707153502244,-0.0361794500723589,-0.0361794500723589,0.0017000000000000348,-0.04488742291696546,0.04917621686686546,0.013497462420220626,-0.06591865357643767,5233061.45,3
516810.SH,2024-06-06,2024-06-07,2024-06-14,2024-06-06,-0.03400604114206096,-0.024623803009575895,-0.029931972789115635,0.0012999999999999678,-0.03479084878841199,0.04350897019352984,0.010529829337107225,-0.046791443850267456,5808629.45,1
516950.SH,2024-06-06,2024-06-07,2024-06-14,2024-06-06,-0.015268208776908043,-0.0067829457364340096,-0.025665399239543696,-0.0015499999999999403,-0.023204841092104522,0.028673659445152433,0.00884264627922344,-0.03119092627599218,36906526.8,17
516970.SH,2024-06-06,2024-06-07,2024-06-14,2024-06-06,-0.01875344891969377,-0.013245033112582849,-0.016965127238454336,0.00039999999999995595,-0.027052238805970075,0.020709354915496192,0.009839447789001284,-0.03156917363045497,74243961.7,13
517900.SH,2024-06-06,2024-06-07,2024-06-14,2024-06-06,-0.021534520264116508,-0.017163504968382925,0.013035381750465813,0.008300000000000196,-0.03138215001112843,0.07168413185555056,0.014148578708966148,-0.049781659388646204,3519666.8,11
562900.SH,2024-06-06,2024-06-07,2024-06-14,2024-06-06,-0.026291429023136192,-0.02749999999999997,-0.02506265664160401,0.003450000000000175,-0.03659216147606981,0.048607353864133396,0.011651874115814613,-0.051219512195122,9024950.3,6
160218.SZ,2024-06-06,2024-06-07,2024-06-14,2024-06-06,-0.01807749503974565,-0.007886435331230346,0.04485049833887045,0.00749999999999984,-0.029620487503856707,0.047595959595959414,0.026303843984371203,-0.05740181268882183,259657.3,14
512820.SH,2024-06-06,2024-06-07,2024-06-14,2024-06-06,-0.01259271108000004,-0.012668250197941266,0.011354420113544261,0.0061500000000001,-0.016716606213530882,0.041528648471077734,0.008752403169302592,-0.03408210689388058,22873987.05,22
501062.SH,2024-06-06,2024-06-07,2024-06-14,2024-06-06,-0.009761077491666659,-0.010717230008244094,-0.02200488997555028,-0.0017499999999999183,-0.021526418786692703,0.047996126128692085,0.006374657445649817,-0.018806214227309992,688529.05,30
165521.SZ,2024-06-06,2024-06-07,2024-06-14,2024-06-06,-0.0075887218181815985,-0.013861386138613874,-0.012884043607532147,-0.00019999999999997797,-0.023912191297530305,0.025390232464661322,0.008053008028327311,-0.0311284046692607,54141.35,35
159707.SZ,2024-06-13,2024-06-14,2024-06-21,2024-06-13,-0.04167114657534221,-0.02970297029702973,-0.03130148270181221,0.0015500000000000513,-0.06032760687175398,0.05969517358171039,0.02815304878453779,-0.04854368932038844,75441307.45,2
159768.SZ,2024-06-13,2024-06-14,2024-06-21,2024-06-13,-0.04602718681818185,-0.02930402930402931,-0.038112522686025385,0.0013000000000000789,-0.0640176600441501,0.05880703066566939,0.028875605573913953,-0.0535714285714286,55570254.55,0
159980.SZ,2024-06-13,2024-06-14,2024-06-21,2024-06-13,-0.004608964802292226,-0.0034110289937464566,-0.02230897936419418,-0.0014499999999997293,-0.03197305207355472,0.051870353159851446,0.01475237054403679,-0.039999999999999925,194193643.45,5
160628.SZ,2024-06-13,2024-06-14,2024-06-21,2024-06-13,-0.04273313470489004,-0.02773246329526924,-0.02454991816693941,0.0024500000000000632,-0.060825716987078615,0.055643350245363044,0.028271813978746414,-0.043338683788122,142576.55,1
162607.SZ,2024-06-13,2024-06-14,2024-06-21,2024-06-13,-0.025647531303258142,-0.03846153846153855,-0.02676399026763987,0.00024999999999997247,-0.05526688710439298,0.048928527189396664,0.018707701402485788,-0.0430622009569378,127478.7,3
167301.SZ,2024-06-13,2024-06-14,2024-06-21,2024-06-13,0.011066238910505843,-0.030188679245283012,-0.007722007722007707,-0.0011999999999999789,-0.034802203304957535,0.049074114608414154,0.011097297246656248,-0.03383458646616544,1646778.75,6
501025.SH,2024-06-13,2024-06-14,2024-06-21,2024-06-13,0.035061886074847726,-0.02136752136752129,-0.03212172442941663,-0.005999999999999783,-0.042602115473054925,0.06597242854596241,0.014478931282564287,-0.04103852596314905,2259302.75,7
160218.SZ,2024-06-13,2024-06-14,2024-06-21,2024-06-13,-0.008886809585406219,-0.012820512820512886,-0.014399999999999968,0.0018500000000001293,-0.05040850932634511,0.05001618646811257,0.02562614154293769,-0.03144654088050314,242722.25,4
159611.SZ,2024-06-20,2024-06-21,2024-06-28,2024-06-20,0.01891962300781258,-0.032136105860113395,0.02605210420841675,0.008749999999999813,-0.008280470679385865,0.030814795094923575,0.010822293520877466,-0.032136105860113395,178672659.0,4
561560.SH,2024-06-20,2024-06-21,2024-06-28,2024-06-20,0.01389582055600358,-0.030444964871194302,0.0281456953642385,0.010199999999999987,-0.004568405866794967,0.03144116836594102,0.01151847336368234,-0.03434816549570652,27452192.05,0
561700.SH,2024-06-20,2024-06-21,2024-06-28,2024-06-20,0.016103155571030703,-0.033124440465532756,0.023696682464454888,0.008850000000000025,-0.008583100013769829,0.030995646413022993,0.01171314717952852,-0.034914950760966845,7296176.7,3
562350.SH,2024-06-20,2024-06-21,2024-06-28,2024-06-20,0.016025969500924164,-0.03475935828877019,0.023629489603024467,0.008750000000000036,-0.008831739349288381,0.030089246433285366,0.011237448210192038,-0.03475935828877019,6898645.9,2
163503.SZ,2024-06-20,2024-06-21,2024-06-28,2024-06-20,0.01522769323529416,-0.0177383592017738,0.013729977116704761,0.0022499999999999742,-0.0038228018889138182,0.020305150854651677,0.009051566035123396,-0.026431718061673992,139397.5,1
159611.SZ,2024-06-27,2024-06-28,2024-07-05,2024-06-27,0.03274611851815479,-0.004882812500000111,-0.018304431599229454,0.001100000000000323,-0.014173075992841122,0.02592139217891898,0.008754786187459944,-0.019249278152069338,142925695.95,0
561560.SH,2024-06-27,2024-06-28,2024-07-05,2024-06-27,0.0394742343617025,-0.012882447665056418,-0.023107569721115495,0.0010499999999997733,-0.01821821821821812,0.02618711736266155,0.009541318039586284,-0.023107569721115495,22976185.45,2
561700.SH,2024-06-27,2024-06-28,2024-07-05,2024-06-27,0.05209915312617719,-0.0064814814814814214,-0.020985401459853947,0.0004499999999998394,-0.015415672600477048,0.025501082149242293,0.008794512414672323,-0.021877848678213296,7043224.3,3
562350.SH,2024-06-27,2024-06-28,2024-07-05,2024-06-27,0.03762341433768701,-0.009233610341643606,-0.024545454545454426,0.00039999999999995595,-0.018343168199075888,0.024766398949967128,0.008979378589461434,-0.027198549410698103,6176816.9,1
159779.SZ,2024-07-04,2024-07-05,2024-07-12,2024-07-04,0.0651500959210527,-0.006504065040650375,0.026890756302521135,0.006699999999999928,-0.007472384665367038,0.044245285686013824,0.015252621090173033,-0.049050632911392444,7017025.7,9
159811.SZ,2024-07-04,2024-07-05,2024-07-12,2024-07-04,0.046900094277566584,0.008620689655172376,0.045680238331678114,0.014650000000000052,0.00472305710605414,0.04007608336089974,0.014376238251631607,-0.046598322460391306,6660620.35,2
159994.SZ,2024-07-04,2024-07-05,2024-07-12,2024-07-04,0.05594671255842543,0.004914004914004844,0.054123711340206215,0.014249999999999985,0.00018340771535130251,0.05000641930928218,0.0194433000539487,-0.05231866825208087,32483656.4,6
159997.SZ,2024-07-04,2024-07-05,2024-07-12,2024-07-04,0.05770814659276535,-0.010392609699769073,0.005868544600938996,0.005350000000000188,-0.019506893198329767,0.028132841907151818,0.015278523594138348,-0.055679287305122505,45866919.45,8
513310.SH,2024-07-04,2024-07-05,2024-07-12,2024-07-04,0.017206773118040086,0.0022421524663676085,0.04439252336448596,0.018850000000000255,-0.0038257252163579336,0.04509342166554564,0.01351481081527277,-0.04139433551198257,174307346.3,0
515050.SH,2024-07-04,2024-07-05,2024-07-12,2024-07-04,0.05263446665326654,0.004036326942482349,0.0551431601272534,0.017300000000000093,-0.001204577394097739,0.05058529897704522,0.019680357523971077,-0.054474708171206254,113237200.6,3
515260.SH,2024-07-04,2024-07-05,2024-07-12,2024-07-04,0.05314689716569787,-0.011477761836441891,0.011747430249632984,0.005950000000000011,-0.013741769252791358,0.03172766879169031,0.013372213080007644,-0.04621848739495804,11795880.75,4
515320.SH,2024-07-04,2024-07-05,2024-07-12,2024-07-04,0.05354715369969032,-0.009188361408882129,0.010937500000000044,0.005199999999999982,-0.014920828258221608,0.03111018080012551,0.014027624021354454,-0.04754829123328386,7150307.85,5
515880.SH,2024-07-04,2024-07-05,2024-07-12,2024-07-04,0.03999801932584268,0.01043478260869568,0.03380782918149472,0.0132000000000001,-0.009799744354495155,0.016560068146052043,0.021608917410682073,-0.06239737274220036,213343761.45,1
561100.SH,2024-07-04,2024-07-05,2024-07-12,2024-07-04,0.06888500749999982,-0.00583941605839422,0.02714932126696845,0.007299999999999973,-0.007577965607694526,0.04399421862717756,0.015219991036115434,-0.042735042735042805,19136840.5,11
561310.SH,2024-07-04,2024-07-05,2024-07-12,2024-07-04,0.05678191334928262,-0.015698587127158548,0.02786885245901649,0.006949999999999901,-0.0070472721513975545,0.04346029909939686,0.01479361021962039,-0.04636785162287482,8477141.9,7
561600.SH,2024-07-04,2024-07-05,2024-07-12,2024-07-04,0.06795649861280495,-0.010558069381598756,0.026604068857589924,0.006950000000000012,-0.009287925696594423,0.04355020882036209,0.015320925370941612,-0.04572271386430682,8555651.15,10
562950.SH,2024-07-04,2024-07-05,2024-07-12,2024-07-04,0.07134438442879532,-0.009216589861751112,0.025437201907790197,0.007000000000000117,-0.008302583025830312,0.04375735530116609,0.014413816612089578,-0.04504504504504503,5879127.550000001,12
159941.SZ,2024-07-18,2024-07-19,2024-07-26,2024-07-18,-0.04209124947653431,-0.03776824034334769,0.011732851985559511,0.010299999999999976,-0.0034226785793660675,0.06471154301219428,0.014790114522970382,-0.03776824034334769,1262811427.2,0
160723.SZ,2024-07-18,2024-07-19,2024-07-26,2024-07-18,-0.03053732506054796,0.0006313131313131493,0.026554404145077593,0.014100000000000001,0.006157557290674909,0.02220299572811335,0.009703134841887296,-0.02684144818976275,2921812.75,2
161130.SZ,2024-07-18,2024-07-19,2024-07-26,2024-07-18,-0.03571479247784903,-0.0350724637681159,0.01154664235794578,0.03155000000000019,-0.003934593001511,0.061927079196123724,0.013466965792766709,-0.0350724637681159,8868128.85,1
501018.SH,2024-07-18,2024-07-19,2024-07-26,2024-07-18,-0.02334801523520469,0.0007496251874061777,0.026923076923076827,0.011050000000000004,0.007129116215910392,0.02041261450822418,0.010042192861921626,-0.028169014084507116,12237433.1,3
163503.SZ,2024-07-18,2024-07-19,2024-07-26,2024-07-18,-0.0027491575053764095,-0.01498929336188437,0.038374717832957206,0.004250000000000087,-0.0004345936549327023,0.029722170426999872,0.011732224900611836,-0.03563941299790363,108450.5,4
159866.SZ,2024-07-25,2024-07-26,2024-08-02,2024-07-25,-0.019672430801526808,-0.046363636363636274,0.0028680688336522042,0.00924999999999998,-0.04432196055208859,0.03397440929429307,0.017230510246568957,-0.072502210433245,177504097.95,2
161130.SZ,2024-07-25,2024-07-26,2024-08-02,2024-07-25,-0.012338895184126897,-0.050765995794533,-0.031862745098039325,0.0018000000000002458,-0.05500979380672577,0.05241155026357891,0.01433644735741994,-0.07385697538100844,9367059.25,3
501300.SH,2024-07-25,2024-07-26,2024-08-02,2024-07-25,0.03987423694704062,-0.047244094488189003,-0.019250253292806496,-0.0005500000000000504,-0.03044871794871795,0.03163586891005221,0.010471794877968642,-0.06382978723404265,22632358.3,6
513000.SH,2024-07-25,2024-07-26,2024-08-02,2024-07-25,-0.030884761212121248,-0.05133470225872683,0.002169197396963085,0.010649999999999826,-0.04248704663212444,0.029699448692868557,0.014667210481823583,-0.07352941176470595,90517629.75,0
513300.SH,2024-07-25,2024-07-26,2024-08-02,2024-07-25,-0.006167598523676876,-0.07010309278350524,-0.03529411764705881,0.003149999999999986,-0.06883113531370166,0.07065487703785567,0.021178110099330252,-0.09754877438719367,787889258.1,5
513520.SH,2024-07-25,2024-07-26,2024-08-02,2024-07-25,-0.008341741683098425,-0.05418060200668895,0.0007077140835101137,0.015899999999999803,-0.054781242688592524,0.04304324079346444,0.02109171481116705,-0.07702349869451708,606838455.8,4
513880.SH,2024-07-25,2024-07-26,2024-08-02,2024-07-25,-0.024468479175654645,-0.048210372534696955,0.001537279016141424,0.008800000000000141,-0.039262672811059884,0.027034190299496386,0.013322591720157883,-0.06460875807609479,216521800.35,1
180102.SZ,2024-08-22,2024-08-23,2024-08-30,2024-08-22,-0.005647385202020128,-0.008937437934458892,0.049973698053656035,0.020500000000000185,-0.001650577702195677,0.022180563248263896,0.011427665633061624,-0.046859903381642476,9369004.4,3
180103.SZ,2024-08-22,2024-08-23,2024-08-30,2024-08-22,-0.003412857579412676,-0.04202334630350202,-0.004850444624090566,-0.0020500000000001073,-0.01836087797292707,0.013606083670678837,0.012329271777224714,-0.06237966884867152,5508890.2,4
180501.SZ,2024-08-22,2024-08-23,2024-08-30,2024-08-22,-0.022830921298140572,-0.011513157894736836,0.002334889926617567,0.009199999999999875,-0.009786799354137177,0.054728500758830734,0.01699290219834343,-0.05771725032425423,13351504.75,0
508027.SH,2024-08-22,2024-08-23,2024-08-30,2024-08-22,-0.006596310539999983,-0.0059676044330776445,0.07169117647058831,0.05675000000000052,0.00770615772416261,0.052122430628873895,0.00743054799021512,-0.01606086221470837,20375679.25,2
508021.SH,2024-08-22,2024-08-23,2024-08-30,2024-08-22,-0.007873885070577846,-0.01743810548977387,0.03094646487463315,0.04389999999999983,-0.007167796038677676,0.022203197616241566,0.009094526487558124,-0.030586236193712812,17943459.0,1
508058.SH,2024-08-22,2024-08-23,2024-08-30,2024-08-22,-0.0009013881568628035,-0.015444015444015413,0.02314814814814814,0.03174999999999928,-0.009693946138105036,0.0708184939540637,0.008938137766581247,-0.032191376255168325,13112882.65,5
180102.SZ,2024-08-29,2024-08-30,2024-09-06,2024-08-29,0.0044860955470740205,-0.01352705410821653,-0.002532928064843065,0.014250000000000096,-0.02212510243102983,0.028756088422630333,0.010936120344821542,-0.02524752475247527,8079466.55,6
180501.SZ,2024-08-29,2024-08-30,2024-09-06,2024-08-29,-0.01158964774408533,-0.0013311148086522229,0.00941809619912548,0.003450000000000397,-0.012227836018629867,0.04460018566696866,0.016421449354899753,-0.04470742932281402,13515354.6,2
508027.SH,2024-08-29,2024-08-30,2024-09-06,2024-08-29,-0.01493556702868859,-0.0260148656375071,0.005014749262536755,0.010950000000000237,-0.021595543047498778,0.050358193198099865,0.009218790264198824,-0.047416240772288454,20263073.25,1
512200.SH,2024-08-29,2024-08-30,2024-09-06,2024-08-29,0.02992983219227341,-0.029565217391304133,1.5953488372093028,0.17659999999999998,0.18641365013554467,0.5571097500413837,0.3809412795972598,-0.06091370558375642,135789034.25,7
508000.SH,2024-08-29,2024-08-30,2024-09-06,2024-08-29,0.0017442653479282644,-0.008403361344537785,0.036741214057508076,0.029900000000000038,-0.0020374428170528702,0.039771364617475324,0.008743034556675076,-0.024828113063407153,15828309.5,4
508021.SH,2024-08-29,2024-08-30,2024-09-06,2024-08-29,-0.01746095446319018,-0.00262927256792278,-0.005027322404371537,0.018050000000000566,-0.013651137594799523,0.023735581188997434,0.008687243668744384,-0.01279548904792871,16812718.5,0
508058.SH,2024-08-29,2024-08-30,2024-09-06,2024-08-29,0.0012188344767969372,0.0015082956259426794,-0.0077704722056185505,-0.0006999999999997009,-0.00799282886382302,0.05658481144534888,0.007245159547606995,-0.023830801310693928,13507141.0,3
180101.SZ,2024-08-29,2024-08-30,2024-09-06,2024-08-29,0.0024393198732894916,-0.044508950169327655,0.018041237113401998,0.012900000000000134,-0.02840978969376473,0.05048060359677531,0.01610828126024174,-0.04934687953555883,13165136.95,5
180102.SZ,2024-09-05,2024-09-06,2024-09-13,2024-09-05,0.008094973075742029,-0.007110208227526615,-0.03883972468043262,-0.017800000000000038,-0.020418389076788168,0.019210472558899516,0.008508651706079144,-0.031872509960159445,6513871.55,2
508000.SH,2024-09-05,2024-09-06,2024-09-13,2024-09-05,-0.011416764472361729,-0.008859784283513195,-0.02204484986697064,-0.006399999999999739,-0.008439631585032137,0.03433981066268066,0.0059881945415435804,-0.019208605455243832,12716361.35,0
516980.SH,2024-09-05,2024-09-06,2024-09-13,2024-09-05,-0.0005999099999999258,0.01285347043701801,-0.01622971285892638,-0.0019000000000000128,-0.00548999810689732,0.007352629571555802,0.01759476205333623,-0.05514705882352944,618215.95,1
512200.SH,2024-09-12,2024-09-13,2024-09-20,2024-09-12,0.07349506578111198,-0.027491408934707917,-0.05509181969949917,0.023900000000000032,-0.011871508379888263,0.5968034195976395,0.017753522959783774,-0.03839590443686003,123725858.0,1
508088.SH,2024-09-12,2024-09-13,2024-09-20,2024-09-12,0.0037131606720099963,-0.012428008487420539,-0.013026355649803034,-0.005250000000000199,-0.009365117976161463,0.01635308236287858,0.0034704303716738493,-0.016601267733172387,12718071.95,0
160140.SZ,2024-09-26,2024-09-27,2024-09-30,2024-09-26,-0.0013639773470948136,-0.029282576866764165,-0.0045045045045043475,0.0061500000000001,-0.010373908500634355,0.04095505690720058,0.009625294815803848,-0.03282275711159732,13232438.7,0
161226.SZ,2024-10-10,2024-10-11,2024-10-18,2024-10-10,0.030083426096491284,-0.04055496264674496,0.03096330275229353,0.006050000000000111,0.007847533632286963,-0.015017667844522853,0.01710232191593964,-0.04268943436499473,53141901.25,1
159687.SZ,2024-10-10,2024-10-11,2024-10-18,2024-10-10,0.0009640964006261132,-0.0031372549019608176,0.015175718849840258,0.005149999999999988,0.024834704079987002,-0.01045240564908645,0.011806786981205141,-0.01631701631701643,25288588.55,0
159601.SZ,2024-10-17,2024-10-18,2024-10-25,2024-10-17,0.032427999951040176,-0.05658198614318699,0.17385057471264376,0.03369999999999995,0.043222881951094916,0.05304558289632921,0.034756297232576214,-0.1186623516720604,169925413.0,49
159602.SZ,2024-10-17,2024-10-18,2024-10-25,2024-10-17,0.03706592253768859,-0.05443786982248522,0.1479885057471264,0.02915000000000012,0.04287672126868092,0.0384954252795664,0.03360683481610863,-0.10825892857142849,22828569.75,74
159603.SZ,2024-10-17,2024-10-18,2024-10-25,2024-10-17,0.1226306806288533,-0.09645232815964522,0.2854889589905363,0.05109999999999992,0.0742058784763413,0.08979914294606295,0.07506612003970767,-0.23831775700934577,50949036.5,300
159605.SZ,2024-10-17,2024-10-18,2024-10-25,2024-10-17,0.019861945290948313,-0.0687936191425721,0.24866310160427818,0.05339999999999989,0.05703938433680422,0.09528138170399103,0.034750388218784144,-0.084313725490196,2105496459.55,22
159606.SZ,2024-10-17,2024-10-18,2024-10-25,2024-10-17,0.05237182621908154,-0.051396648044692794,0.16301369863013693,0.032850000000000046,0.04286942636039792,0.05654092403530031,0.03672060574333776,-0.12474226804123723,17183222.95,135
159607.SZ,2024-10-17,2024-10-18,2024-10-25,2024-10-17,0.01895357002173914,-0.06552419354838701,0.24932614555256083,0.053100000000000036,0.05882352941176472,0.09451181397674735,0.03461541268320486,-0.08126858275520299,675569298.3,18
159610.SZ,2024-10-17,2024-10-18,2024-10-25,2024-10-17,0.0629529635536159,-0.0452380952380953,0.19345238095238093,0.033849999999999936,0.06232200808000532,0.047935222672064626,0.042163160320424525,-0.1357758620689654,22600793.35,175
159619.SZ,2024-10-17,2024-10-18,2024-10-25,2024-10-17,0.030631342812500018,-0.050147492625368884,0.22433460076045608,0.0462499999999999,0.07303526798111637,0.02684257551850666,0.038378737407475945,-0.09266409266409259,28042562.55,43
159623.SZ,2024-10-17,2024-10-18,2024-10-25,2024-10-17,0.09097858430278905,-0.03792667509481673,0.20221169036334907,0.03484999999999994,0.06927076015174927,0.04518308204425292,0.03786675709859228,-0.11305361305361317,8050903.15,248
159631.SZ,2024-10-17,2024-10-18,2024-10-25,2024-10-17,0.057260095210525996,-0.0634765625,0.1781326781326782,0.040100000000000136,0.044491640799433574,0.052843819279871695,0.03824902149755609,-0.1305530371713508,10929228.0,156
159635.SZ,2024-10-17,2024-10-18,2024-10-25,2024-10-17,0.02277786988304098,-0.050000000000000044,0.2272727272727273,0.04849999999999988,0.0760920866327548,0.026871297792137705,0.04095624102012083,-0.0974499089253188,16186942.8,26
159636.SZ,2024-10-17,2024-10-18,2024-10-25,2024-10-17,0.05751681382139173,-0.0622568093385214,0.26178010471204183,0.051999999999999935,0.07212367235722628,0.11741922120961057,0.03220542788611565,-0.09108159392789372,199671388.25,157
159639.SZ,2024-10-17,2024-10-18,2024-10-25,2024-10-17,0.07984293489768102,-0.06970849176172378,0.15047021943573657,0.02695000000000003,0.02995860520592153,0.04468604935255316,0.037877920630104554,-0.13748531139835496,16121254.8,230
159642.SZ,2024-10-17,2024-10-18,2024-10-25,2024-10-17,0.0742214871122997,-0.07231920199501252,0.1446153846153846,0.026249999999999885,0.026490066225165476,0.042652664892469216,0.03888511328299187,-0.14285714285714302,1311845.85,214
159643.SZ,2024-10-17,2024-10-18,2024-10-25,2024-10-17,0.07602076356666654,-0.1040118870728084,0.16860465116279055,0.025050000000000128,0.036438638707459337,0.04449298345351749,0.04221373099791951,-0.1601671309192202,10480216.5,220
159663.SZ,2024-10-17,2024-10-18,2024-10-25,2024-10-17,0.09749363232101627,-0.0637837837837838,0.1562082777036049,0.031649999999999956,0.04988785839849674,0.057680800136775456,0.041491783135820706,-0.14342235410484683,7967229.15,261
159703.SZ,2024-10-17,2024-10-18,2024-10-25,2024-10-17,0.1333584794885363,-0.08548387096774179,0.19117647058823528,0.024499999999999966,0.04343025395656985,0.060568603213844385,0.043728890825188035,-0.15875370919881304,7226398.55,315
159706.SZ,2024-10-17,2024-10-18,2024-10-25,2024-10-17,0.0721647325111443,-0.07808219178082187,0.21043165467625902,0.03254999999999997,0.04755233870340114,0.07092848808134655,0.043483017975124244,-0.16397515527950313,4538785.2,207
159712.SZ,2024-10-17,2024-10-18,2024-10-25,2024-10-17,0.015634000091370837,-0.03550295857988173,0.1546635182998819,0.035599999999999854,0.03810635813607899,0.06735399082308957,0.02100079458854749,-0.04961089494163429,7525231.2,15
159720.SZ,2024-10-17,2024-10-18,2024-10-25,2024-10-17,0.0838088813851352,-0.0866873065015481,0.20408163265306123,0.028100000000000014,0.05131860299358504,0.08040813707245098,0.040186883287230316,-0.1336270190895743,1554548.3,242
159729.SZ,2024-10-17,2024-10-18,2024-10-25,2024-10-17,0.05818833058823514,-0.05655172413793097,0.3359375,0.04344999999999999,0.0992366412213741,0.12910542551261095,0.04099456642981969,-0.12708600770218226,2646541.5,163
159732.SZ,2024-10-17,2024-10-18,2024-10-25,2024-10-17,0.08154256315068498,-0.05290322580645168,0.19543973941368087,0.03170000000000006,0.07679894373945562,0.04119039739314179,0.042711478432084324,-0.12019230769230782,127063875.9,238
159735.SZ,2024-10-17,2024-10-18,2024-10-25,2024-10-17,0.05208164513178315,-0.06502890173410414,0.2003710575139146,0.03004999999999991,0.04295961956959782,0.10225657427149959,0.035713856007049814,-0.08380681818181823,91893095.75,133
159743.SZ,2024-10-17,2024-10-18,2024-10-25,2024-10-17,0.1088519903389833,-0.051980198019802026,0.19874804381846634,0.03254999999999997,0.07508771929824554,0.05228178998670807,0.040943133074511986,-0.11445086705202312,215461.45,275
159747.SZ,2024-10-17,2024-10-18,2024-10-25,2024-10-17,0.037061306626838375,-0.06740614334470985,0.23642533936651589,0.06005000000000016,0.05542680571649283,0.11426726920593944,0.03391016173837007,-0.09219269102990035,112528241.8,73
159752.SZ,2024-10-17,2024-10-18,2024-10-25,2024-10-17,0.176285061681416,-0.09181636726546905,0.1636828644501278,0.01910000000000006,0.03081105573176246,0.059021113243762136,0.04600008071388847,-0.17422867513611617,13270026.6,327
159755.SZ,2024-10-17,2024-10-18,2024-10-25,2024-10-17,0.13553099926910317,-0.09687034277198214,0.20958083832335328,0.02859999999999996,0.04735568613895613,0.08585905977291919,0.048387041940596655,-0.16528925619834722,135610611.05,320
159757.SZ,2024-10-17,2024-10-18,2024-10-25,2024-10-17,0.12332570116000019,-0.09618874773139752,0.20581113801452777,0.023350000000000037,0.046548282021645404,0.0839819279395575,0.04942804420431802,-0.16582914572864338,13891415.8,302
159760.SZ,2024-10-17,2024-10-18,2024-10-25,2024-10-17,0.05300113288927344,-0.09076682316118945,0.15277777777777768,0.02069999999999994,0.036482026581036386,0.03837604198826794,0.04283506738104147,-0.15918958031837926,1806628.5,138
159761.SZ,2024-10-17,2024-10-18,2024-10-25,2024-10-17,0.1340561021263158,-0.07421875,0.19999999999999996,0.021300000000000097,0.048440610484405955,0.06343108044535062,0.04358092988495419,-0.15508021390374338,8313853.2,317
159763.SZ,2024-10-17,2024-10-18,2024-10-25,2024-10-17,0.11723328838427949,-0.0767676767676767,0.19010416666666674,0.01959999999999995,0.053116718515958006,0.058500691113098524,0.04200786476603955,-0.14097744360902253,618366.0,287
159767.SZ,2024-10-17,2024-10-18,2024-10-25,2024-10-17,0.12940335373983736,-0.09506398537477156,0.20731707317073167,0.022799999999999987,0.04695431472081224,0.08303745275455254,0.04812727930304304,-0.16526138279932556,5288517.15,312
159770.SZ,2024-10-17,2024-10-18,2024-10-25,2024-10-17,0.06965920680057369,-0.06191117092866749,0.21640488656195456,0.031850000000000045,0.0695105109713059,0.0739947264337506,0.043914609151068415,-0.1400247831474597,25338744.05,198
159775.SZ,2024-10-17,2024-10-18,2024-10-25,2024-10-17,0.12677461127451006,-0.10035211267605637,0.20235294117647062,0.023550000000000015,0.04584527220630363,0.0830901097277128,0.04737535523534692,-0.16503267973856206,3869884.6,307
159778.SZ,2024-10-17,2024-10-18,2024-10-25,2024-10-17,0.07689367986631046,-0.06608478802992523,0.21986970684039098,0.03599999999999992,0.06672363455102204,0.057985936715218456,0.04175575851229835,-0.13510392609699773,2739484.75,224
159780.SZ,2024-10-17,2024-10-18,2024-10-25,2024-10-17,0.11864669164772734,-0.09847198641765709,0.2919708029197079,0.03359999999999996,0.08091603053435126,0.08904489192684273,0.0753897359897543,-0.2318840579710144,230267822.55,291
159781.SZ,2024-10-17,2024-10-18,2024-10-25,2024-10-17,0.11955697104961849,-0.09948542024013729,0.2867647058823528,0.032999999999999974,0.07891491985203447,0.08769838313091438,0.0740637796877204,-0.2279411764705881,343353033.9,293
159782.SZ,2024-10-17,2024-10-18,2024-10-25,2024-10-17,0.11910010077946764,-0.09914529914529924,0.2822384428223843,0.032900000000000096,0.07715891670924879,0.0866587695269121,0.07500620011389733,-0.22953216374268992,94407330.45,292
159783.SZ,2024-10-17,2024-10-18,2024-10-25,2024-10-17,0.1224322980492425,-0.09863945578231303,0.2832929782082325,0.03334999999999999,0.08086060976853271,0.08556564091210994,0.07228719930146157,-0.21828908554572257,145359174.15,299
159790.SZ,2024-10-17,2024-10-18,2024-10-25,2024-10-17,0.1256588202313167,-0.08482871125611735,0.11976047904191622,0.018099999999999894,0.018981018981019115,0.03900229610291572,0.045001474950919905,-0.17256637168141586,48308350.0,304
159795.SZ,2024-10-17,2024-10-18,2024-10-25,2024-10-17,0.06715602830508471,-0.05868814729574212,0.21185185185185196,0.03805000000000003,0.0736317101981887,0.06718647866280714,0.039558326323937215,-0.11987041036717061,3988783.95,188
159796.SZ,2024-10-17,2024-10-18,2024-10-25,2024-10-17,0.13543458500907435,-0.10032362459546917,0.20607375271149686,0.026050000000000018,0.049948069115286486,0.08447675609256611,0.046413463709960495,-0.15372907153729065,26714766.8,319
159797.SZ,2024-10-17,2024-10-18,2024-10-25,2024-10-17,0.07298376463186096,-0.0856793145654835,0.13010590015128587,0.02429999999999999,0.03713988198542162,0.029933983174050827,0.04564030909481194,-0.16161616161616166,1484010.0,209
159806.SZ,2024-10-17,2024-10-18,2024-10-25,2024-10-17,0.11624018402922753,-0.09262759924385633,0.21212121212121215,0.02315000000000006,0.048607318405242905,0.08578770508005529,0.04695497966668714,-0.16521739130434787,30568535.25,284
159807.SZ,2024-10-17,2024-10-18,2024-10-25,2024-10-17,0.10124978070063695,-0.07465618860510803,0.22976501305483032,0.024300000000000044,0.07350427350427347,0.06179163473561067,0.0444651484140389,-0.13577981651376148,99727410.7,264
159824.SZ,2024-10-17,2024-10-18,2024-10-25,2024-10-17,0.11225751512925197,-0.08933002481389585,0.21724709784411278,0.03539999999999999,0.05180196317260166,0.0856690953405761,0.0461118931975606,-0.15535097813578824,11056175.25,279
159828.SZ,2024-10-17,2024-10-18,2024-10-25,2024-10-17,0.09207628882205521,-0.10313901345291476,0.18694362017804145,0.01789999999999997,0.041938004688721,0.05380181169365894,0.047478567874693754,-0.17355371900826444,97933107.9,251
159835.SZ,2024-10-17,2024-10-18,2024-10-25,2024-10-17,0.044827366818182,-0.08862876254180596,0.16204690831556512,0.02034999999999998,0.0370088478736561,0.05320641282565153,0.04178193742739535,-0.15372670807453415,5449807.3,109
159837.SZ,2024-10-17,2024-10-18,2024-10-25,2024-10-17,0.0693355364785555,-0.09959349593495936,0.1566579634464751,0.01674999999999993,0.03444249854057224,0.04557477110885033,0.0437638696263085,-0.16572504708097935,30716224.05,194
159838.SZ,2024-10-17,2024-10-18,2024-10-25,2024-10-17,0.05698634053903362,-0.08658743633276733,0.14957264957264949,0.01980000000000004,0.032431395125695595,0.04393989983305513,0.045630497480563414,-0.17484662576687116,6621294.95,154
159839.SZ,2024-10-17,2024-10-18,2024-10-25,2024-10-17,0.09640068697058823,-0.10909090909090902,0.1827586206896552,0.01475000000000004,0.03688029020556227,0.0428203646298535,0.04536189214552866,-0.17349397590361448,32138858.95,259
159840.SZ,2024-10-17,2024-10-18,2024-10-25,2024-10-17,0.13389492612836484,-0.09176029962546828,0.2094763092269325,0.022999999999999965,0.048988861252297955,0.08583842179426959,0.049034237505759345,-0.16666666666666674,67574974.35,316
159841.SZ,2024-10-17,2024-10-18,2024-10-25,2024-10-17,0.058427793890020174,-0.045498547918683574,0.33967391304347827,0.06690000000000007,0.09928089637103521,0.1390564480284464,0.04666702998965703,-0.14372822299651578,414194881.65,164
159842.SZ,2024-10-17,2024-10-18,2024-10-25,2024-10-17,0.056117511937377795,-0.039436619718309696,0.32341526520051755,0.06654999999999978,0.09353287012292921,0.13261229266717778,0.047200510896781005,-0.1460767946577628,209324368.45,151
159847.SZ,2024-10-17,2024-10-18,2024-10-25,2024-10-17,0.09934009900000018,-0.09879518072289162,0.1873015873015873,0.016649999999999998,0.044838664617963264,0.05310385407472795,0.044879368846775944,-0.1633109619686801,26468440.0,262
159848.SZ,2024-10-17,2024-10-18,2024-10-25,2024-10-17,0.053640048695150044,-0.05245901639344264,0.32975460122699385,0.05664999999999998,0.09732945196810516,0.1347120494039924,0.04609671738718785,-0.13758723828514463,9030220.9,140
159849.SZ,2024-10-17,2024-10-18,2024-10-25,2024-10-17,0.06373915158798282,-0.09883720930232553,0.15671641791044766,0.017449999999999966,0.03287427809862287,0.044789974472035476,0.04339368150070713,-0.1651705565529623,2649048.8,178
159856.SZ,2024-10-17,2024-10-18,2024-10-25,2024-10-17,0.06778009615789449,-0.038525963149078524,0.3256351039260972,0.0364000000000001,0.1046959199384141,0.12597515169026297,0.04173097266035974,-0.12326656394452995,7022295.35,190
159858.SZ,2024-10-17,2024-10-18,2024-10-25,2024-10-17,0.057759219343065826,-0.08361204013377921,0.16348195329087045,0.02080000000000004,0.0375840196913757,0.055104215222747666,0.04408451355484495,-0.16335877862595416,12668996.8,160
159859.SZ,2024-10-17,2024-10-18,2024-10-25,2024-10-17,0.09549625250000005,-0.1073170731707318,0.18446601941747565,0.015849999999999975,0.03888731195004258,0.04328512906569282,0.046226606692633655,-0.17381489841986464,123248491.15,255
159873.SZ,2024-10-17,2024-10-18,2024-10-25,2024-10-17,0.08005343059649106,-0.07766990291262121,0.16564417177914126,0.02234999999999987,0.052728783821220926,0.042419380715546184,0.045423116029501866,-0.1543026706231454,7361213.55,232
159883.SZ,2024-10-17,2024-10-18,2024-10-25,2024-10-17,0.08026441263485506,-0.08679245283018877,0.13084112149532712,0.016000000000000125,0.03485140047038682,0.031615322402764656,0.045634163304609704,-0.16551724137931045,51240976.25,233
159885.SZ,2024-10-17,2024-10-18,2024-10-25,2024-10-17,0.12240317800000011,-0.08307210031347967,0.12284069097888661,0.018749999999999933,0.020675215912064893,0.039287980899996855,0.044878313281664424,-0.1713881019830028,6607544.45,298
159886.SZ,2024-10-17,2024-10-18,2024-10-25,2024-10-17,0.12649916436412312,-0.08880778588807792,0.16666666666666674,0.03059999999999996,0.03047396299098848,0.062076859383371374,0.04363665034894172,-0.16125419932810747,6926730.4,306
159888.SZ,2024-10-17,2024-10-18,2024-10-25,2024-10-17,0.07419926513513508,-0.056974459724950854,0.21212121212121215,0.04449999999999987,0.0740057056553114,0.06753851666069477,0.03989701142197456,-0.12235510579576803,9559616.45,212
159889.SZ,2024-10-17,2024-10-18,2024-10-25,2024-10-17,0.0828850854116221,-0.05580865603644636,0.21198830409356728,0.03865000000000007,0.07327809425168308,0.06596743030637575,0.04016607054121657,-0.12314225053078554,3976842.4,241
159891.SZ,2024-10-17,2024-10-18,2024-10-25,2024-10-17,0.06896390136890962,-0.08842105263157907,0.163978494623656,0.01699999999999996,0.046525679758308236,0.04201645399597065,0.045188857872962236,-0.16085271317829464,3374189.95,193
159901.SZ,2024-10-17,2024-10-18,2024-10-25,2024-10-17,0.06992379446415087,-0.07015082427218522,0.21717171717171713,0.13044999999999973,0.05344724816212998,0.0712917370265782,0.04553417994472051,-0.16319444444444453,311258186.8,199
159903.SZ,2024-10-17,2024-10-18,2024-10-25,2024-10-17,0.07439722997470488,-0.05709754163362413,0.2270381836945301,0.05750000000000011,0.07011070110701101,0.06764677620832127,0.044030432331409394,-0.14089595375722552,51666380.5,215
159906.SZ,2024-10-17,2024-10-18,2024-10-25,2024-10-17,0.0959661056810246,-0.0683297180043384,0.28785607196401797,0.05345000000000011,0.08548682630947102,0.10968028419182962,0.04454556752297936,-0.1323232323232323,5456928.35,257
159910.SZ,2024-10-17,2024-10-18,2024-10-25,2024-10-17,0.023659682855782904,-0.048938134810710965,0.2110523221634335,0.09299999999999997,0.05557121262586162,0.060634607197529,0.0427830457546226,-0.1409507923269392,2488925.75,28
159920.SZ,2024-10-17,2024-10-18,2024-10-25,2024-10-17,0.017290083474369666,-0.03915426781519171,0.17304015296367115,0.049650000000000194,0.04398876882498093,0.07375826049882783,0.025607498945835517,-0.0532407407407407,1845747448.95,16
159931.SZ,2024-10-17,2024-10-18,2024-10-25,2024-10-17,0.014593672449324302,-0.0011286681715575453,0.24560168895144274,0.08714999999999984,0.07409430183870391,0.08315896716803772,0.04449100266754858,-0.138671875,16915205.7,12
159936.SZ,2024-10-17,2024-10-18,2024-10-25,2024-10-17,0.065361604536883,-0.05900783289817235,0.16785482825664277,0.06970000000000032,0.03423537176801439,0.0746954510408635,0.031237309616163913,-0.11753183153770808,4286100.4,185
159954.SZ,2024-10-17,2024-10-18,2024-10-25,2024-10-17,0.02499448254878045,-0.0375146541617819,0.19854014598540148,0.036250000000000004,0.05438900661401136,0.0758796978629328,0.027091598720191363,-0.051044083526682105,28984113.25,31
159957.SZ,2024-10-17,2024-10-18,2024-10-25,2024-10-17,0.10636951859327204,-0.08927335640138423,0.3199598796389167,0.08689999999999998,0.08571900008250144,0.10660377358490569,0.07443755180634937,-0.2331002331002332,88472930.0,272
159959.SZ,2024-10-17,2024-10-18,2024-10-25,2024-10-17,0.03604945860366704,-0.06762967826657929,0.1516626115166262,0.05095000000000005,0.03956953036348332,0.026811330919478182,0.03958030997331681,-0.12453760789149204,38986817.3,66
159960.SZ,2024-10-17,2024-10-18,2024-10-25,2024-10-17,0.02915219010825454,-0.030183727034120755,0.1861958266452648,0.03049999999999997,0.05571428571428583,0.0658816363820931,0.022978953575726612,-0.03901170351105332,13751582.5,39
159965.SZ,2024-10-17,2024-10-18,2024-10-25,2024-10-17,-0.007540188402777703,-0.03774879890185312,0.17815126050420171,0.05459999999999998,0.05907236742710387,0.04862367152947367,0.029234756945621068,-0.0776315789473685,2072282.4,1
159967.SZ,2024-10-17,2024-10-18,2024-10-25,2024-10-17,0.08906180485776805,-0.06557377049180335,0.2881355932203389,0.028500000000000025,0.08882521489971329,0.08217054263565915,0.07068409494481095,-0.20557491289198615,390816152.0,245
159974.SZ,2024-10-17,2024-10-18,2024-10-25,2024-10-17,0.03269208531069845,-0.05850422195416172,0.1528803545051698,0.055749999999999966,0.04512587038028926,0.019626582926579594,0.03205077542942252,-0.08392018779342736,8278492.05,50
159975.SZ,2024-10-17,2024-10-18,2024-10-25,2024-10-17,0.06933969114180494,-0.07337883959044378,0.2120535714285714,0.02634999999999993,0.05212168184460375,0.07093204219263338,0.04444739159095315,-0.1594427244582043,6041057.1,195
159993.SZ,2024-10-17,2024-10-18,2024-10-25,2024-10-17,0.05448513433070867,-0.036195286195286114,0.34232121922626035,0.07665,0.10847572486567603,0.1330968791707039,0.045076732693451735,-0.12394797245600608,144779865.2,143
159994.SZ,2024-10-17,2024-10-18,2024-10-25,2024-10-17,0.07645134410430843,-0.05561497326203213,0.23152022315202214,0.045499999999999985,0.07919824003911025,0.04731834279131286,0.040706510259321274,-0.1158106747230615,39864398.75,221
159996.SZ,2024-10-17,2024-10-18,2024-10-25,2024-10-17,0.0781943046580853,-0.04528012279355331,0.1950048030739675,0.052649999999999864,0.04498298962577185,0.08683810103469258,0.03364710243355382,-0.10952040085898351,171925811.05,227
160225.SZ,2024-10-17,2024-10-18,2024-10-25,2024-10-17,0.09039977870607019,-0.086797957695113,0.20849420849420874,0.05740000000000012,0.04848840130642307,0.08385398544695422,0.0431263550422375,-0.1517615176151761,796096.15,247
160625.SZ,2024-10-17,2024-10-18,2024-10-25,2024-10-17,0.04243645751196179,-0.03352601156069368,0.28220858895705514,0.04794999999999994,0.08206057468288908,0.1217422867513609,0.043251601078856006,-0.14431934493346987,682076.7,100
160706.SZ,2024-10-17,2024-10-18,2024-10-25,2024-10-17,0.04091518998986832,-0.0500481231953801,0.16666666666666674,0.03774999999999995,0.04877271278291362,0.043772413028208,0.03206047435828741,-0.1059782608695653,9363116.35,93
160716.SZ,2024-10-17,2024-10-18,2024-10-25,2024-10-17,0.010689973138507058,-0.007797270955165692,0.18028985507246387,0.07955000000000001,0.06407442249398976,0.037551175338231824,0.0265641487019562,-0.06837209302325575,521298.1,9
160717.SZ,2024-10-17,2024-10-18,2024-10-25,2024-10-17,0.019700404328125032,-0.03469079939668174,0.18959107806691455,0.02695000000000003,0.05349794238683114,0.07328995023703677,0.02383568083140205,-0.04761904761904767,1281529.1,20
161026.SZ,2024-10-17,2024-10-18,2024-10-25,2024-10-17,0.038810204772497636,-0.0444444444444444,0.1594372801875732,0.036049999999999804,0.04390964745619619,0.03138948361577798,0.031202681636268825,-0.10335448776065281,1165584.15,83
161027.SZ,2024-10-17,2024-10-18,2024-10-25,2024-10-17,0.05813075150832514,-0.030245746691871744,0.33073929961089465,0.06659999999999999,0.10364115527348994,0.12938103626313535,0.04546932212392259,-0.13050847457627135,6740595.25,162
161028.SZ,2024-10-17,2024-10-18,2024-10-25,2024-10-17,0.10437909105042031,-0.08928571428571441,0.20404721753794264,0.03255000000000008,0.04799647732276524,0.07883138476155294,0.045580665251362104,-0.15801886792452846,2351801.55,268
161720.SZ,2024-10-17,2024-10-18,2024-10-25,2024-10-17,0.0488925358123371,-0.019574468085106544,0.33487833140208556,0.07459999999999989,0.10758580905682136,0.129295524872876,0.0458152913339833,-0.1409193669932176,10108919.35,123
161726.SZ,2024-10-17,2024-10-18,2024-10-25,2024-10-17,0.0895316631034484,-0.09976247030878871,0.17337461300309598,0.015550000000000008,0.03736143424113858,0.03959973442094289,0.04367949281631009,-0.16519823788546262,4573753.35,246
161831.SZ,2024-10-17,2024-10-18,2024-10-25,2024-10-17,0.017434377338346074,-0.036231884057971064,0.2112932604735882,0.030649999999999955,0.06425542130111239,0.08167916907097506,0.02619786695910565,-0.050287356321839116,1078745.25,17
162412.SZ,2024-10-17,2024-10-18,2024-10-25,2024-10-17,0.07546062782300877,-0.08723747980613883,0.17463617463617465,0.02344999999999997,0.04282022886674053,0.04898354307841246,0.04489143451007627,-0.16666666666666663,2128766.45,219
162703.SZ,2024-10-17,2024-10-18,2024-10-25,2024-10-17,0.12269772562452097,-0.050909090909090904,0.20387453874538752,0.0585500000000001,0.07837871338263835,0.044012768160119675,0.04183568288042005,-0.11488783140720582,9051816.0,301
163109.SZ,2024-10-17,2024-10-18,2024-10-25,2024-10-17,0.06369972814338243,-0.054101221640488695,0.2098214285714286,0.023800000000000154,0.06014669926650362,0.06204341654260315,0.043653034613604244,-0.1451104100946372,628914.75,177
163113.SZ,2024-10-17,2024-10-18,2024-10-25,2024-10-17,0.04909998636756763,-0.021164021164021163,0.33670520231213863,0.06019999999999992,0.10745285842562113,0.1293012145931447,0.04473938669295193,-0.1324503311258277,5123619.3,124
163402.SZ,2024-10-17,2024-10-18,2024-10-25,2024-10-17,0.03849227039115655,-0.034257748776509,0.16535433070866135,0.02110000000000012,0.05413105413105379,0.03159441587068357,0.03358993432076321,-0.1057401812688823,6642456.9,81
163406.SZ,2024-10-17,2024-10-18,2024-10-25,2024-10-17,0.06844447863224024,-0.06952566601689425,0.18641259320629655,0.060899999999999954,0.04640116916331749,0.049060942889996184,0.03975598199262416,-0.14251497005988023,8954144.8,191
163412.SZ,2024-10-17,2024-10-18,2024-10-25,2024-10-17,0.0467722655198779,-0.031469825990373956,0.1373913043478261,0.08079999999999954,0.04335340804849852,0.022580820576959537,0.03080906353726715,-0.09637305699481857,638673.3,117
163415.SZ,2024-10-17,2024-10-18,2024-10-25,2024-10-17,0.07192959700282753,-0.054005934718101,0.1716280779125321,0.12454999999999972,0.051572575989972336,0.04264612315787675,0.03198908583918429,-0.10675259176239849,4259737.65,206
163417.SZ,2024-10-17,2024-10-18,2024-10-25,2024-10-17,0.05978680238670697,-0.05965909090909116,0.18214285714285694,0.05554999999999999,0.04552453902949405,0.05088379297944745,0.03469542291113451,-0.11968085106382986,29234685.55,169
163418.SZ,2024-10-17,2024-10-18,2024-10-25,2024-10-17,0.03610593637729553,-0.05714285714285716,0.13142857142857123,0.018749999999999933,0.03071317022384168,0.03174792623978018,0.028474493830199968,-0.10000000000000009,1036802.65,67
165516.SZ,2024-10-17,2024-10-18,2024-10-25,2024-10-17,0.07758520201325947,-0.052210526315789374,0.19638586234387478,0.20465,0.061704812102774564,0.06644618538033042,0.04350220071812003,-0.13206092153460547,618180.55,225
166024.SZ,2024-10-17,2024-10-18,2024-10-25,2024-10-17,-0.00615830872080092,-0.042035398230088505,0.1671159029649596,0.031200000000000006,0.04633601159910583,0.04927419866038418,0.034185006534746515,-0.10662525879917195,302747.05,2
501009.SH,2024-10-17,2024-10-18,2024-10-25,2024-10-17,0.06486297799126639,-0.09263657957244653,0.1437125748502992,0.04169999999999985,0.03196758217019369,0.04137036400293814,0.04103607848799686,-0.15424354243542437,987042.5,183
501021.SH,2024-10-17,2024-10-18,2024-10-25,2024-10-17,0.019634422808098684,-0.03647158608990664,0.1932773109243695,0.04805000000000015,0.056940826200223116,0.06676371335935971,0.031130778921990416,-0.07491856677524433,1134275.8,19
501029.SH,2024-10-17,2024-10-18,2024-10-25,2024-10-17,0.033406142211720447,-0.025751072961373467,0.14646464646464663,0.05190000000000006,0.047393052534440816,0.02556418085334089,0.02939299707992204,-0.07990735379270408,1744732.6,51
501030.SH,2024-10-17,2024-10-18,2024-10-25,2024-10-17,0.10374580705336456,-0.0267857142857143,0.19780219780219777,0.018900000000000028,0.07046403142646684,0.04996777658431806,0.030661340343882786,-0.072340425531915,475293.6,266
501043.SH,2024-10-17,2024-10-18,2024-10-25,2024-10-17,0.040127993354231783,-0.050670640834575176,0.17744916820702428,0.05159999999999987,0.047438954205377026,0.05110182918046946,0.04300786185126401,-0.1523619427811045,2374920.15,90
501050.SH,2024-10-17,2024-10-18,2024-10-25,2024-10-17,0.03190090593495931,-0.03687943262411353,0.17474048442906565,0.05224999999999991,0.05463441152487092,0.04528358047407721,0.0252274428503303,-0.05101327742837192,6539621.2,47
501057.SH,2024-10-17,2024-10-18,2024-10-25,2024-10-17,0.10394259941447359,-0.08927501497902934,0.1996842936069454,0.06950000000000012,0.04899930986887502,0.07849947898575893,0.04296450826967769,-0.14558740865654862,2064809.75,267
501058.SH,2024-10-17,2024-10-18,2024-10-25,2024-10-17,0.10597595472837051,-0.09118541033434657,0.20759289176090467,0.06900000000000017,0.048313582497720775,0.07977891070617349,0.04344977416397219,-0.14814814814814825,708519.65,269
501095.SH,2024-10-17,2024-10-18,2024-10-25,2024-10-17,0.1021221549250535,-0.07436399217221135,0.20050761421319807,0.021299999999999986,0.06495553304063928,0.025790061203279757,0.03888723833887164,-0.1058601134215501,254337.45,265
501203.SH,2024-10-17,2024-10-18,2024-10-25,2024-10-17,0.03952656789209552,-0.04091456077015643,0.15007215007215002,0.026899999999999924,0.04421880117916821,0.020046775810223627,0.033337339306296794,-0.11247216035634744,1026774.65,86
501207.SH,2024-10-17,2024-10-18,2024-10-25,2024-10-17,0.03379626900573629,-0.07321428571428579,0.19585253456221197,0.021999999999999964,0.06538027301652494,0.05561775434287952,0.041006594357504846,-0.12478920741989874,719190.15,54
501311.SH,2024-10-17,2024-10-18,2024-10-25,2024-10-17,0.05654067810538144,-0.05608465608465618,0.21360544217687072,0.041999999999999926,0.0553715097018459,0.10059248649000585,0.030196038429514883,-0.08615384615384625,761724.95,152
502056.SH,2024-10-17,2024-10-18,2024-10-25,2024-10-17,0.0817595268938196,-0.0971428571428572,0.17037037037037028,0.026200000000000112,0.03768163533371638,0.05020692033567076,0.04549468696731803,-0.16842105263157892,350968.1,239
506000.SH,2024-10-17,2024-10-18,2024-10-25,2024-10-17,0.0819050818535827,-0.057352941176470607,0.23269230769230775,0.030999999999999917,0.08121784599814452,0.06331270738050376,0.07006380429583023,-0.21118012422360255,6807561.15,240
506002.SH,2024-10-17,2024-10-18,2024-10-25,2024-10-17,0.060222768508353175,-0.10934182590233543,0.24665676077265974,0.04569999999999996,0.07035784907826748,0.06291951996745526,0.06778485335401574,-0.2054924242424242,3429161.2,171
506005.SH,2024-10-17,2024-10-18,2024-10-25,2024-10-17,0.12927458664025382,-0.07500000000000007,0.2554890219560879,0.03259999999999996,0.0827093553662106,0.06580033634000881,0.06572937110995407,-0.19487179487179485,10217045.35,311
506006.SH,2024-10-17,2024-10-18,2024-10-25,2024-10-17,0.054573997101631244,-0.07276995305164313,0.19878603945371776,0.03479999999999994,0.0705332339589404,0.049615968139578914,0.06767289204327583,-0.19673802242609573,840535.45,144
510020.SH,2024-10-17,2024-10-18,2024-10-25,2024-10-17,0.02212132240387854,-0.08569685879841404,0.1807798345805438,0.12455000000000016,0.04729965765388111,0.04986613528282757,0.03945862315037394,-0.12210834553440697,2082753.85,24
510030.SH,2024-10-17,2024-10-18,2024-10-25,2024-10-17,0.008513160729483493,-0.020895522388059584,0.18411552346570392,0.03875000000000006,0.060401961312570585,0.040302690582959766,0.029996882421071156,-0.06994328922495285,4850607.6,8
510050.SH,2024-10-17,2024-10-18,2024-10-25,2024-10-17,0.028112136784530506,-0.04908835904628339,0.16846186988367085,0.10660000000000025,0.04726598702502316,0.04402515723270417,0.031716213311228064,-0.08932169241101429,4594212321.7,36
510060.SH,2024-10-17,2024-10-18,2024-10-25,2024-10-17,0.0079663764857143,-0.030878859857482288,0.15417256011315406,0.08555000000000001,0.04707115207767476,0.025341714786930813,0.035554151072255555,-0.10754648195406491,10145680.35,4
510160.SH,2024-10-17,2024-10-18,2024-10-25,2024-10-17,0.030820165380894604,-0.04282407407407407,0.1814285714285715,0.031500000000000083,0.056396499968065505,0.02606055310411115,0.02983879571074692,-0.07597765363128484,1344967.0,45
510180.SH,2024-10-17,2024-10-18,2024-10-25,2024-10-17,0.03519052515308907,-0.044148380355276906,0.17501605651894692,0.1451500000000001,0.053480169869718486,0.041126481917237445,0.032012916539685125,-0.09430693069306928,107046057.25,60
510310.SH,2024-10-17,2024-10-18,2024-10-25,2024-10-17,0.024497369553264647,-0.054445554445554545,1.3721804511278197,0.5634500000000005,0.213344870685511,0.4491678922517226,0.2266074220987589,-0.11604015876721929,3044143302.0,29
510350.SH,2024-10-17,2024-10-18,2024-10-25,2024-10-17,0.04467273089290402,-0.05662710187932751,0.13846612951357806,0.1264000000000003,0.03341324340064733,0.03437019879610892,0.03666036466045557,-0.11751098773999546,75822934.0,107
510390.SH,2024-10-17,2024-10-18,2024-10-25,2024-10-17,0.04629276284457462,-0.05296022201665107,0.18147720715522242,0.17010000000000014,0.049166047500704746,0.05043935390977872,0.03964355415854435,-0.1333333333333333,9945451.45,114
510660.SH,2024-10-17,2024-10-18,2024-10-25,2024-10-17,0.047313217801453034,-0.08177777777777784,0.13766519823788537,0.06675000000000031,0.029910269192422456,0.04416625458709622,0.043788946589504114,-0.16390125455281268,4173290.4,119
510680.SH,2024-10-17,2024-10-18,2024-10-25,2024-10-17,0.02880515782495352,-0.04753458673288413,0.16384915474642403,0.10334999999999939,0.04602917973391518,0.04217813206295906,0.03195594257285034,-0.0833048822123591,44187484.15,38
510710.SH,2024-10-17,2024-10-18,2024-10-25,2024-10-17,0.029642513569627438,-0.04852039456145041,0.16824877250409176,0.13985000000000092,0.046765702218767746,0.04452852153667064,0.03350849106634598,-0.09782608695652173,15563522.05,41
510900.SH,2024-10-17,2024-10-18,2024-10-25,2024-10-17,0.022089173124324235,-0.04343329886246128,0.19818652849740936,0.041449999999999876,0.05329082213618763,0.07585193049798877,0.027129238926438575,-0.05322415557830096,1020152692.1,23
510990.SH,2024-10-17,2024-10-18,2024-10-25,2024-10-17,0.025640046700913244,-0.041621029572836865,0.16666666666666674,0.03270000000000006,0.05092481383617575,0.03563654456122878,0.029941563573389174,-0.0913811007268952,5554784.7,33
512000.SH,2024-10-17,2024-10-18,2024-10-25,2024-10-17,0.057224588939247756,-0.028089887640449507,0.34455958549222765,0.06994999999999996,0.10619704800980423,0.135467086156825,0.04696726657364603,-0.13727121464226288,1469850208.1,155
512070.SH,2024-10-17,2024-10-18,2024-10-25,2024-10-17,0.04638586297331648,-0.02103960396039606,0.34752981260647364,0.05270000000000019,0.11345720720720709,0.14074668807707758,0.04504937456827454,-0.1233333333333333,357539267.6,116
512090.SH,2024-10-17,2024-10-18,2024-10-25,2024-10-17,0.0440399606866666,-0.048223350253807196,0.178318931657502,0.06085000000000007,0.052004067749061855,0.047161497221474225,0.03365535495888478,-0.11295091661738621,10402367.95,106
512160.SH,2024-10-17,2024-10-18,2024-10-25,2024-10-17,0.04482736681818178,-0.05532617671345996,0.1793814432989691,0.046499999999999986,0.052486314917889354,0.046905851191909376,0.03699535763791357,-0.12067640276710223,4780841.65,108
512170.SH,2024-10-17,2024-10-18,2024-10-25,2024-10-17,0.09561562661490708,-0.09999999999999998,0.1824817518248174,0.014300000000000035,0.044487427466150864,0.05128784455490276,0.044671997816530126,-0.16279069767441856,878801308.15,256
512260.SH,2024-10-17,2024-10-18,2024-10-25,2024-10-17,0.055186888761061814,-0.04474708171206221,0.1562009419152277,0.052400000000000224,0.04765291607396871,0.04585859337226195,0.038023798707578986,-0.12164579606440074,2177056.7,146
512290.SH,2024-10-17,2024-10-18,2024-10-25,2024-10-17,0.06405426248903523,-0.10029498525073755,0.14518147684605753,0.033500000000000085,0.028263190425352525,0.0463079093830836,0.04358564607386141,-0.16742493175614193,116333120.45,180
512380.SH,2024-10-17,2024-10-18,2024-10-25,2024-10-17,0.03456272021892115,-0.051608077786088224,0.17407407407407405,0.0504,0.04979923003684217,0.04388972113390199,0.03277422459784165,-0.10451977401129953,7674794.25,57
512520.SH,2024-10-17,2024-10-18,2024-10-25,2024-10-17,0.04311837915135586,-0.05459057071960283,0.17956656346749233,0.04655000000000009,0.04934588019279307,0.04745648620059617,0.03465765936083607,-0.12076923076923074,3818098.45,103
512580.SH,2024-10-17,2024-10-18,2024-10-25,2024-10-17,0.14217153142857142,-0.07352941176470584,0.14130434782608692,0.03275000000000006,0.033069144575020415,0.04017814839382172,0.043380989773704956,-0.1547406082289804,12716026.4,323
512650.SH,2024-10-17,2024-10-18,2024-10-25,2024-10-17,0.053738474424307014,-0.04276985743380857,0.19289340101522834,0.039449999999999874,0.05963251042723483,0.05607142857142855,0.040907164862831434,-0.1320406278855032,4885950.45,141
512750.SH,2024-10-17,2024-10-18,2024-10-25,2024-10-17,0.008028004446043235,-0.028030833917309095,0.19568965517241388,0.05844999999999989,0.06737465850936952,0.04252075895543328,0.031037998570423792,-0.07224848075624579,10562850.15,5
512960.SH,2024-10-17,2024-10-18,2024-10-25,2024-10-17,0.03472845139041647,-0.04925373134328359,0.14568345323741005,0.04270000000000018,0.040679627511844396,0.021883999499158424,0.026735821133691162,-0.09259259259259267,21026023.9,58
512970.SH,2024-10-17,2024-10-18,2024-10-25,2024-10-17,0.05762600828695641,-0.05863192182410426,0.1688574317492415,0.0475500000000002,0.05933562428407768,0.06635071090047395,0.040087553436047745,-0.12622826908541196,540809.55,159
512990.SH,2024-10-17,2024-10-18,2024-10-25,2024-10-17,0.042231522428571644,-0.04536979490366688,0.18518518518518534,0.06304999999999983,0.054619108105324665,0.0476047760621463,0.03516311322108265,-0.11724137931034484,4783992.85,99
513010.SH,2024-10-17,2024-10-18,2024-10-25,2024-10-17,0.0393095777870216,-0.0707692307692308,0.25571725571725556,0.03484999999999994,0.05946325206104208,0.11011586018888098,0.035619489790350775,-0.10119047619047628,1304108375.65,85
513020.SH,2024-10-17,2024-10-18,2024-10-25,2024-10-17,0.05790155868292679,-0.07045454545454544,0.24885496183206102,0.04519999999999991,0.05869410470458836,0.12100108813928179,0.03321450272644579,-0.09211986681465034,80661516.05,161
513050.SH,2024-10-17,2024-10-18,2024-10-25,2024-10-17,0.014391091350000274,-0.06288819875776397,0.20941883767535074,0.05689999999999995,0.051989366801760806,0.08031636928581509,0.03345916306426824,-0.07580398162327717,4218377149.75,11
513070.SH,2024-10-17,2024-10-18,2024-10-25,2024-10-17,0.049750094534220635,-0.07312775330396493,0.2261072261072259,0.053950000000000164,0.05100154852889727,0.10916780556273786,0.034532794287227345,-0.08202443280977334,41771029.5,126
513150.SH,2024-10-17,2024-10-18,2024-10-25,2024-10-17,0.061106390956416456,-0.07070707070707061,0.24137931034482762,0.044499999999999984,0.059026667519345155,0.1158127586699016,0.03219350273515095,-0.09110867178924253,24927205.55,172
513160.SH,2024-10-17,2024-10-18,2024-10-25,2024-10-17,0.029474629745370295,-0.05598243688254667,0.2647058823529411,0.046150000000000024,0.07945274256307266,0.0930918570350554,0.03670125700990558,-0.10229645093945727,42148443.05,40
513180.SH,2024-10-17,2024-10-18,2024-10-25,2024-10-17,0.036602800626057475,-0.06907378335949765,0.26980728051391845,0.035149999999999904,0.06472753388993624,0.11256492209348767,0.03628924681695069,-0.09878419452887544,6746163919.0,71
513260.SH,2024-10-17,2024-10-18,2024-10-25,2024-10-17,0.03667789087033735,-0.0684818481848185,0.2671156004489337,0.06619999999999981,0.06378969188730821,0.11309607047965287,0.03593988053681521,-0.0968,182667351.3,72
513320.SH,2024-10-17,2024-10-18,2024-10-25,2024-10-17,0.05230950652941169,-0.06764168190127962,0.22596153846153832,0.05160000000000009,0.05529977755936066,0.10496532276503312,0.030869450012539674,-0.08273381294964022,8231165.05,134
513550.SH,2024-10-17,2024-10-18,2024-10-25,2024-10-17,0.02576041347477087,-0.041712403951701504,0.15323645970937916,0.03225,0.036878674505611775,0.0685548692782807,0.02374808189402234,-0.05211726384364823,153598066.7,34
513600.SH,2024-10-17,2024-10-18,2024-10-25,2024-10-17,0.0080716742950111,-0.044509151414309334,0.15485168426344909,0.08465000000000034,0.03889642695612827,0.06565344172483889,0.026097909907210753,-0.05899221630479301,388695720.55,6
513660.SH,2024-10-17,2024-10-18,2024-10-25,2024-10-17,0.028733453534518505,-0.04133545310015907,0.16465475615644598,0.09210000000000029,0.04293682708522484,0.06587497887637705,0.024018545098273607,-0.0522593320235758,358371167.25,37
513860.SH,2024-10-17,2024-10-18,2024-10-25,2024-10-17,0.06615391280534366,-0.06737588652482274,0.24056603773584917,0.027800000000000047,0.059522610534797016,0.1159523452719915,0.03319645228380737,-0.09466437177280562,104837259.95,186
513890.SH,2024-10-17,2024-10-18,2024-10-25,2024-10-17,0.03991630986486494,-0.06610703043022037,0.27873563218390784,0.05349999999999999,0.07086993141619558,0.1192009875434854,0.0356648977940704,-0.08247422680412375,109408458.8,88
513900.SH,2024-10-17,2024-10-18,2024-10-25,2024-10-17,0.022277923385542353,-0.048054919908466776,0.16039051603905152,0.03200000000000003,0.03676012461059197,0.07933021003788321,0.024075291403645276,-0.06200676437429531,16737438.85,25
513980.SH,2024-10-17,2024-10-18,2024-10-25,2024-10-17,0.062219524228571466,-0.06902654867256641,0.2434988179669031,0.028250000000000053,0.059949622166246774,0.11566996402877705,0.0317749237436038,-0.09153713298791022,597753102.45,174
515010.SH,2024-10-17,2024-10-18,2024-10-25,2024-10-17,0.05694867587996755,-0.04853620955315885,0.3380281690140843,0.08165,0.10105647929389727,0.1352541286415545,0.04643135088096207,-0.1445448227936066,58036453.7,153
515030.SH,2024-10-17,2024-10-18,2024-10-25,2024-10-17,0.12125596994540522,-0.09730171708912505,0.20920043811610078,0.05325000000000002,0.04590024158021899,0.08489644894393322,0.046157062438059115,-0.1617312072892938,141315994.8,295
515110.SH,2024-10-17,2024-10-18,2024-10-25,2024-10-17,0.038337755844155996,-0.04869186046511642,0.1594331266607616,0.047150000000000025,0.04515150305401394,0.02661238541510147,0.03210515495880257,-0.10034364261168394,6944101.45,80
515120.SH,2024-10-17,2024-10-18,2024-10-25,2024-10-17,0.06666740374999991,-0.08421052631578951,0.16258351893095768,0.019499999999999962,0.03921958988652219,0.054476750288653175,0.04464914273637079,-0.16077170418006426,134186794.95,187
515160.SH,2024-10-17,2024-10-18,2024-10-25,2024-10-17,0.04313396752025911,-0.04552469135802484,0.18486590038314166,0.05049999999999999,0.05939279749925053,0.044783464566929165,0.037155260894967845,-0.11262553802008624,5325575.95,104
515200.SH,2024-10-17,2024-10-18,2024-10-25,2024-10-17,0.04020604523183402,-0.054569362261669974,0.21043771043771042,0.06525000000000003,0.072254119752442,0.058791020816337136,0.03935975595923233,-0.128834355828221,7192440.5,91
515250.SH,2024-10-17,2024-10-18,2024-10-25,2024-10-17,0.08492905432590869,-0.05402425578831316,0.21357850070721351,0.04014999999999991,0.07552491382011906,0.06731927039200802,0.040617446648882304,-0.12704918032786883,50190199.35,243
515300.SH,2024-10-17,2024-10-18,2024-10-25,2024-10-17,0.00587568453563736,-0.027310924369748024,0.061926605504587284,0.021950000000000136,0.023392890034997116,-0.007289749247254118,0.02773194849230508,-0.058983050847457474,51533818.9,3
515330.SH,2024-10-17,2024-10-18,2024-10-25,2024-10-17,0.04572989549668893,-0.053715308863026,0.18232662192393723,0.04465000000000008,0.04575810042047945,0.05268182607186267,0.0438002429264353,-0.15910898965791576,85190126.05,111
515350.SH,2024-10-17,2024-10-18,2024-10-25,2024-10-17,0.035143435308143234,-0.05105973025048183,0.1867469879518071,0.20775000000000077,0.05325064157399484,0.05055043810379711,0.03306660678454046,-0.11452714850773094,7479965.85,59
515530.SH,2024-10-17,2024-10-18,2024-10-25,2024-10-17,0.07388953770186357,-0.05108055009823176,0.20199087515553726,0.1273500000000003,0.062336186513682446,0.05929521405688787,0.03776178010100618,-0.12181818181818183,11912493.75,211
515580.SH,2024-10-17,2024-10-18,2024-10-25,2024-10-17,0.06994597870588248,-0.0625,0.17692307692307696,0.03125,0.06168898757893282,0.04604403580933947,0.03985189579238763,-0.1227064220183487,16724184.85,200
515600.SH,2024-10-17,2024-10-18,2024-10-25,2024-10-17,0.0389871679221685,-0.05486610058785113,0.1539074960127591,0.051549999999999985,0.044425998772961606,0.01996319018404913,0.03386466725301348,-0.09222082810539534,36581091.55,84
515630.SH,2024-10-17,2024-10-18,2024-10-25,2024-10-17,0.05083398220110835,-0.033664881407804104,0.31837160751565774,0.08079999999999998,0.09616386044089564,0.1351910540402963,0.04768479805201005,-0.1466216216216215,19569866.0,128
515660.SH,2024-10-17,2024-10-18,2024-10-25,2024-10-17,0.07097874509459445,-0.05223725286160252,0.18439531859557845,0.19235000000000024,0.049417566337523366,0.05193986675662687,0.03805297711290066,-0.13750000000000018,5064601.15,201
515680.SH,2024-10-17,2024-10-18,2024-10-25,2024-10-17,0.03438252280027476,-0.052631578947368585,0.15256916996047432,0.052100000000000035,0.04598608221536704,0.018114089547878187,0.033293210580819584,-0.08988764044943831,21724410.45,56
515700.SH,2024-10-17,2024-10-18,2024-10-25,2024-10-17,0.11790332205620291,-0.09876543209876543,0.20860927152317887,0.06969999999999987,0.045283694290316756,0.08571169467152062,0.047039013820134895,-0.163802978235968,89083495.9,288
515750.SH,2024-10-17,2024-10-18,2024-10-25,2024-10-17,0.10839506625838924,-0.052091554853985644,0.219289340101523,0.05665000000000009,0.08198198198198203,0.05825150157307668,0.03981233505778383,-0.10455563853622118,17669278.0,274
515770.SH,2024-10-17,2024-10-18,2024-10-25,2024-10-17,0.04486789070472774,-0.05480607082630684,0.17628541448058743,0.04559999999999986,0.050806149231346076,0.04574565416285448,0.03701081487106776,-0.11732283464566928,5821606.55,110
515800.SH,2024-10-17,2024-10-18,2024-10-25,2024-10-17,0.052054433584710846,-0.0490196078431373,0.19164619164619157,0.04129999999999989,0.05716309737888947,0.051994955285485034,0.038162014685789655,-0.11978221415607992,144733168.05,132
515810.SH,2024-10-17,2024-10-18,2024-10-25,2024-10-17,0.05251620271463642,-0.05193798449612419,0.1966731898238745,0.05274999999999985,0.05408317173023036,0.05727173318753431,0.042042940981118944,-0.15010423905489934,10546337.35,136
515860.SH,2024-10-17,2024-10-18,2024-10-25,2024-10-17,0.06121865226804135,-0.07778738115816775,0.19753086419753085,0.04815000000000025,0.05372308907762169,0.05354789484636213,0.04416250969395272,-0.15518606492478226,2714526.8,173
515880.SH,2024-10-17,2024-10-18,2024-10-25,2024-10-17,0.10608644183673466,-0.05419450631031919,0.2714570858283434,0.07530000000000014,0.08596513659804783,0.06904302659356376,0.03946839856246209,-0.11422564821303438,209767494.05,270
515900.SH,2024-10-17,2024-10-18,2024-10-25,2024-10-17,0.03821174398058269,-0.04730617608409993,0.1489698890649762,0.050899999999999945,0.044706221405670155,0.0201014258415404,0.03139419188679654,-0.09431605246720798,57461786.2,79
515910.SH,2024-10-17,2024-10-18,2024-10-25,2024-10-17,0.09118173091836734,-0.08671586715867163,0.15654205607476634,0.020149999999999946,0.032217704097591504,0.051106889749397144,0.04337950572556142,-0.16526138279932556,6750909.6,250
515950.SH,2024-10-17,2024-10-18,2024-10-25,2024-10-17,0.05596990641509447,-0.08915145005370573,0.15217391304347827,0.030850000000000044,0.03972535556645407,0.04150172391776308,0.04261805180187318,-0.15621890547263673,28491948.0,149
515960.SH,2024-10-17,2024-10-18,2024-10-25,2024-10-17,0.04594749145205501,-0.0748730964467006,0.14084507042253525,0.02354999999999996,0.04016551330527229,0.030611244546835614,0.04248585125847494,-0.15034965034965042,4524175.25,112
515990.SH,2024-10-17,2024-10-18,2024-10-25,2024-10-17,0.03998082613853504,-0.04901960784313719,0.15688073394495428,0.04515000000000002,0.04396059276430164,0.02594810379241519,0.030793070769198894,-0.09475951184493903,5410485.2,89
516060.SH,2024-10-17,2024-10-18,2024-10-25,2024-10-17,0.05561634506250002,-0.08396946564885488,0.16222760290556892,0.01779999999999987,0.0431381071389767,0.05153107861060313,0.04058874413116662,-0.14132379248658322,3060075.85,147
516070.SH,2024-10-17,2024-10-18,2024-10-25,2024-10-17,0.12945900582191805,-0.0798319327731093,0.12307692307692308,0.01414999999999994,0.026241799437675795,0.039032703075549735,0.04178648335362859,-0.15444015444015446,8597993.15,313
516080.SH,2024-10-17,2024-10-18,2024-10-25,2024-10-17,0.0632715243233084,-0.08419243986254299,0.16375545851528384,0.020050000000000012,0.0405075646656905,0.054482451024119305,0.043133878193082634,-0.15396825396825398,10683981.75,176
516090.SH,2024-10-17,2024-10-18,2024-10-25,2024-10-17,0.16734335581267246,-0.09701492537313439,0.16720257234726676,0.014600000000000002,0.03271692745376953,0.05486920422147756,0.04437234693333699,-0.16551724137931045,42890992.95,324
516150.SH,2024-10-17,2024-10-18,2024-10-25,2024-10-17,0.10636291044324331,-0.05606523955147813,0.16919191919191912,0.0343,0.050899392838903657,0.054680019150973536,0.04186913717230676,-0.13051643192488271,39570637.85,271
516160.SH,2024-10-17,2024-10-18,2024-10-25,2024-10-17,0.16844755203191486,-0.0926993275696445,2.778,0.36044999999999994,0.14346246973365617,0.8417972016277382,0.494716542771283,-0.15782434239857324,177816237.75,325
516180.SH,2024-10-17,2024-10-18,2024-10-25,2024-10-17,0.21730207683606584,-0.08520179372197312,0.14179104477611926,0.022249999999999992,0.02744900528834049,0.05142537730575736,0.0459956930724593,-0.1707317073170732,4169862.25,329
516270.SH,2024-10-17,2024-10-18,2024-10-25,2024-10-17,0.1723299932134832,-0.09368635437881867,0.17105263157894735,0.018650000000000055,0.03645044835216016,0.05686153846153852,0.04268857527521518,-0.15559772296015184,14245720.0,326
516300.SH,2024-10-17,2024-10-18,2024-10-25,2024-10-17,0.09478751724511936,-0.03039832285115307,0.23005319148936176,0.042749999999999955,0.08225108225108224,0.06334625832002816,0.043864488467419076,-0.1265344664778092,38264953.6,254
516320.SH,2024-10-17,2024-10-18,2024-10-25,2024-10-17,0.10827328416201132,-0.07850707850707861,0.1795716639209226,0.030000000000000027,0.04609540506976395,0.05984825023226992,0.04193920445863141,-0.14251497005988034,6075505.8,273
516380.SH,2024-10-17,2024-10-18,2024-10-25,2024-10-17,0.09430714890647485,-0.0842105263157894,0.20833333333333326,0.032950000000000035,0.052154195011338,0.08167770419426068,0.042117303578085435,-0.13967861557478367,2009059.95,253
516390.SH,2024-10-17,2024-10-18,2024-10-25,2024-10-17,0.11490864311557814,-0.10494752623688164,0.2085020242914979,0.028750000000000053,0.04370629370629353,0.0871080139372824,0.04817925592498419,-0.171983356449376,18391691.85,280
516500.SH,2024-10-17,2024-10-18,2024-10-25,2024-10-17,0.07668234652021089,-0.09890109890109877,0.15725806451612923,0.021950000000000025,0.03731815306767872,0.04254851472712429,0.040436910217752586,-0.14583333333333326,3108801.6,222
516520.SH,2024-10-17,2024-10-18,2024-10-25,2024-10-17,0.08080888618435145,-0.06112224448897785,0.21530479896238663,0.04335,0.07589849580893326,0.06913554987212289,0.040361131506985726,-0.11512844909609887,26892455.75,236
516590.SH,2024-10-17,2024-10-18,2024-10-25,2024-10-17,0.09726761033410147,-0.08394543546694655,0.20746887966804972,0.04149999999999998,0.050984169024258064,0.08258574624758341,0.04109511192625582,-0.13905325443786987,6660156.45,260
516600.SH,2024-10-17,2024-10-18,2024-10-25,2024-10-17,0.03428316469458981,-0.04492512479201316,0.2008368200836821,0.0252,0.06325831249421143,0.05974153443481112,0.04175950273291263,-0.13813813813813813,2441879.0,55
516660.SH,2024-10-17,2024-10-18,2024-10-25,2024-10-17,0.11844627719117651,-0.09283819628647205,0.2106194690265486,0.03279999999999994,0.04811523138216378,0.08279409324705456,0.04617485400187849,-0.15970515970515975,5659603.8,290
516710.SH,2024-10-17,2024-10-18,2024-10-25,2024-10-17,0.13724837827586223,-0.07569721115537842,0.18974358974358974,0.019999999999999962,0.0503678551216753,0.057703818987190125,0.04197759288360302,-0.14548802946592998,3664950.95,321
516730.SH,2024-10-17,2024-10-18,2024-10-25,2024-10-17,0.059717681279916945,-0.05078125,0.3425414364640884,0.06475000000000009,0.1077554276596957,0.13426693956695024,0.04434292236600779,-0.1348920863309354,14217561.65,168
516780.SH,2024-10-17,2024-10-18,2024-10-25,2024-10-17,0.10906276955882355,-0.05732484076433131,0.17150395778364125,0.03259999999999985,0.05225737646640605,0.055622732769044836,0.044152332979558076,-0.14036786060019357,21065212.15,277
516790.SH,2024-10-17,2024-10-18,2024-10-25,2024-10-17,0.07192292838938052,-0.08265802269043754,0.16221765913757724,0.022649999999999948,0.04640414124607162,0.042966866985891805,0.04546992637770768,-0.1589895988112927,5818522.85,205
516820.SH,2024-10-17,2024-10-18,2024-10-25,2024-10-17,0.07420548595808385,-0.10215053763440851,0.18439716312056742,0.014100000000000001,0.04718607932277785,0.041866289198606355,0.04315542980866264,-0.15228426395939088,69394925.7,213
516830.SH,2024-10-17,2024-10-18,2024-10-25,2024-10-17,0.04274457965303591,-0.06720741599072999,0.18035190615835783,0.033399999999999985,0.0500913122880251,0.04846136311830396,0.03633515225347205,-0.1202185792349727,10053089.2,101
516880.SH,2024-10-17,2024-10-18,2024-10-25,2024-10-17,0.23178092393495975,-0.09264705882352953,0.14897579143389184,0.023399999999999976,0.027990669776740917,0.05446240337315533,0.04452350283678188,-0.1662162162162163,23165475.95,330
516890.SH,2024-10-17,2024-10-18,2024-10-25,2024-10-17,0.1310083323045268,-0.07779886148007598,0.1824817518248174,0.020649999999999946,0.04403866809881829,0.05879677015808049,0.04201343540164754,-0.14436619718309873,1683578.05,314
516930.SH,2024-10-17,2024-10-18,2024-10-25,2024-10-17,0.06429619974026002,-0.09589041095890405,0.15211970074812964,0.017299999999999982,0.030559892928842203,0.04563831441455446,0.04461590605995094,-0.17204301075268824,935415.5,182
516950.SH,2024-10-17,2024-10-18,2024-10-25,2024-10-17,0.02974240772296044,-0.05040504050405048,0.21965317919075145,0.04855000000000009,0.06754363774348593,0.02833804477896673,0.04125492720407332,-0.09982935153583616,80062593.10000001,42
516960.SH,2024-10-17,2024-10-18,2024-10-25,2024-10-17,0.12154898988888885,-0.08564231738035266,0.1709677419354838,0.029249999999999998,0.03463018383924754,0.060797702134092635,0.040039061812093685,-0.1498829039812648,1087227.45,297
517000.SH,2024-10-17,2024-10-18,2024-10-25,2024-10-17,0.026169735267857375,-0.04428044280442811,0.16842105263157903,0.029799999999999938,0.04801726463447542,0.052950505361327505,0.027435974802680865,-0.08264462809917361,3325616.8,35
517030.SH,2024-10-17,2024-10-18,2024-10-25,2024-10-17,0.04329266152027045,-0.054082714740190885,0.16906946264744427,0.03634999999999999,0.04492473496163529,0.053910574291652136,0.037093909252925855,-0.12720156555773,1818740.45,105
517050.SH,2024-10-17,2024-10-18,2024-10-25,2024-10-17,0.05864689720748828,-0.03157894736842104,0.3251028806584362,0.04039999999999999,0.10938845822566745,0.12358463176231482,0.03891902488540929,-0.10644257703081239,6905615.4,165
517080.SH,2024-10-17,2024-10-18,2024-10-25,2024-10-17,0.0365096964148528,-0.04523227383863082,0.1709145427286356,0.030449999999999977,0.047548789484273435,0.053855396141070155,0.029160393453915384,-0.0929152148664345,5757534.35,69
517100.SH,2024-10-17,2024-10-18,2024-10-25,2024-10-17,0.036414908148148184,-0.04744525547445255,0.1774436090225564,0.03154999999999997,0.05016094420600847,0.054820683313291374,0.02938702182941253,-0.08953488372093021,2270437.8,68
517110.SH,2024-10-17,2024-10-18,2024-10-25,2024-10-17,0.04937009449999996,-0.09185441941074535,0.18018018018018012,0.021899999999999975,0.037521037521037526,0.07587161826315425,0.041580009280267075,-0.15397082658022687,4564321.0,125
517120.SH,2024-10-17,2024-10-18,2024-10-25,2024-10-17,0.04197088490872236,-0.07330827067669177,0.18795180722891547,0.020199999999999996,0.04482356681148669,0.07425817712681204,0.04295255360860604,-0.1413612565445027,8769338.75,98
517200.SH,2024-10-17,2024-10-18,2024-10-25,2024-10-17,0.050303320390492345,-0.04552845528455285,0.3280542986425339,0.03694999999999998,0.10525324797589897,0.1282795736996778,0.04137241434108104,-0.12368024132730027,3551194.75,127
517300.SH,2024-10-17,2024-10-18,2024-10-25,2024-10-17,0.04725098350205226,-0.04645161290322586,0.17862838915470491,0.029950000000000032,0.05083540703874867,0.05318989616613434,0.03396091642707992,-0.10640870616686826,6592515.65,118
517350.SH,2024-10-17,2024-10-18,2024-10-25,2024-10-17,0.04632028201877936,-0.06442166910688141,0.21252371916508528,0.030299999999999883,0.05480356553317933,0.08520929121633714,0.041388933064142444,-0.14839572192513384,2775990.75,115
517360.SH,2024-10-17,2024-10-18,2024-10-25,2024-10-17,0.05105177734374999,-0.05895691609977316,0.19081779053084658,0.03620000000000001,0.051098587982017385,0.07873226930170074,0.04064213328668981,-0.13089005235602091,2611943.5,129
517380.SH,2024-10-17,2024-10-18,2024-10-25,2024-10-17,0.053526207059961584,-0.06329113924050633,0.17460317460317465,0.019549999999999956,0.04583080961033725,0.06321777396157557,0.04042545168289077,-0.14096185737976796,5270134.7,139
560000.SH,2024-10-17,2024-10-18,2024-10-25,2024-10-17,0.09114829498360688,-0.08823529411764708,0.2085769980506822,0.028349999999999986,0.057028386326826386,0.08030205359609566,0.04055524489988617,-0.13220815752461323,641999.95,249
560050.SH,2024-10-17,2024-10-18,2024-10-25,2024-10-17,0.033777488673218725,-0.05458768873403008,0.17460317460317465,0.03334999999999999,0.04533196352895863,0.05108996423027601,0.034502356594036596,-0.11038251366120211,133265886.3,53
560060.SH,2024-10-17,2024-10-18,2024-10-25,2024-10-17,0.09265887277158802,-0.06683804627249368,0.1505546751188589,0.02629999999999999,0.031323247389729136,0.04239986179323285,0.03923557768512873,-0.13981042654028442,3428056.7,252
560500.SH,2024-10-17,2024-10-18,2024-10-25,2024-10-17,0.052879693478260936,-0.05185185185185193,0.1681877444589308,0.035499999999999976,0.046423357664233666,0.05570853197435466,0.0343455601488128,-0.11111111111111105,7758445.1,137
560560.SH,2024-10-17,2024-10-18,2024-10-25,2024-10-17,0.12432510125000018,-0.08153078202995001,0.12423625254582493,0.01780000000000015,0.024974468480178258,0.037801901336074195,0.040837857839059626,-0.15207373271889402,1368724.1,303
560880.SH,2024-10-17,2024-10-18,2024-10-25,2024-10-17,0.08125423153666156,-0.03889304412864625,0.20093457943925253,0.054199999999999804,0.0463317319436527,0.08700654983182865,0.032513017329835185,-0.10452961672473882,25789634.25,237
560980.SH,2024-10-17,2024-10-18,2024-10-25,2024-10-17,0.2098001089473689,-0.0834879406307979,0.1706161137440756,0.02065,0.04219409282700415,0.053879789520492105,0.042978343922074023,-0.1482758620689656,12161915.25,328
560990.SH,2024-10-17,2024-10-18,2024-10-25,2024-10-17,0.08724544822929947,-0.07647058823529407,0.18759455370650535,0.034700000000000064,0.0592362704088516,0.057782429764255516,0.039651424160208774,-0.12290502793296088,797779.65,244
561130.SH,2024-10-17,2024-10-18,2024-10-25,2024-10-17,0.039793053220339214,-0.07911001236093951,0.2153344208809136,0.03695000000000004,0.05486725663716796,0.06988663620067159,0.04127497617437274,-0.14857142857142858,14201595.45,87
561160.SH,2024-10-17,2024-10-18,2024-10-25,2024-10-17,0.13451211933476404,-0.10364683301343569,0.20360824742268036,0.022299999999999986,0.049084578232056586,0.08322180313906813,0.043076743109357586,-0.13996316758747696,33012377.3,318
561190.SH,2024-10-17,2024-10-18,2024-10-25,2024-10-17,0.07837175923705741,-0.0661577608142494,0.15047021943573657,0.02684999999999993,0.032276211236903274,0.04310513447432762,0.03920958291573482,-0.13950762016412677,14086502.45,228
561300.SH,2024-10-17,2024-10-18,2024-10-25,2024-10-17,0.035902108400503785,-0.049160671462829764,0.16789396170839477,0.030349999999999988,0.044245456939689065,0.044255494694382724,0.03564348773247696,-0.10898876404494384,124996148.75,65
561500.SH,2024-10-17,2024-10-18,2024-10-25,2024-10-17,0.03653450368336042,-0.07346326836581718,0.16165413533834583,0.024150000000000005,0.04383075753736998,0.03783452144443156,0.04207426935268434,-0.14640883977900565,2251196.85,70
561900.SH,2024-10-17,2024-10-18,2024-10-25,2024-10-17,0.04787845257462697,-0.05503512880562056,0.17982456140350878,0.03315000000000001,0.049756097560975654,0.04827163019022307,0.042126632319609246,-0.14240170031880983,5901447.65,120
561910.SH,2024-10-17,2024-10-18,2024-10-25,2024-10-17,0.14155613728448269,-0.10597302504816952,0.20519480519480515,0.021850000000000036,0.0488245931283906,0.08453524004085788,0.04436186752390447,-0.14548802946592998,24936526.8,322
562000.SH,2024-10-17,2024-10-18,2024-10-25,2024-10-17,0.05516530289934374,-0.06320081549439349,0.17820512820512824,0.038000000000000145,0.0441402033744247,0.052202673892685514,0.036076458221762836,-0.11804222648752394,43821478.55,145
562300.SH,2024-10-17,2024-10-18,2024-10-25,2024-10-17,0.11824766827027022,-0.0826446280991735,0.1122244488977957,0.01705000000000001,0.02087740274073413,0.03552380952380951,0.04165231263356488,-0.15909090909090906,2279699.25,289
562310.SH,2024-10-17,2024-10-18,2024-10-25,2024-10-17,0.08076237683853482,-0.07268170426065168,0.19162640901771333,0.03324999999999989,0.0413002181101807,0.05956463396451461,0.04592014450435592,-0.1713325867861143,27544282.35,235
562360.SH,2024-10-17,2024-10-18,2024-10-25,2024-10-17,0.06846432386178858,-0.0658227848101266,0.2078559738134207,0.03275000000000006,0.0687907313540912,0.06869244460494772,0.04127569286758759,-0.12589073634204273,3351896.3,192
562500.SH,2024-10-17,2024-10-18,2024-10-25,2024-10-17,0.07524741825892844,-0.06102635228848807,0.21326164874551967,0.030750000000000055,0.06925689015241243,0.07225719043721268,0.042382964078762006,-0.13478818998716302,91147051.45,218
562880.SH,2024-10-17,2024-10-18,2024-10-25,2024-10-17,0.1276874721532093,-0.10055865921787721,0.20448877805486276,0.022699999999999942,0.050000000000000044,0.08082706766917269,0.04358277908468288,-0.13903743315508033,10103955.45,309
562910.SH,2024-10-17,2024-10-18,2024-10-25,2024-10-17,0.10972347655844161,-0.0792227204783259,0.17782026768642445,0.02554999999999996,0.04521930940867058,0.05912480905741768,0.04119940660609698,-0.1408647140864715,4665974.55,278
562990.SH,2024-10-17,2024-10-18,2024-10-25,2024-10-17,0.07523532718157178,-0.06725888324873097,0.15203761755485878,0.02674999999999983,0.03201347935973042,0.04259991216512948,0.039045402808434354,-0.1352941176470589,29762063.9,217
563000.SH,2024-10-17,2024-10-18,2024-10-25,2024-10-17,0.033693230343137204,-0.05767012687427908,0.17385057471264376,0.03390000000000004,0.04362266079070065,0.05273656371867874,0.03501107758894436,-0.1177105831533477,87373043.45,52
588050.SH,2024-10-17,2024-10-18,2024-10-25,2024-10-17,0.12874722554203566,-0.07841140529531565,0.3269794721407624,0.05885000000000007,0.11432617127377931,0.07750309570139757,0.07199415730421038,-0.19192825112107625,883380665.25,310
588300.SH,2024-10-17,2024-10-18,2024-10-25,2024-10-17,0.12710121261111107,-0.09666666666666657,0.2874109263657958,0.03420000000000012,0.08054226475279114,0.08669434916049834,0.0726660951688194,-0.2190201729106629,88391149.55,308
588310.SH,2024-10-17,2024-10-18,2024-10-25,2024-10-17,0.11576859363013714,-0.10138248847926279,0.26349892008639286,0.03480000000000005,0.06878596875856391,0.08068709072361724,0.07226287292097552,-0.22413793103448276,16237999.15,282
588330.SH,2024-10-17,2024-10-18,2024-10-25,2024-10-17,0.11686689162313435,-0.09715242881072017,0.2802850356294537,0.0333500000000001,0.0817862518815855,0.084370125866009,0.07342589717831775,-0.21915820029027577,124737052.7,285
588350.SH,2024-10-17,2024-10-18,2024-10-25,2024-10-17,0.11712083679754604,-0.10208562019758505,0.2881889763779528,0.05145000000000011,0.0830133721699986,0.0869189811483666,0.07244176627260289,-0.2191387559808612,6839828.55,286
588360.SH,2024-10-17,2024-10-18,2024-10-25,2024-10-17,0.11989513631205662,-0.0987261146496814,0.2863636363636366,0.03564999999999996,0.08139090561711892,0.08645563051375182,0.0736706181128982,-0.22145804676753789,36893670.1,294
588380.SH,2024-10-17,2024-10-18,2024-10-25,2024-10-17,0.1257183169888476,-0.10149750415973369,0.28878281622911683,0.03410000000000013,0.07967609717084856,0.08732200442045013,0.07275109901648528,-0.2219020172910663,119401726.45,305
588390.SH,2024-10-17,2024-10-18,2024-10-25,2024-10-17,0.11524750527681671,-0.10093167701863359,0.2866666666666666,0.03615000000000007,0.08052626667910778,0.08457023343678327,0.07223999031580616,-0.21438263229308008,20052837.35,281
588400.SH,2024-10-17,2024-10-18,2024-10-25,2024-10-17,0.12150724385338352,-0.1010101010101011,0.28057553956834536,0.03330000000000005,0.08031559781509201,0.08478419897585976,0.07347320133882784,-0.22043795620437956,59297623.45,296
159617.SZ,2024-10-17,2024-10-18,2024-10-25,2024-10-17,0.037340278601852184,-0.045774647887323994,0.1744312026002166,0.04135,0.0509986426216793,0.04248509147265933,0.03420468344661022,-0.11147540983606552,4074674.4,77
159620.SZ,2024-10-17,2024-10-18,2024-10-25,2024-10-17,0.0652696413863636,-0.05579399141630903,0.20383036935704513,0.03859999999999986,0.06171201061712028,0.06886324069894889,0.03961927174657725,-0.13129318854886463,1049008.8,184
159627.SZ,2024-10-17,2024-10-18,2024-10-25,2024-10-17,0.046246969218749934,-0.06221408966148223,0.18087557603686633,0.04344999999999999,0.041560816990143135,0.05601459384054075,0.03703843814502809,-0.13865546218487412,3960006.05,113
159701.SZ,2024-10-17,2024-10-18,2024-10-25,2024-10-17,0.059810607923784564,-0.06683168316831689,0.2566666666666668,0.041649999999999854,0.08356686067399588,0.06069305421472482,0.039274593782488876,-0.10874704491725773,2931500.8,170
159711.SZ,2024-10-17,2024-10-18,2024-10-25,2024-10-17,0.02349363122468695,-0.03255813953488362,0.15171650055370978,0.035600000000000076,0.039324439114575505,0.06391763538417927,0.024225642496083742,-0.0504124656278645,6882269.85,27
159750.SZ,2024-10-17,2024-10-18,2024-10-25,2024-10-17,0.038716591002538214,-0.06705882352941173,0.2332814930015552,0.04290000000000005,0.05298101181781956,0.1128734329975618,0.032434612347408576,-0.08535178777393304,61246973.8,82
159793.SZ,2024-10-17,2024-10-18,2024-10-25,2024-10-17,0.05152004254237297,-0.04483188044831887,0.2635914332784186,0.041549999999999976,0.07898994161918838,0.1102116250618217,0.036558515773992946,-0.11730545876887344,328818.1,130
159877.SZ,2024-10-17,2024-10-18,2024-10-25,2024-10-17,0.07479343012280681,-0.08493589743589736,0.16293279022403273,0.02210000000000001,0.04645835242371499,0.0404894327030032,0.04560415708866685,-0.1602941176470588,2485309.25,216
160311.SZ,2024-10-17,2024-10-18,2024-10-25,2024-10-17,0.11615243696261679,-0.06936416184971084,0.20373831775700957,0.05810000000000026,0.054139215124606066,0.08235276748409182,0.04416184918571787,-0.13672922252010722,721196.3,283
161812.SZ,2024-10-17,2024-10-18,2024-10-25,2024-10-17,0.06381454892578131,-0.07490974729241873,0.19883040935672502,0.04655000000000009,0.05479804476459971,0.06258314956898903,0.04248537704779812,-0.1429765886287626,1018419.2,179
163118.SZ,2024-10-17,2024-10-18,2024-10-25,2024-10-17,0.05182763570491811,-0.07843137254901966,0.12939001848428822,0.017749999999999932,0.0369113279592701,0.032986618360310915,0.04304886854873395,-0.1466480446927375,239760.0,131
166001.SZ,2024-10-17,2024-10-18,2024-10-25,2024-10-17,0.035414507657657524,-0.05025553662691651,0.13428280773143442,0.03645000000000009,0.027460375967563566,0.02935736305430381,0.03222722464119157,-0.1213553979511427,374996.45,61
501215.SH,2024-10-17,2024-10-18,2024-10-25,2024-10-17,0.03222710025547437,-0.034037558685446,0.13674033149171283,0.02465000000000006,0.045809771904187,0.038557979940172515,0.024502173065439215,-0.07215332581736178,2125257.85,48
502000.SH,2024-10-17,2024-10-18,2024-10-25,2024-10-17,0.04182745231132068,-0.04681404421326407,0.17467948717948723,0.056150000000000144,0.0605512551544527,0.04565225613676782,0.036468161381522195,-0.10609756097560985,784105.7,97
506001.SH,2024-10-17,2024-10-18,2024-10-25,2024-10-17,0.0588174556361476,-0.07244785949506027,0.1639118457300277,0.03254999999999997,0.04115327747658948,0.04491127180653587,0.06403184578816597,-0.2141527001862198,902263.65,166
510100.SH,2024-10-17,2024-10-18,2024-10-25,2024-10-17,0.031103114003021348,-0.050215208034433134,0.16754850088183448,0.05194999999999994,0.047261222068420095,0.04313925025440746,0.029694537180920803,-0.08500345542501708,233970650.3,46
515090.SH,2024-10-17,2024-10-18,2024-10-25,2024-10-17,0.055838843996524945,-0.0724637681159419,0.16599190283400822,0.04735,0.038352336743431525,0.053325316075130136,0.04289863224950008,-0.15231788079470188,2592460.6,148
561180.SH,2024-10-17,2024-10-18,2024-10-25,2024-10-17,0.057550588333333375,-0.06146788990825669,0.17586206896551748,0.04244999999999988,0.045424352358081066,0.05328023249555991,0.036030466314528026,-0.11962134251290879,12436714.45,158
159645.SZ,2024-10-17,2024-10-18,2024-10-25,2024-10-17,0.07266989131964818,-0.10747051114023587,0.17616580310880825,0.02795000000000003,0.03338391502276172,0.04694574628644044,0.044935344247793364,-0.17554479418886204,1100966.15,208
159717.SZ,2024-10-17,2024-10-18,2024-10-25,2024-10-17,0.048493427754386254,-0.05641592920353988,0.17655172413793108,0.03479999999999983,0.04419145550250958,0.05017997943092212,0.040523182779480874,-0.13925327951564082,4094558.0,122
159896.SZ,2024-10-17,2024-10-18,2024-10-25,2024-10-17,0.06426181769536443,-0.06451612903225812,0.25876460767946585,0.04125000000000001,0.0857513139894881,0.06079584510807301,0.03867647734247795,-0.10874704491725773,1911805.1,181
160133.SZ,2024-10-17,2024-10-18,2024-10-25,2024-10-17,0.04117565646302257,-0.0406153846153845,0.1573867854491462,0.10450000000000026,0.05059217952389794,0.03969709000887467,0.02907752030386967,-0.0912802566345875,598898.4,94
160607.SZ,2024-10-17,2024-10-18,2024-10-25,2024-10-17,-0.010565437962962942,-0.019525801952580024,0.13022508038585223,0.020650000000000057,0.04815864022662897,0.03123798785331733,0.028465782178200217,-0.08246073298429313,150777.45,0
161122.SZ,2024-10-17,2024-10-18,2024-10-25,2024-10-17,0.07786538632231421,-0.09363295880149825,0.18627450980392135,0.01974999999999999,0.048640450655400125,0.04474289810238807,0.04226371564662548,-0.14938488576449926,138888.4,226
161227.SZ,2024-10-17,2024-10-18,2024-10-25,2024-10-17,0.04806944786733891,-0.06582077716098333,0.2020408163265306,0.05549999999999988,0.05508284818629661,0.0655659476999424,0.04133120495521401,-0.14327272727272733,488738.8,121
163409.SZ,2024-10-17,2024-10-18,2024-10-25,2024-10-17,0.07105519079245304,-0.05913503971756395,0.14623655913978495,0.036800000000000055,0.041320699423659235,0.04370433305012744,0.03353721492305906,-0.11166666666666658,411638.05,202
501202.SH,2024-10-17,2024-10-18,2024-10-25,2024-10-17,0.015571612491909415,-0.0375782881002088,0.10155316606929499,0.021199999999999997,0.024273732155751793,0.031040604776358727,0.023399912821214612,-0.07336683417085421,258206.85,14
502013.SH,2024-10-17,2024-10-18,2024-10-25,2024-10-17,0.04035196814298159,-0.038525963149078524,0.15030060120240485,0.03984999999999994,0.04420593050754973,0.04635005234605494,0.03597447273968263,-0.11076684740511211,264217.95,92
560650.SH,2024-10-17,2024-10-18,2024-10-25,2024-10-17,0.04162826281690157,-0.07236061684460271,0.15339233038348077,0.029100000000000015,0.039755351681957096,0.0369740561160008,0.04344967344548652,-0.15367965367965364,532950.45,95
159621.SZ,2024-10-17,2024-10-18,2024-10-25,2024-10-17,0.037152874092339916,-0.04590818363273441,0.16019417475728148,0.03689999999999993,0.056353591160221095,0.046262933775217396,0.03686123429364143,-0.09811320754716979,4172073.8,76
517160.SH,2024-10-17,2024-10-18,2024-10-25,2024-10-17,0.06963611389458291,-0.05753424657534234,0.1986062717770034,0.029099999999999904,0.0647682426681111,0.04153346049485518,0.039233098165430184,-0.1076523994811932,675369.5,197
159721.SZ,2024-10-17,2024-10-18,2024-10-25,2024-10-17,0.07997407179632265,-0.07822685788787487,0.22318339100345996,0.03544999999999998,0.06419808835704077,0.07869455795199332,0.03985852686422165,-0.12716049382716055,1591908.1,231
159970.SZ,2024-10-17,2024-10-18,2024-10-25,2024-10-17,0.07910960066052564,-0.06927835051546394,0.20695187165775408,0.21094999999999953,0.05454970213760091,0.06643690570111693,0.04218609095818969,-0.14507575757575752,1424355.05,229
159976.SZ,2024-10-17,2024-10-18,2024-10-25,2024-10-17,0.037148913040604414,-0.05121293800539073,0.202733485193622,0.046900000000000164,0.05673971780246179,0.07171200800772182,0.03196742655612517,-0.10127659574468084,1014718.05,75
161037.SZ,2024-10-17,2024-10-18,2024-10-25,2024-10-17,0.07146914562858964,-0.07278106508875748,0.17908201655379985,0.06454999999999989,0.05706961683756062,0.045354645354645395,0.0393298506558016,-0.12716118237590646,212253.4,203
501062.SH,2024-10-17,2024-10-18,2024-10-25,2024-10-17,0.014169549458128206,-0.01927710843373509,0.07387862796833766,0.02585000000000015,0.020220588235293935,0.04661128115435087,0.0195022087450749,-0.05348837209302337,897586.0,10
501082.SH,2024-10-17,2024-10-18,2024-10-25,2024-10-17,0.07162101873365456,-0.06675392670157076,0.13174603174603172,0.04579999999999984,0.03094274146905729,0.02107555457129151,0.03795776474357685,-0.12729498164014696,460591.85,204
510130.SH,2024-10-17,2024-10-18,2024-10-25,2024-10-17,0.04168308194724735,-0.038238306589279625,0.18860759493670898,0.2264500000000007,0.059261487553583514,0.039643730921719245,0.04173640865588912,-0.13055555555555542,1315195.25,96
515360.SH,2024-10-17,2024-10-18,2024-10-25,2024-10-17,0.04287781290417403,-0.05060465116279089,0.1826187717265353,0.21525000000000016,0.04661894702299141,0.05299872578450615,0.0391819514979209,-0.1479378861245617,2684975.7,102
517330.SH,2024-10-17,2024-10-18,2024-10-25,2024-10-17,0.06767306126453487,-0.053206002728512836,0.1965517241379311,0.03015000000000001,0.06507059545733584,0.04281027446587182,0.036553109750634465,-0.10911424903722722,575004.05,189
588320.SH,2024-10-17,2024-10-18,2024-10-25,2024-10-17,0.10885819509523809,-0.0900216919739697,0.27314112291350523,0.05114999999999992,0.08090698273640817,0.08516438707272167,0.07404695231061995,-0.21953488372093022,8087642.25,276
159716.SZ,2024-10-17,2024-10-18,2024-10-25,2024-10-17,0.07669426249660782,-0.0662420382165606,0.23193277310924376,0.03665000000000007,0.06882473024205304,0.07997165428728925,0.04158542347127447,-0.13151658767772523,3515995.55,223
159895.SZ,2024-10-17,2024-10-18,2024-10-25,2024-10-17,0.05926635455990237,-0.06697459584295606,0.25077399380804954,0.04369999999999996,0.08303732993767188,0.06121239420592217,0.03900344765542659,-0.11123348017621137,349583.2,167
160919.SZ,2024-10-17,2024-10-18,2024-10-25,2024-10-17,0.024658152383879584,-0.04529162593678715,0.13477924089852844,0.0847500000000001,0.03731501805565407,0.05511007072417562,0.02380403273801169,-0.07939508506616277,433606.35,30
517170.SH,2024-10-17,2024-10-18,2024-10-25,2024-10-17,0.035764710589711424,-0.0634547591069331,0.17205882352941182,0.03125,0.04176197634141543,0.05813605034462088,0.03816315539176695,-0.12417582417582418,1685831.25,64
159973.SZ,2024-10-17,2024-10-18,2024-10-25,2024-10-17,0.10022027522017596,-0.06739926739926749,0.23592233009708719,0.06525000000000003,0.0644702734342335,0.08154467623296768,0.04265669358334948,-0.13928329952670737,1287612.0,263
165520.SZ,2024-10-17,2024-10-18,2024-10-25,2024-10-17,0.0959836490747088,-0.04375000000000007,0.17873651771956878,0.057050000000000045,0.040073416947078666,0.034239111329841254,0.0322082336418546,-0.09999999999999998,142295.15,258
166006.SZ,2024-10-17,2024-10-18,2024-10-25,2024-10-17,0.015173450006313205,-0.0542205791743684,0.1480927449513838,0.049449999999999994,0.035517927614935774,0.02334545287187062,0.028567042661917175,-0.09864944216089244,312423.4,13
160127.SZ,2024-10-17,2024-10-18,2024-10-25,2024-10-17,0.03760345735473991,-0.04831625183016108,0.15864527629233494,0.02400000000000002,0.04208416833667328,0.06161177772104498,0.029622167194247977,-0.09344490934449101,119980.15,78
516720.SH,2024-10-17,2024-10-18,2024-10-25,2024-10-17,0.0307401625087107,-0.05343511450381688,0.18579234972677594,0.03500000000000003,0.060023203272882686,0.048038567375583874,0.035553509719306625,-0.09394572025052195,2077632.25,44
160916.SZ,2024-10-17,2024-10-18,2024-10-25,2024-10-17,0.019737477691103678,-0.02552974214960435,0.1428143712574852,0.11554999999999938,0.05063238876426146,0.043260395129795626,0.023083373313666316,-0.055198019801980136,677311.55,21
160926.SZ,2024-10-17,2024-10-18,2024-10-25,2024-10-17,0.05432530402628455,-0.07119386637458935,0.12765957446808507,0.024700000000000055,0.024154589371980784,0.05131732091842123,0.04042170653493115,-0.15789473684210542,358361.2,142
501010.SH,2024-10-17,2024-10-18,2024-10-25,2024-10-17,0.07359526662790672,-0.09367493995196152,0.1098039215686275,0.039200000000000124,0.029044134357529394,0.04255319148936154,0.04174602315056212,-0.15522388059701486,125684.05,210
512180.SH,2024-10-17,2024-10-18,2024-10-25,2024-10-17,0.056082483164179076,-0.05771905424200274,0.17316017316017307,0.05510000000000015,0.048680442690194115,0.045007885478587806,0.03712721473081133,-0.12354463130659765,345960.0,150
515550.SH,2024-10-17,2024-10-18,2024-10-25,2024-10-17,0.08070721596610175,-0.05761641673243878,0.21095334685598366,0.05305000000000004,0.0574794083783543,0.06189946235716404,0.04107465968025293,-0.14469914040114606,898857.45,234
159961.SZ,2024-10-17,2024-10-18,2024-10-25,2024-10-17,0.06938962311671948,-0.06912712360867013,0.21669218989280248,0.07729999999999992,0.057148559643403596,0.06999976271266872,0.043805797761779126,-0.15388711395101173,7735067.65,196
160125.SZ,2024-10-17,2024-10-18,2024-10-25,2024-10-17,0.02543097606511613,-0.03647686832740227,0.19800884955752207,0.048250000000000015,0.06636471051595105,0.08140339668849483,0.022348429825783705,-0.03647686832740227,246885.7,32
160918.SZ,2024-10-17,2024-10-18,2024-10-25,2024-10-17,0.03570308472222217,-0.06212424849699405,0.08584686774941974,0.0536500000000002,0.012767799177667127,0.012200731605809034,0.03160446937153335,-0.12260967379077625,185573.85,62
161706.SZ,2024-10-17,2024-10-18,2024-10-25,2024-10-17,0.035758301331930475,-0.0342525399129171,0.15200831024930772,0.11410000000000009,0.05431613639244515,0.036208406304728546,0.030659136043697608,-0.07813798836242714,350430.8,63
510010.SH,2024-10-17,2024-10-18,2024-10-25,2024-10-17,0.008216473906742294,-0.03117359413202947,0.1527272727272726,0.05845000000000011,0.04828042328042326,0.03546277378927787,0.03330008031781857,-0.07848837209302328,903664.45,7
159605.SZ,2024-10-24,2024-10-25,2024-11-01,2024-10-24,0.00362588319238899,0.009635974304068595,0.1936708860759493,0.04775000000000007,0.012508723895420903,0.13583885523801764,0.036200430397573015,-0.06036217303822933,2470998646.0,22
159607.SZ,2024-10-24,2024-10-25,2024-11-01,2024-10-24,0.0036664724546426886,0.008629989212513456,0.19565217391304346,0.0474500000000001,0.01305596186142255,0.13533295063145823,0.036146959733108795,-0.06079027355623101,839675018.0,23
159747.SZ,2024-10-24,2024-10-25,2024-11-01,2024-10-24,-0.004175581162790709,0.022872827081427127,0.20474137931034475,0.056400000000000006,0.023809523809523725,0.15238497256226258,0.03571332527433347,-0.05367965367965377,147516420.65,18
159748.SZ,2024-10-24,2024-10-25,2024-11-01,2024-10-24,-0.03579005401408453,0.030909090909090997,0.18619246861924688,0.023900000000000143,0.020059368534676603,0.11055242915653829,0.042004488670325996,-0.06462585034013613,9175699.85,0
159930.SZ,2024-10-24,2024-10-25,2024-11-01,2024-10-24,-0.014470834219292072,0.013380281690140938,0.10015290519877684,0.03974999999999995,-0.0036695977290035486,0.038280435642140676,0.03332438647122806,-0.043126684636118684,44007945.85,4
159945.SZ,2024-10-24,2024-10-25,2024-11-01,2024-10-24,-0.010036305699570591,0.015693112467306092,0.11804222648752405,0.0354000000000001,0.004743423889607579,0.04453185994835129,0.03167726543666705,-0.038558256496228016,5706694.45,8
164906.SZ,2024-10-24,2024-10-25,2024-11-01,2024-10-24,0.0030811216390427276,0.0037002775208141436,0.19361936193619345,0.05214999999999992,0.012032459658613881,0.11931650107014224,0.03554333467298557,-0.053415061295971955,77198220.7,21
510270.SH,2024-10-24,2024-10-25,2024-11-01,2024-10-24,-0.006584341676646677,0.016793893129771087,0.14629948364888112,0.045849999999999946,0.010085690452718676,0.05254616080455499,0.031140976865820437,-0.04379562043795637,6082480.85,16
510600.SH,2024-10-24,2024-10-25,2024-11-01,2024-10-24,-0.01306342620359624,0.026905829596412634,0.1968641114982579,0.14829999999999943,0.023875525350979254,0.08367070071923854,0.037700765796302896,-0.04291845493562241,8327840.4,5
510680.SH,2024-10-24,2024-10-25,2024-11-01,2024-10-24,-0.008554614044862574,0.02756052141526988,0.1964440589765828,0.11985000000000046,0.026910336100048227,0.08100749721704381,0.03223724769466021,-0.040042903110475425,48852300.5,12
510710.SH,2024-10-24,2024-10-25,2024-11-01,2024-10-24,-0.009853614537036925,0.028299243485570225,0.20209629872256807,0.16214999999999957,0.027521908334966483,0.08381125777575482,0.03380554000753321,-0.0400753093060785,18820739.15,9
510800.SH,2024-10-24,2024-10-25,2024-11-01,2024-10-24,-0.007126604465305997,0.02761506276150616,0.20156555772994134,0.05414999999999992,0.024742354070179884,0.08564224131422793,0.03620426803579015,-0.04016064257028096,52273892.1,15
512150.SH,2024-10-24,2024-10-25,2024-11-01,2024-10-24,-0.009147009120342053,0.026976160602258492,0.19926739926739923,0.06950000000000012,0.01787657391574693,0.08918211165541678,0.03825924743805608,-0.046080191502094636,23384904.75,10
512290.SH,2024-10-24,2024-10-25,2024-11-01,2024-10-24,-0.01846510614090424,0.04371584699453557,0.1937500000000001,0.04005000000000014,0.026992149693515266,0.08327346859528206,0.04433318186167999,-0.057672502574665385,146568948.9,2
513050.SH,2024-10-24,2024-10-25,2024-11-01,2024-10-24,-0.0014197624118127417,0.005799502899751285,0.16955684007707128,0.05604999999999993,0.008808376267242846,0.1171728736983797,0.03434063245792741,-0.05555555555555547,4965065448.6,20
513220.SH,2024-10-24,2024-10-25,2024-11-01,2024-10-24,0.007525293983740022,0.01746323529411753,0.22999999999999998,0.061349999999999794,0.019196243612760622,0.15233228418856304,0.04418652545021281,-0.058008658008657954,222748044.8,25
513330.SH,2024-10-24,2024-10-25,2024-11-01,2024-10-24,0.00402694226851863,0.007009345794392496,0.19722222222222197,0.02239999999999992,0.0045449248339355375,0.149754354622599,0.03932524116744691,-0.05934065934065935,8224451106.1,24
513900.SH,2024-10-24,2024-10-25,2024-11-01,2024-10-24,-0.002951439623529395,0.016826923076922906,0.13253012048192758,0.031050000000000022,0.014936116609681527,0.10702111647261936,0.02451368361626555,-0.038150289017340966,17911089.5,19
515180.SH,2024-10-24,2024-10-25,2024-11-01,2024-10-24,-0.00882234903515322,-0.04294917680744459,0.08346839546191243,0.02970000000000006,-0.022303473491773418,0.04142868022237467,0.031090446543926138,-0.06568832983927331,194238000.05,11
517180.SH,2024-10-24,2024-10-25,2024-11-01,2024-10-24,-0.005846104698162713,0.013245033112582849,0.1383928571428572,0.053400000000000336,0.010501287893798228,0.02874031797798615,0.03419432815595657,-0.06501547987616108,128677137.7,17
517990.SH,2024-10-24,2024-10-25,2024-11-01,2024-10-24,-0.025196544339378235,0.030707610146862407,0.19319938176197837,0.033299999999999885,0.017529985501515855,0.09535840612141766,0.04368927976032298,-0.053097345132743445,1875188.9,1
159627.SZ,2024-10-24,2024-10-25,2024-11-01,2024-10-24,-0.016463403492063544,0.039024390243902474,0.21993127147766312,0.05054999999999987,0.029333591069443887,0.09808256978101637,0.038052634709189584,-0.04916512059369216,5090142.95,3
159750.SZ,2024-10-24,2024-10-25,2024-11-01,2024-10-24,-0.007984639729064047,0.023959646910466592,0.1941176470588235,0.04015000000000002,0.023636936653009588,0.14999879189117382,0.034147241757263296,-0.05256869772998807,84983362.1,14
510100.SH,2024-10-24,2024-10-25,2024-11-01,2024-10-24,-0.010124984171554274,0.030211480362537735,0.2038834951456312,0.06050000000000022,0.02962823174183815,0.08266590389016026,0.03005872409978322,-0.04127443881245474,265689656.75,7
160607.SZ,2024-10-24,2024-10-25,2024-11-01,2024-10-24,-0.012103795928057548,-0.011379800853485111,0.09968354430379756,0.019399999999999862,0.007100420228952409,0.055736868944415985,0.02877831124693749,-0.02250351617440227,196136.95,6
160125.SZ,2024-10-24,2024-10-25,2024-11-01,2024-10-24,0.023022273945454863,0.008310249307479367,0.18054054054054047,0.049250000000000016,0.025496548809691433,0.11607797924745844,0.02253227272663926,-0.03217158176943702,277362.1,26
510010.SH,2024-10-24,2024-10-25,2024-11-01,2024-10-24,-0.008104791777221565,0.012618296529968376,0.17067833698030643,0.0677500000000002,0.015983541699635895,0.07265319979629936,0.03890983752966585,-0.06686046511627919,1463323.5,13
159601.SZ,2024-10-31,2024-11-01,2024-11-08,2024-10-31,0.04416740638014538,-0.018979833926453082,0.061617458279846105,0.025999999999999912,-0.024591614082679625,0.11591023756772767,0.033482877627831684,-0.030480656506447712,214684878.4,79
159602.SZ,2024-10-31,2024-11-01,2024-11-08,2024-10-31,0.043982993643122636,-0.019441069258809285,0.06464379947229548,0.025500000000000078,-0.024006772691540168,0.10180558331667666,0.03211291369022173,-0.030048076923076983,27152831.85,78
159726.SZ,2024-10-31,2024-11-01,2024-11-08,2024-10-31,0.030180458508181074,-0.026241799437675795,0.03280318091451284,0.02485000000000004,-0.019302468261834016,0.10023193021323729,0.027065049421111362,-0.03445065176908768,105828966.75,37
159740.SZ,2024-10-31,2024-11-01,2024-11-08,2024-10-31,0.04429826376039925,0.0033277870216306127,0.09239130434782594,0.02375000000000005,-0.009770917152475578,0.18108938096007776,0.036717319981579434,-0.021172638436482094,2271844402.05,80
159742.SZ,2024-10-31,2024-11-01,2024-11-08,2024-10-31,0.04144604847896449,0.0032467532467532756,0.0957446808510638,0.024449999999999972,-0.008821170809943935,0.17982843446448826,0.03533716164309654,-0.020602218700475405,553150304.3,68
159747.SZ,2024-10-31,2024-11-01,2024-11-08,2024-10-31,0.029766133842716647,0.0008944543828266482,0.08430232558139528,0.040899999999999936,-0.012269397122429138,0.16872130809305208,0.03315031235739204,-0.02441150828247607,158965321.0,35
159822.SZ,2024-10-31,2024-11-01,2024-11-08,2024-10-31,0.026197884211356604,-0.00783699059561127,0.04283360790774293,0.017800000000000038,-0.024277456647398887,0.12924281984334218,0.0344857309416844,-0.026153846153846194,12719445.2,22
159850.SZ,2024-10-31,2024-11-01,2024-11-08,2024-10-31,0.026484103279132754,-0.009433962264150941,0.045519203413940224,0.01969999999999994,-0.01421673819742486,0.12776041141474215,0.032937888581649574,-0.025198938992042508,162531116.2,25
159887.SZ,2024-10-31,2024-11-01,2024-11-08,2024-10-31,0.03088434126012607,-0.03206239168110914,0.008122743682310585,0.02210000000000001,-0.0280617794213619,0.07381452931558052,0.023542254155158825,-0.04692832764505128,64037454.45,41
159920.SZ,2024-10-31,2024-11-01,2024-11-08,2024-10-31,0.022735518832528223,-0.006415396952686669,0.044688026981450246,0.028649999999999842,-0.010462423129143139,0.11304373592509176,0.024425487766545656,-0.018225039619651495,2163702416.05,10
159923.SZ,2024-10-31,2024-11-01,2024-11-08,2024-10-31,0.055500673755787044,-0.012478729438457181,0.10189873417721529,0.06475000000000031,-0.073098014161742,0.1651503246350441,0.06376594465139093,-0.03224013340744847,15504158.95,105
159930.SZ,2024-10-31,2024-11-01,2024-11-08,2024-10-31,0.019416686938483307,-0.030576789437109175,-0.029902642559110015,0.00924999999999998,-0.040280692098654924,0.04356722347197617,0.03180165207184735,-0.036602209944751385,46657892.35,6
159931.SZ,2024-10-31,2024-11-01,2024-11-08,2024-10-31,0.06531915686417,-0.007764836383804652,0.044366608289550635,0.06364999999999976,-0.010837111578015923,0.14623119824235253,0.03888890326505543,-0.032258064516129115,19390316.1,123
159940.SZ,2024-10-31,2024-11-01,2024-11-08,2024-10-31,0.06841460670454524,-0.00435161009573537,0.11175898931000994,0.046250000000000124,0.0023218118894292594,0.14750829451389125,0.031107536179863872,-0.021588946459412894,26603966.45,126
159945.SZ,2024-10-31,2024-11-01,2024-11-08,2024-10-31,0.039058823730158565,-0.026609442060085753,-0.012195121951219301,0.013600000000000056,-0.03333049185917647,0.05313084461734108,0.030047974803033815,-0.03407155025553643,5471566.85,61
159954.SZ,2024-10-31,2024-11-01,2024-11-08,2024-10-31,0.035741911454545416,-0.011918951132300237,0.050697084917617374,0.022399999999999975,-0.01020834577040175,0.12347417840375585,0.024687560499772363,-0.02699530516431914,28715376.3,52
159959.SZ,2024-10-31,2024-11-01,2024-11-08,2024-10-31,0.049472984008235965,-0.011556764106050443,0.08023774145616658,0.045099999999999696,-0.014304114975255855,0.093706362838748,0.03920530832176706,-0.02219233355749828,40465713.5,97
159965.SZ,2024-10-31,2024-11-01,2024-11-08,2024-10-31,0.04865623729285695,-0.022346368715083664,0.05580693815987936,0.043099999999999916,-0.021013251284920043,0.1083224614748699,0.02762568937145061,-0.0344827586206895,2097765.15,95
160219.SZ,2024-10-31,2024-11-01,2024-11-08,2024-10-31,0.060249172970479714,-0.023423423423423406,0.10162601626016254,0.020950000000000024,-0.028760863721888685,0.10432058047493409,0.04204460606284025,-0.03730017761989346,613461.5,115
160631.SZ,2024-10-31,2024-11-01,2024-11-08,2024-10-31,0.026200611444636923,-0.03161397670549093,0.012173913043478368,0.02289999999999992,-0.022711053272322812,0.06970930754722637,0.024473075347421276,-0.04354971240755967,970151.9,23
160717.SZ,2024-10-31,2024-11-01,2024-11-08,2024-10-31,0.016313014600000342,-0.009188361408882129,0.05374592833876224,0.016550000000000065,-0.006373339476311246,0.11692729923668521,0.02227894971921234,-0.018209408194233667,1116144.65,4
160924.SZ,2024-10-31,2024-11-01,2024-11-08,2024-10-31,0.030631342812500018,-0.005931198102016588,0.048811013767208866,0.019400000000000084,-0.005695301376364648,0.10965306883763826,0.024742404515681448,-0.012956419316843326,1700870.75,39
161125.SZ,2024-10-31,2024-11-01,2024-11-08,2024-10-31,0.03793022065580276,-0.00275807722616217,0.02056451612903243,0.015200000000000102,-0.0007106759317752065,0.02257541399473806,0.009830265966163185,-0.012099921935987523,6136206.2,57
161831.SZ,2024-10-31,2024-11-01,2024-11-08,2024-10-31,0.0338105721407187,-0.007374631268436627,0.06825396825396823,0.01959999999999995,-0.004437869822485174,0.13163327939289093,0.024258495846371866,-0.014641288433382194,931476.5,47
162720.SZ,2024-10-31,2024-11-01,2024-11-08,2024-10-31,0.0044990700510203485,0.006321112515802696,0.22650231124807396,0.04344999999999999,0.01330278149067543,0.16732298090497078,0.05188348644582112,-0.032178217821782096,882769.85,0
163402.SZ,2024-10-31,2024-11-01,2024-11-08,2024-10-31,0.03917720800995039,-0.009819967266775809,0.1060329067641681,0.020899999999999808,-0.007790077900778902,0.10122810186021303,0.033869307863928645,-0.021035598705501646,8126531.6,62
163412.SZ,2024-10-31,2024-11-01,2024-11-08,2024-10-31,0.0379656943550164,-0.012431444241316147,0.09131313131313123,0.08395000000000064,-0.0026217643366198695,0.08795446936725826,0.03154932812939664,-0.026334776334776322,887783.05,59
168204.SZ,2024-10-31,2024-11-01,2024-11-08,2024-10-31,0.027220649250535356,-0.012098895318253478,-0.006349206349206327,0.02639999999999998,-0.030384387020161663,0.06517873510540784,0.03441983486796984,-0.03808543489449312,254903.5,27
501021.SH,2024-10-31,2024-11-01,2024-11-08,2024-10-31,0.03534342657017553,-0.007778738115816863,0.07189542483660127,0.036049999999999915,-0.01251559072728059,0.1232005410453767,0.029764905689417438,-0.020530367835756902,1120083.7,51
501025.SH,2024-10-31,2024-11-01,2024-11-08,2024-10-31,0.0225306587230647,-0.016483516483516536,-0.0031821797931582685,0.012700000000000156,-0.005595016070791048,0.04992500833240765,0.016025721458313713,-0.021093750000000133,3336091.55,9
501077.SH,2024-10-31,2024-11-01,2024-11-08,2024-10-31,0.06472035732026171,-0.01693851944792968,0.320134793597304,0.11004999999999998,0.02582566855422086,0.19155215226406996,0.04155483825544237,-0.05153374233128838,1681186.15,122
501207.SH,2024-10-31,2024-11-01,2024-11-08,2024-10-31,0.04096304270321349,-0.011173184357541888,0.1593886462882097,0.024799999999999933,-0.015390320786204281,0.13740377517663194,0.041744844548657054,-0.029250457038391242,833989.85,66
501208.SH,2024-10-31,2024-11-01,2024-11-08,2024-10-31,0.056473971202916085,-0.008413461538461564,0.2168141592920354,0.044849999999999945,0.002856621892664002,0.1669621959004184,0.037394264616843254,-0.04434072345390894,2119593.85,108
506000.SH,2024-10-31,2024-11-01,2024-11-08,2024-10-31,0.04775815887096768,-0.007288629737609353,0.26579925650557623,0.04179999999999995,0.0025763709974235827,0.1682001891822169,0.07231902723128167,-0.03813559322033899,9742559.05,90
506002.SH,2024-10-31,2024-11-01,2024-11-08,2024-10-31,0.04104176041666685,-0.02511415525114158,0.21999999999999975,0.04709999999999981,-0.0351917754052985,0.16615431909007072,0.07004852692422578,-0.060840707964601726,4303424.4,67
506003.SH,2024-10-31,2024-11-01,2024-11-08,2024-10-31,0.00778431894295295,-0.019543973941368087,0.21370967741935476,0.030950000000000033,-0.02628386575010111,0.13589735738126607,0.06842930856196913,-0.051968503937007915,1225233.4,2
506006.SH,2024-10-31,2024-11-01,2024-11-08,2024-10-31,0.043708468374384246,-0.01916167664670665,0.20974889217134418,0.04180000000000006,-0.009433962264150941,0.13962784286698837,0.06850549875512811,-0.0342384887839432,1240252.45,76
510020.SH,2024-10-31,2024-11-01,2024-11-08,2024-10-31,0.06848457611498815,-0.012732615083251742,0.07310149041873659,0.09360000000000035,-0.02312960330792091,0.111299915038233,0.03886154274921871,-0.027706185567010433,2329416.65,127
510030.SH,2024-10-31,2024-11-01,2024-11-08,2024-10-31,0.041730052489669545,-0.025075225677031132,0.036247334754797356,0.02554999999999996,-0.024439203091283113,0.09553218003225328,0.02815844417973022,-0.030907278165503427,5820536.9,70
510050.SH,2024-10-31,2024-11-01,2024-11-08,2024-10-31,0.05311556101645354,-0.017210469702402365,0.04698242933537067,0.08250000000000046,-0.019565761705476303,0.10448861878016502,0.02864816442387369,-0.026979055733049262,4754407344.2,102
510060.SH,2024-10-31,2024-11-01,2024-11-08,2024-10-31,0.0515248585544148,-0.024949698189134728,0.03991416309012874,0.05735000000000001,-0.027961648012195695,0.07957383533759721,0.03444220325322891,-0.03118752499000399,11810721.5,101
510230.SH,2024-10-31,2024-11-01,2024-11-08,2024-10-31,0.06270334193982596,-0.02472952086553326,0.06949152542372872,0.04169999999999985,-0.025181523250424775,0.13283164158207894,0.04191147942964286,-0.03590527119938891,88311828.2,120
510270.SH,2024-10-31,2024-11-01,2024-11-08,2024-10-31,0.055824070332560316,-0.02402402402402426,0.012461059190030932,0.024799999999999933,-0.032378116858950534,0.06745590338471308,0.029819056327764843,-0.03560830860534148,6402355.5,107
510310.SH,2024-10-31,2024-11-01,2024-11-08,2024-10-31,0.05525740282340608,-0.009612886464016701,0.06958473625140282,0.2053500000000006,-0.02242623959789214,0.5527615179389163,0.03626768733257801,-0.0315040650406504,3111286838.9,104
510600.SH,2024-10-31,2024-11-01,2024-11-08,2024-10-31,0.0478630157125961,-0.0163027656477438,0.041936478569226,0.09785000000000066,-0.021359785678082832,0.10374976024550864,0.03452789819877808,-0.025670608595327327,9023760.75,93
510650.SH,2024-10-31,2024-11-01,2024-11-08,2024-10-31,0.06003957318740416,-0.026986506746626504,0.06568144499178996,0.08554999999999957,-0.020580634207994497,0.1267908004931344,0.038231901865080055,-0.037805782060785664,6514150.3,114
510850.SH,2024-10-31,2024-11-01,2024-11-08,2024-10-31,0.04779558357877289,-0.01665034280117539,0.05204331121201533,0.09115000000000029,-0.019945986398984816,0.10621321831150699,0.030946842747485322,-0.02589834898025234,26764547.8,91
510880.SH,2024-10-31,2024-11-01,2024-11-08,2024-10-31,0.026772194375796143,-0.024798512089274638,-0.013483850736908165,0.04439999999999955,-0.02986570455001003,0.04981142662904192,0.02757728997859644,-0.032595325953259646,748222733.85,26
510900.SH,2024-10-31,2024-11-01,2024-11-08,2024-10-31,0.028167469989339056,-0.011640211640211673,0.047085201793722,0.02485000000000015,-0.011640211640211673,0.12435305082393078,0.02563924481595305,-0.024033437826541326,1195621269.45,31
510990.SH,2024-10-31,2024-11-01,2024-11-08,2024-10-31,0.05579964361173828,-0.012263099219620988,0.06362545018007193,0.02674999999999994,-0.013363028953229383,0.09701720452000417,0.028555804594199263,-0.024229074889867808,7054150.1,106
512070.SH,2024-10-31,2024-11-01,2024-11-08,2024-10-31,0.12050242648714815,-0.0048661800486617945,0.19590643274853803,0.046250000000000124,0.002450980392156854,0.2282374190958809,0.04468161868096774,-0.03588516746411485,392818417.95,135
512090.SH,2024-10-31,2024-11-01,2024-11-08,2024-10-31,0.05065137666666675,-0.0025723472668810476,0.09766454352441611,0.058149999999999924,-0.0048761709226229355,0.1177166624834165,0.033211216845447505,-0.017121116043119833,11869397.3,99
512150.SH,2024-10-31,2024-11-01,2024-11-08,2024-10-31,0.04746617802623354,-0.02138057422113626,0.04774362328319137,0.046499999999999986,-0.031877927179332244,0.10888357755539668,0.03619701441038322,-0.030266343825665842,24318032.75,87
512530.SH,2024-10-31,2024-11-01,2024-11-08,2024-10-31,0.030415954862069272,-0.020283975659229347,0.018987341772151778,0.030200000000000005,-0.02539095342189346,0.0827820598409903,0.030219896324486316,-0.03335557038025372,7426937.35,38
512550.SH,2024-10-31,2024-11-01,2024-11-08,2024-10-31,0.04762851257372658,-0.02035456336178587,0.04262753319357082,0.0431499999999998,-0.03561502165341601,0.1123147160677267,0.03934013381608298,-0.02990897269180759,20805172.15,89
512640.SH,2024-10-31,2024-11-01,2024-11-08,2024-10-31,0.06075901778710269,-0.005284015852047519,0.10898379970544925,0.08899999999999997,-0.005481080367166435,0.14928658166363085,0.036589403746005465,-0.027474923680767427,4369570.2,117
512700.SH,2024-10-31,2024-11-01,2024-11-08,2024-10-31,0.025433666874095318,-0.03361344537815125,0.008771929824561209,0.028299999999999992,-0.02861366276000432,0.06706141558799206,0.026785382397483154,-0.04761904761904778,61344833.9,18
512730.SH,2024-10-31,2024-11-01,2024-11-08,2024-10-31,0.024916688042553092,-0.029655172413793007,0.010775862068965525,0.028000000000000025,-0.02579193352951359,0.07276823848372693,0.02366263535590353,-0.044806517311609007,6327161.7,17
512750.SH,2024-10-31,2024-11-01,2024-11-08,2024-10-31,0.03665842668859676,-0.026372059871703435,0.0356330553449582,0.03725000000000023,-0.024216015429673554,0.10008906119027694,0.02895639221810792,-0.034628975265017625,12578650.8,55
512800.SH,2024-10-31,2024-11-01,2024-11-08,2024-10-31,0.02785016555474429,-0.03175723359209581,0.00956585724797665,0.02760000000000007,-0.02788110674177202,0.07468653231128508,0.02569224731805489,-0.04656011118832515,482432352.1,28
512890.SH,2024-10-31,2024-11-01,2024-11-08,2024-10-31,0.03519387267672003,-0.023875114784205675,0.0009416195856875031,0.01695000000000002,-0.025977000962111196,0.05512407347727999,0.027528311822554576,-0.03539019963702372,354440577.8,50
512930.SH,2024-10-31,2024-11-01,2024-11-08,2024-10-31,0.05982523466189327,0.00799360511590752,0.2828077314343844,0.08079999999999998,0.028506178377717184,0.1967495810896549,0.04285645239795293,-0.03105590062111807,97488654.1,113
513010.SH,2024-10-31,2024-11-01,2024-11-08,2024-10-31,0.044316947977528276,0.003215434083601254,0.09473684210526301,0.02464999999999995,-0.009209272785011158,0.17664642690331633,0.03400898308045143,-0.021943573667711602,1731122300.15,81
513050.SH,2024-10-31,2024-11-01,2024-11-08,2024-10-31,0.024878217294407978,-0.0016474464579900872,0.043927648578811374,0.03550000000000009,-0.021712809750585094,0.1313983044398106,0.030114985614843222,-0.025723472668810365,4960288700.6,16
513060.SH,2024-10-31,2024-11-01,2024-11-08,2024-10-31,0.03706592253768859,-0.033816425120772986,0.05263157894736836,0.011800000000000033,-0.04489016236867249,0.12298891669646062,0.039222300929885365,-0.05437352245862892,2603118658.15,56
513130.SH,2024-10-31,2024-11-01,2024-11-08,2024-10-31,0.042420623675496705,0.0033167495854062867,0.09403254972875219,0.02419999999999989,-0.007790077900778902,0.18160971513468094,0.03489986781186677,-0.02110389610389607,7651901877.3,74
513160.SH,2024-10-31,2024-11-01,2024-11-08,2024-10-31,0.0478490233370914,-0.00450958286358516,0.13205128205128203,0.03895000000000004,-0.006916718214024731,0.17214483455640028,0.03762492585549006,-0.03183315038419321,91217357.5,92
513260.SH,2024-10-31,2024-11-01,2024-11-08,2024-10-31,0.042292797725321796,0.004310344827586077,0.09698681732580017,0.04655000000000009,-0.007539293776888223,0.18018365226716715,0.03429820196667577,-0.021848739495798353,238844666.35,73
513310.SH,2024-10-31,2024-11-01,2024-11-08,2024-10-31,0.057942354686192354,-0.00138792505204699,0.2153716216216215,0.07895000000000008,0.016601907453196674,0.12172121404231717,0.036287496802203015,-0.03247631935047368,2294495573.1,110
513380.SH,2024-10-31,2024-11-01,2024-11-08,2024-10-31,0.04523588549460422,0.0009000900090008201,0.09126594700686952,0.044099999999999806,-0.009927436228464592,0.18182774767191012,0.03538097085488382,-0.02370500438981571,720376486.55,83
513550.SH,2024-10-31,2024-11-01,2024-11-08,2024-10-31,0.03316360655405415,-0.006718924972004436,0.044758539458185975,0.019650000000000056,-0.00705250195902829,0.1044757665677547,0.023102647980593558,-0.015538290788013387,152237278.85,46
513580.SH,2024-10-31,2024-11-01,2024-11-08,2024-10-31,0.04706884429276337,0.0016474464579900872,0.09549549549549541,0.024550000000000072,-0.012906891793165065,0.18281325012001903,0.038468645865575614,-0.022508038585209,519563251.6,86
513600.SH,2024-10-31,2024-11-01,2024-11-08,2024-10-31,0.026305346439426724,-0.00819318671841296,0.02632753235162877,0.046699999999999964,-0.017262006494616067,0.10274854719648174,0.024916589984964904,-0.026661024121878873,472170835.1,24
513890.SH,2024-10-31,2024-11-01,2024-11-08,2024-10-31,0.0351703752169199,0.0021834061135370675,0.11003627569528418,0.039449999999999874,-0.0070845276080254704,0.18729934506228307,0.03406568836012699,-0.021367521367521403,148171534.05,49
513900.SH,2024-10-31,2024-11-01,2024-11-08,2024-10-31,0.03610791321090079,0.0011820330969267712,0.04438964241676935,0.019749999999999934,-0.007383100902378925,0.11527904849039339,0.022467659636642195,-0.012835472578763163,17164094.9,54
513990.SH,2024-10-31,2024-11-01,2024-11-08,2024-10-31,0.028112136784530506,-0.009857612267250793,0.02262443438914019,0.016899999999999915,-0.016963897346672363,0.10021934197407756,0.03490224844381223,-0.022727272727272707,18630196.45,29
515000.SH,2024-10-31,2024-11-01,2024-11-08,2024-10-31,0.08485948011876498,-0.0015760441292353988,0.23009708737864076,0.07209999999999983,0.010245983335327002,0.16724835962585516,0.04238084385808927,-0.035439137134052445,189044396.35,132
515020.SH,2024-10-31,2024-11-01,2024-11-08,2024-10-31,0.025645565756738042,-0.03277591973244154,0.011896431070678837,0.029449999999999976,-0.02698337931498551,0.07454808387563294,0.024907038218554365,-0.045544554455445474,12701559.5,20
515080.SH,2024-10-31,2024-11-01,2024-11-08,2024-10-31,0.03794078496010633,-0.017589576547231256,0.006675567423231055,0.02774999999999994,-0.02201757514835112,0.0549379126329832,0.029148781985739253,-0.028350515463917536,274052917.4,58
515150.SH,2024-10-31,2024-11-01,2024-11-08,2024-10-31,0.04762017216342396,-0.006201550387596733,0.08644067796610155,0.04150000000000009,-0.008622356261841269,0.09533288158563424,0.032439236151285036,-0.01688411358403663,10158334.55,88
515180.SH,2024-10-31,2024-11-01,2024-11-08,2024-10-31,0.03596350792682923,-0.016454749439042682,-0.03874269005847952,0.009899999999999798,-0.04530274430085668,0.04720029397230063,0.028470985394185952,-0.02736686390532539,164962118.3,53
515200.SH,2024-10-31,2024-11-01,2024-11-08,2024-10-31,0.060355457419571046,0.0020174848688636615,0.17322834645669283,0.07074999999999987,-0.00026838432635534204,0.14241913230108838,0.03964824450724346,-0.016534391534391624,4742496.6,116
515290.SH,2024-10-31,2024-11-01,2024-11-08,2024-10-31,0.028118483390804583,-0.031670625494853555,0.01074380165289246,0.02495000000000025,-0.02731936215055497,0.07568477036487842,0.02606612418209288,-0.04453125000000013,58836797.35,30
515300.SH,2024-10-31,2024-11-01,2024-11-08,2024-10-31,0.029927220021818357,-0.01714285714285735,0.014001473839351464,0.022350000000000092,-0.021893659368780294,0.030069315630186333,0.02375161531448122,-0.027561837455830518,52407344.85,36
515450.SH,2024-10-31,2024-11-01,2024-11-08,2024-10-31,0.04219007933962238,-0.01571428571428557,0.012490815576781777,0.02520000000000011,-0.020785219399538146,0.06499583764284456,0.0273874533614476,-0.02614840989399292,39608364.05,72
515890.SH,2024-10-31,2024-11-01,2024-11-08,2024-10-31,0.030818356302395156,-0.014716703458425351,0.007524454477050524,0.023500000000000076,-0.01965808836987959,0.03528386265443806,0.026730467814281064,-0.02547307132459964,37800720.1,40
515980.SH,2024-10-31,2024-11-01,2024-11-08,2024-10-31,0.06688369736334399,0.007486631016042855,0.27989130434782594,0.060250000000000026,0.027038813781072868,0.2021232442823131,0.04261431977523733,-0.03319502074688796,139080391.75,125
516210.SH,2024-10-31,2024-11-01,2024-11-08,2024-10-31,0.020791359049657565,-0.03075644222776386,0.010398613518197486,0.023199999999999887,-0.025938766133411284,0.07342699148109388,0.02905601560685551,-0.04111842105263164,9157176.75,7
516310.SH,2024-10-31,2024-11-01,2024-11-08,2024-10-31,0.02619365809651497,-0.032815198618307284,0.011743450767841113,0.023399999999999865,-0.025493778821891522,0.07468129539008217,0.027290319066923464,-0.04599659284497426,21774203.15,21
516600.SH,2024-10-31,2024-11-01,2024-11-08,2024-10-31,0.06614084943493181,-0.01016949152542379,0.10815939278937359,0.023849999999999927,-0.01550910316925147,0.13184506773516502,0.040857692402354255,-0.025041736227045086,3476145.75,124
516930.SH,2024-10-31,2024-11-01,2024-11-08,2024-10-31,0.053874728029349894,-0.01851851851851838,0.11448598130841114,0.019750000000000045,-0.025934245456401883,0.1157015378773496,0.046285560446756246,-0.04216867469879515,1317358.9,103
517090.SH,2024-10-31,2024-11-01,2024-11-08,2024-10-31,0.03201137777702234,-0.031620553359683834,0.008922443376801592,0.021200000000000108,-0.03996865203761768,0.05693544861544142,0.03681410173237433,-0.04483430799220278,56171464.9,44
517180.SH,2024-10-31,2024-11-01,2024-11-08,2024-10-31,0.031703931292929255,-0.02875816993464053,0.010884353741496655,0.022549999999999848,-0.03296131194481511,0.04714473923314566,0.03344013600593531,-0.040723981900452455,117349617.0,43
517900.SH,2024-10-31,2024-11-01,2024-11-08,2024-10-31,0.034496079782608824,-0.03306451612903216,0.013524936601859716,0.02605000000000013,-0.026232437261430985,0.08470246222966149,0.022504200312398522,-0.04385964912280693,2093694.45,48
560050.SH,2024-10-31,2024-11-01,2024-11-08,2024-10-31,0.04565734142509115,-0.01787842669845041,0.06048906048906044,0.025800000000000045,-0.022422588681931366,0.11386661968108536,0.03358290688050618,-0.029446407538280206,170369970.35,85
561500.SH,2024-10-31,2024-11-01,2024-11-08,2024-10-31,0.07135689648000021,-0.018720748829953227,0.09391304347826068,0.023350000000000093,-0.024276739315907903,0.11136970950780123,0.04157607371228811,-0.03379416282642089,1684391.85,128
561990.SH,2024-10-31,2024-11-01,2024-11-08,2024-10-31,0.04901569730496469,-0.007042253521126751,0.07770700636942673,0.02849999999999986,-0.015248515888720782,0.11121650462414046,0.037518621337689954,-0.017421602787456414,73737991.5,96
563000.SH,2024-10-31,2024-11-01,2024-11-08,2024-10-31,0.045377333849878854,-0.019002375296911955,0.060333761232349126,0.025799999999999823,-0.024966062680752854,0.11523356078723901,0.03404146609178233,-0.03165298944900341,89229519.2,84
588100.SH,2024-10-31,2024-11-01,2024-11-08,2024-10-31,0.08808966248972872,-0.00646203554119551,0.4318975552968567,0.10220000000000007,0.02799832845800232,0.24339678195957548,0.07530426646677518,-0.05156250000000007,72770154.95,134
588200.SH,2024-10-31,2024-11-01,2024-11-08,2024-10-31,0.0843307936190476,-0.002162941600576729,0.512568306010929,0.1273000000000002,0.04413428894756688,0.2660787060621499,0.08212037958307386,-0.057182705718270666,6525069034.75,131
588260.SH,2024-10-31,2024-11-01,2024-11-08,2024-10-31,0.0873141228132781,-0.008972267536704881,0.4227166276346601,0.10000000000000009,0.024408751738965284,0.24085440278988668,0.07697595100542677,-0.057299843014128826,40565904.9,133
588280.SH,2024-10-31,2024-11-01,2024-11-08,2024-10-31,0.0608796377396279,-0.007092198581560294,0.39720558882235535,0.056050000000000044,0.020705745115193963,0.22420564084255634,0.07571578599367666,-0.0441379310344826,115016337.05,118
588290.SH,2024-10-31,2024-11-01,2024-11-08,2024-10-31,0.08318213347305403,-0.002954209748892045,0.5151515151515151,0.12414999999999998,0.04420466411416646,0.2643597600730214,0.08052054603875423,-0.06241134751773059,473266919.4,130
588310.SH,2024-10-31,2024-11-01,2024-11-08,2024-10-31,0.05875450947030503,-0.012558869701726816,0.2707070707070707,0.04115000000000002,-0.0075733669927422476,0.19818514084063277,0.07642172616422349,-0.04287901990811638,22084385.1,111
588350.SH,2024-10-31,2024-11-01,2024-11-08,2024-10-31,0.06136060074626881,-0.015695067264574036,0.29498525073746307,0.061350000000000016,-0.008021692464128427,0.21401792245793705,0.07838274683553262,-0.06021505376344094,15926211.85,119
159719.SZ,2024-10-31,2024-11-01,2024-11-08,2024-10-31,0.032124388952193605,-0.03240152477763658,0.00461741424802109,0.022150000000000114,-0.039116719242902054,0.05611513987140038,0.0367606946221022,-0.04514106583072086,47425496.65,45
159723.SZ,2024-10-31,2024-11-01,2024-11-08,2024-10-31,0.05665738682291699,-0.0025839793281653423,0.14370370370370367,0.03244999999999987,-0.006179196704428347,0.15641127431520419,0.04892313622017193,-0.01781170483460559,13914151.85,109
159750.SZ,2024-10-31,2024-11-01,2024-11-08,2024-10-31,0.03144004356350161,0.0,0.07978723404255317,0.029149999999999898,-0.012645914396887115,0.1657531657531659,0.030841125174942856,-0.024038461538461564,91982918.0,42
161812.SZ,2024-10-31,2024-11-01,2024-11-08,2024-10-31,0.04819708969953074,-0.006487488415199194,0.14652406417112296,0.04789999999999983,-0.0056119846018273245,0.14386008346891144,0.044571681356245556,-0.021897810218978297,1038741.05,94
161914.SZ,2024-10-31,2024-11-01,2024-11-08,2024-10-31,0.028939008916256226,-0.008038585209003246,0.2003891050583657,0.034500000000000086,-0.02788719079880264,0.16637059724349168,0.06652412032358239,-0.028346456692913358,543634.05,33
501302.SH,2024-10-31,2024-11-01,2024-11-08,2024-10-31,0.023545260241596644,-0.003141361256544517,0.042716319824753546,0.019100000000000117,-0.007919966652771948,0.10485108996008585,0.02793957739490385,-0.01144640998959423,873890.3,11
159896.SZ,2024-10-31,2024-11-01,2024-11-08,2024-10-31,0.038175312515644766,-0.00249066002490661,0.21547799696509862,0.043949999999999934,0.010980689132904287,0.17080018717828716,0.040468038209380316,-0.02676399026763987,2598631.4,60
160322.SZ,2024-10-31,2024-11-01,2024-11-08,2024-10-31,0.04041218872570185,-0.020811654526534884,0.0064171122994651775,0.012350000000000083,-0.023301676267580174,0.07008385627811431,0.019854318881035966,-0.030895983522142068,428769.3,65
160607.SZ,2024-10-31,2024-11-01,2024-11-08,2024-10-31,0.02402299076811576,-0.01151079136690647,0.04885496183206106,0.014200000000000101,-0.024563396279994265,0.07104296033455837,0.027877143704925802,-0.032394366197183166,206878.5,14
164705.SZ,2024-10-31,2024-11-01,2024-11-08,2024-10-31,0.023596092178947536,-0.005224660397074143,0.04615384615384621,0.020050000000000012,-0.017341040462427793,0.11279577303009436,0.04067602010555253,-0.0165631469979296,5473518.95,13
501080.SH,2024-10-31,2024-11-01,2024-11-08,2024-10-31,0.020942922305529743,-0.012081784386617223,0.20112994350282487,0.05200000000000016,0.01055233387204102,0.11036047923154069,0.037374962276495075,-0.04627949183303104,563657.25,8
560650.SH,2024-10-31,2024-11-01,2024-11-08,2024-10-31,0.059439144217771966,-0.013597033374536438,0.09315068493150669,0.02860000000000007,-0.023136246786632397,0.10816188107619262,0.044457313591365615,-0.03855421686746996,635282.6,112
588460.SH,2024-10-31,2024-11-01,2024-11-08,2024-10-31,0.0635730891690276,-0.005633802816901401,0.3753246753246753,0.07999999999999996,0.017779913503123357,0.21164483260553135,0.07431410201631955,-0.04189435336976344,95636001.05,121
501059.SH,2024-10-31,2024-11-01,2024-11-08,2024-10-31,0.024025964907597563,-0.004089979550102263,0.029598308668076223,0.039349999999999996,-0.014419428282317348,0.06324415435375141,0.03011975428485508,-0.021618903971845183,634482.7,15
161121.SZ,2024-10-31,2024-11-01,2024-11-08,2024-10-31,0.023561410857142917,-0.03409090909090895,0.01115241635687747,0.02849999999999997,-0.03371345340864684,0.07607324439007646,0.03054941069842615,-0.04561403508771922,397301.25,12
501062.SH,2024-10-31,2024-11-01,2024-11-08,2024-10-31,0.009928616069692309,-0.00404530744336562,0.036195286195286336,0.017100000000000337,-0.004850444624090566,0.0650327172540468,0.018966122204821283,-0.016000000000000014,625881.1,3
159895.SZ,2024-10-31,2024-11-01,2024-11-08,2024-10-31,0.043662564848484964,-0.002320185614849146,0.21640735502121622,0.0466000000000002,0.010991594662904669,0.16989478992367113,0.043376015335576765,-0.03737259343148358,577077.3,75
160644.SZ,2024-10-31,2024-11-01,2024-11-08,2024-10-31,0.04152936779859506,-0.009946442234123887,0.04439063761097661,0.02650000000000019,-0.00235148991943257,0.08258909940739523,0.010158636494832715,-0.019696969696969546,2706422.85,69
160919.SZ,2024-10-31,2024-11-01,2024-11-08,2024-10-31,0.025528196928104707,-0.012876990850559267,0.0596580574754455,0.06979999999999986,-0.025361349036402636,0.09283037264998928,0.025224668501999007,-0.0319042871385844,451422.25,19
501081.SH,2024-10-31,2024-11-01,2024-11-08,2024-10-31,0.05022742300857841,-0.012964054213317477,0.30046583850931685,0.10885000000000011,0.021123540707775668,0.18625253109632633,0.03914310335597572,-0.035260115606936426,708314.05,98
501085.SH,2024-10-31,2024-11-01,2024-11-08,2024-10-31,0.045221407633209365,-0.009750152346130414,0.2199699699699702,0.08855000000000013,0.009410814672174306,0.14470082127493167,0.041962292659129284,-0.045697329376854556,544955.55,82
510190.SH,2024-10-31,2024-11-01,2024-11-08,2024-10-31,0.05137961210723896,-0.014760147601475926,0.051476793248945274,0.10999999999999943,-0.02484836626883169,0.10711844499427148,0.03715688088789717,-0.024027161138678532,20307401.4,100
501075.SH,2024-10-31,2024-11-01,2024-11-08,2024-10-31,0.0282572522922806,0.0053956834532373765,0.1180000000000001,0.06194999999999995,0.0027205596579868985,0.10507014954958938,0.036259939601336236,-0.03248259860788849,852598.15,32
516720.SH,2024-10-31,2024-11-01,2024-11-08,2024-10-31,0.03937609360000027,-0.012401352874859106,0.07352941176470584,0.028200000000000003,-0.012735264284909231,0.11127810132130977,0.03383012343261317,-0.025669642857142905,1968605.55,63
160926.SZ,2024-10-31,2024-11-01,2024-11-08,2024-10-31,0.007404438546910752,-0.01942857142857146,0.0902160101651841,0.025050000000000017,-0.029576429338913135,0.10051033109285545,0.04197158854035335,-0.03378378378378377,465741.55,1
165521.SZ,2024-10-31,2024-11-01,2024-11-08,2024-10-31,0.043762070544388854,-0.023178807947019875,0.06690777576853502,0.03854999999999986,-0.013460413008945737,0.11682410246035557,0.02653764588543054,-0.03986981285598057,580089.75,77
169104.SZ,2024-10-31,2024-11-01,2024-11-08,2024-10-31,0.01886892292207798,-0.009646302250803762,0.05119453924914663,0.03364999999999996,-0.015219337511190756,0.07764046492396748,0.025405271493688358,-0.016645326504481472,207537.05,5
159933.SZ,2024-10-31,2024-11-01,2024-11-08,2024-10-31,0.08176822928571448,-0.011960855382384894,0.09742351046698872,0.10554999999999959,-0.010813556861891227,0.14487104033235254,0.04142921127633399,-0.027509824937477667,877594.65,129
510010.SH,2024-10-31,2024-11-01,2024-11-08,2024-10-31,0.04218590854952109,-0.020560747663551537,0.040370615486432726,0.037949999999999706,-0.028249984545960394,0.08962931363524107,0.03805540021816603,-0.08604651162790722,1877938.7,71
160106.SZ,2024-10-31,2024-11-01,2024-11-08,2024-10-31,0.02910786706554891,-0.0075301204819276935,0.02968750000000009,0.030200000000000005,-0.021420351189813336,0.0653632684270895,0.026094138156444402,-0.02370370370370367,308983.25,34
160314.SZ,2024-10-31,2024-11-01,2024-11-08,2024-10-31,0.039797633181019254,-0.02203389830508473,0.07850467289719609,0.03059999999999996,-0.020996818663838845,0.08837832015019553,0.028150066497605295,-0.03269069572506278,229418.7,64
161129.SZ,2024-11-07,2024-11-08,2024-11-15,2024-11-07,-0.020907023584905815,0.003646973012399579,0.008797653958944052,0.005800000000000027,-0.0034762456546930665,0.013766014463492349,0.008441398528420446,-0.015793251974156486,2836469.85,0
159812.SZ,2024-11-14,2024-11-15,2024-11-22,2024-11-14,0.05261946210369106,-0.029763941156346285,-0.036684782608695676,-0.00010000000000065512,-0.04693092265555432,0.04218314483765062,0.009938769386072062,-0.06030483764082173,3884362.6,10
159830.SZ,2024-11-14,2024-11-15,2024-11-22,2024-11-14,0.05195273294615532,-0.03051560855840052,-0.0372692441657958,8.881784197001252e-16,-0.04756161645747359,0.04260001077799136,0.010061793517663785,-0.060343362230154574,9040576.7,8
159831.SZ,2024-11-14,2024-11-15,2024-11-22,2024-11-14,0.050926253809688626,-0.030333670374115274,-0.036664992466097335,0.00039999999999906777,-0.04720902121176984,0.04222143602930384,0.009788216225488961,-0.06041802743305014,8082036.6,3
159834.SZ,2024-11-14,2024-11-15,2024-11-22,2024-11-14,0.05002384497819534,-0.031198954590003214,-0.037175324675324695,0.0010500000000011056,-0.047404897087285125,0.04224860919687745,0.009701650226574493,-0.060063391442155334,6561202.25,2
159934.SZ,2024-11-14,2024-11-15,2024-11-22,2024-11-14,0.05319216283286132,-0.029691006387018937,-0.03881668946648431,-0.002049999999998775,-0.04831240952534155,0.04246262641713683,0.01018859533069559,-0.0611324536495742,669248174.3,12
159937.SZ,2024-11-14,2024-11-15,2024-11-22,2024-11-14,0.05161278754908838,-0.02955749188450363,-0.037451279444162044,-0.000700000000000145,-0.04714773404014383,0.04239370243969276,0.010041325488557394,-0.0599139357828532,263765018.9,5
161810.SZ,2024-11-14,2024-11-15,2024-11-22,2024-11-14,-0.018146629137404502,-0.055636363636363595,0.044229995979091274,0.03954999999999975,-0.026502230385725523,0.0869715799123969,0.016294877467025445,-0.07612949128424051,995772.85,0
518600.SH,2024-11-14,2024-11-15,2024-11-22,2024-11-14,0.05286959357092069,-0.029946338930240568,-0.03760947964966521,-0.001300000000000523,-0.04726283577014612,0.04264282717749035,0.009794970702760333,-0.05988928032209362,24725407.35,11
518660.SH,2024-11-14,2024-11-15,2024-11-22,2024-11-14,0.053388446084814634,-0.029487399279958915,-0.037572254335260236,-0.0032000000000005357,-0.04781127791093731,0.041832168975910466,0.010031309888146142,-0.060726729716276795,28635117.1,14
518680.SH,2024-11-14,2024-11-15,2024-11-22,2024-11-14,0.05174125464323387,-0.03046380284100636,-0.03672844754293492,-0.0008499999999997954,-0.04752297125755556,0.042423233314638154,0.009954617717836997,-0.06053067993366501,18874146.45,7
518800.SH,2024-11-14,2024-11-15,2024-11-22,2024-11-14,0.053287572681802065,-0.030878040365706627,-0.03735435229609341,-0.0011499999999999844,-0.047546389305665016,0.042783017617056496,0.009948287347450832,-0.060692191941147056,185431472.55,13
518850.SH,2024-11-14,2024-11-15,2024-11-22,2024-11-14,0.052275631691985236,-0.02926663263569862,-0.03680567280094549,-0.0012999999999996348,-0.04719754158594436,0.042594006018939146,0.009824187661126268,-0.06013179571663929,86878911.8,9
518860.SH,2024-11-14,2024-11-15,2024-11-22,2024-11-14,0.05134867308390034,-0.02569775357385984,-0.03195806560703429,0.0011500000000008725,-0.04361771437162776,0.042372143508065285,0.010090147817003547,-0.05590369393139849,7274003.6,4
518880.SH,2024-11-14,2024-11-15,2024-11-22,2024-11-14,0.05172378583435533,-0.030716723549487956,-0.03810330228619807,-0.0019999999999997797,-0.048281293198059516,0.04261730896893878,0.009970329275440415,-0.06131217980499082,2238377460.15,6
518890.SH,2024-11-14,2024-11-15,2024-11-22,2024-11-14,0.0497534069473502,-0.029241754505270223,-0.035635872318865,-0.0004999999999997229,-0.04649784167856463,0.042418316960944225,0.009667910876515508,-0.05915307299390349,11486906.7,1
159609.SZ,2024-11-21,2024-11-22,2024-11-29,2024-11-21,-0.014761449736842014,-0.033203125,0.02910602910602922,0.0050000000000001155,-0.03367496339677911,0.15285071267816974,0.02891221834088671,-0.08490566037735858,33160241.0,55
159631.SZ,2024-11-21,2024-11-22,2024-11-29,2024-11-21,-0.018535305433698857,-0.014734774066797796,0.006018054162487463,-0.00019999999999997797,-0.007422068283028271,0.08061382715169207,0.010899154101225899,-0.043227665706051965,8604667.3,36
159632.SZ,2024-11-21,2024-11-22,2024-11-29,2024-11-21,0.002301948565621492,-0.019517795637198687,0.038297872340425476,0.01464999999999983,0.007699342163485667,0.034042033981026565,0.012057264097487858,-0.024027459954233388,166729008.95,85
159708.SZ,2024-11-21,2024-11-22,2024-11-29,2024-11-21,-0.017066578149556366,-0.019875776397515588,-0.006297229219143552,-0.0005499999999999394,-0.015042756382248279,0.0730503895871939,0.011891911611378406,-0.040194884287454324,12713286.55,46
159709.SZ,2024-11-21,2024-11-22,2024-11-29,2024-11-21,-0.02605528327796225,-0.03825717321997879,0.029579067121729308,0.003249999999999975,-0.0060952171764318,0.14328464403800267,0.023112432157705583,-0.10569105691056924,979962.65,17
159732.SZ,2024-11-21,2024-11-22,2024-11-29,2024-11-21,-0.025647531303258142,-0.03033980582524276,0.01913265306122458,0.002349999999999852,-0.01884938908331779,0.13046596640599684,0.02093226496585689,-0.08847497089639123,143282321.85,18
159739.SZ,2024-11-21,2024-11-22,2024-11-29,2024-11-21,-0.015864781096136427,-0.03962101636520243,0.10396039603960405,0.01805000000000012,0.01942857142857135,0.2125159359237292,0.030934522744125125,-0.1254125412541255,23620089.3,51
159773.SZ,2024-11-21,2024-11-22,2024-11-29,2024-11-21,-0.015008037116644779,-0.04030226700251893,0.03392130257801895,0.0014999999999999458,-0.003986667538069422,0.1474889383296254,0.02607738307165489,-0.1058394160583942,33489504.7,54
159778.SZ,2024-11-21,2024-11-22,2024-11-29,2024-11-21,-0.029086373372921526,-0.02771362586605086,0.06313131313131315,0.008450000000000069,0.002858504049547239,0.14231292517006833,0.022784327222889995,-0.10109890109890107,1936464.9,9
159779.SZ,2024-11-21,2024-11-22,2024-11-29,2024-11-21,-0.02390198463730564,-0.031367628607277265,0.01981505944517825,0.0012999999999999678,-0.015682774448552927,0.15090001956564292,0.020222933791218638,-0.09461077844311372,7786717.7,23
159786.SZ,2024-11-21,2024-11-22,2024-11-29,2024-11-21,-0.020309656554524325,-0.03363228699551568,0.05378973105134466,0.007100000000000217,-0.013560679750529547,0.15392741598256965,0.022549853423959976,-0.0897297297297297,11847515.4,31
159811.SZ,2024-11-21,2024-11-22,2024-11-29,2024-11-21,-0.02729507100166939,-0.0415003990422983,-0.005794701986754913,-0.0019000000000000128,-0.017988552739165775,0.11087562068547863,0.018587251505524635,-0.07621247113163987,5208849.9,14
159863.SZ,2024-11-21,2024-11-22,2024-11-29,2024-11-21,-0.011231825851063748,-0.0358361774744026,0.025408348457350183,0.005449999999999955,-0.03534232542257121,0.15454366252710416,0.02720713065696727,-0.08566721581548586,19516277.75,66
159889.SZ,2024-11-21,2024-11-22,2024-11-29,2024-11-21,-0.0390794856577541,-0.028066528066528096,0.06009070294784591,0.011149999999999993,-0.0031451569913107935,0.1534772182254196,0.02341417362769234,-0.09462151394422313,5402122.85,0
159890.SZ,2024-11-21,2024-11-22,2024-11-29,2024-11-21,-0.007474545184866677,-0.03770491803278697,0.10131332082551592,0.018549999999999844,0.01649422052902727,0.21114723154362403,0.03290687104804882,-0.13364413364413363,24592057.85,74
159909.SZ,2024-11-21,2024-11-22,2024-11-29,2024-11-21,-0.018314534933530302,-0.04915730337078639,0.013473053892215647,0.000500000000000056,-0.02160560734157091,0.13651793046810856,0.020581483154037822,-0.10148849797022996,4354151.4,37
159936.SZ,2024-11-21,2024-11-22,2024-11-29,2024-11-21,-0.018151357861570183,-0.02123356926188069,0.01467505241090139,0.008599999999999941,-0.006262190740170426,0.09717568214456684,0.01169843301951198,-0.04731075697211151,5129651.75,38
159941.SZ,2024-11-21,2024-11-22,2024-11-29,2024-11-21,0.0072556365589520055,-0.017301038062283558,0.040293040293040594,0.009649999999999936,0.009239516702203465,0.03166674304569006,0.012332832228586981,-0.025862068965517238,1128308528.75,90
159959.SZ,2024-11-21,2024-11-22,2024-11-29,2024-11-21,-0.02540058292421188,-0.008655126498002597,0.012236573759347502,0.00295000000000023,-0.0036134903640256955,0.07145929926867733,0.010574840303674156,-0.034415584415584566,21920899.6,20
159965.SZ,2024-11-21,2024-11-22,2024-11-29,2024-11-21,-0.012406582362751828,-0.01635991820040883,0.007681564245810124,0.000500000000000167,0.0015964461719997214,0.07129844216683834,0.011116719711141821,-0.027210884353741527,1067757.65,62
159974.SZ,2024-11-21,2024-11-22,2024-11-29,2024-11-21,-0.033953675139563155,-0.007263922518159771,0.01547987616099089,0.005499999999999616,-0.0034332938352624742,0.07353005131773505,0.010722474524764962,-0.03537735849056611,8028257.55,2
159975.SZ,2024-11-21,2024-11-22,2024-11-29,2024-11-21,-0.015975296000000028,-0.02657807308970106,0.02447552447552437,0.0023499999999999632,-0.005515485787017549,0.1119323185306329,0.015185305438537789,-0.06178861788617873,5560872.7,50
159994.SZ,2024-11-21,2024-11-22,2024-11-29,2024-11-21,-0.028936226619411087,-0.0456905503634476,-0.02751322751322749,-0.00804999999999989,-0.0293620616814535,0.11370765370138036,0.021799345495247924,-0.1046859421734796,46646106.95,11
160222.SZ,2024-11-21,2024-11-22,2024-11-29,2024-11-21,-0.014512672273781724,-0.014840182648401812,0.03601440576230486,0.008650000000000047,-0.00034750376462422405,0.08926881584758051,0.015910472114669543,-0.03695408734602468,301657.7,58
161130.SZ,2024-11-21,2024-11-22,2024-11-29,2024-11-21,0.0046770631944852425,-0.014838521966831664,0.0370597243491575,0.02784999999999993,0.00975158798795217,0.033740770997425784,0.011302955666655139,-0.02086956521739136,5709659.7,89
161631.SZ,2024-11-21,2024-11-22,2024-11-29,2024-11-21,-0.005404718125000096,-0.03384207033842068,0.04597701149425282,0.00969999999999982,0.006776379477250849,0.15675949502086306,0.02399218425934909,-0.0967328635490069,2122064.7,77
161912.SZ,2024-11-21,2024-11-22,2024-11-29,2024-11-21,-0.007000849944491683,-0.02821576763485467,0.00042716787697583136,-0.005550000000000388,-0.024552781190778528,0.14507257205538693,0.016707060004365917,-0.08356883326604758,2933105.5,75
162605.SZ,2024-11-21,2024-11-22,2024-11-29,2024-11-21,-0.01466129740489841,-0.023906408952187097,0.015343915343915215,0.010150000000000547,-0.01082474226804131,0.08311311274053668,0.0154132503368694,-0.05062034739454102,5319771.45,56
163402.SZ,2024-11-21,2024-11-22,2024-11-29,2024-11-21,-0.020357407660625992,-0.02254428341384862,-0.006546644844517169,-0.0025000000000000577,-0.012767341628039164,0.07054556006964563,0.010379184161198676,-0.053459119496855445,5501345.45,30
163412.SZ,2024-11-21,2024-11-22,2024-11-29,2024-11-21,-0.023935045264501853,-0.024563901744393046,0.001828153564899404,-0.003349999999999742,-0.008593396653098329,0.07192030976283004,0.01158224526104451,-0.05375218150087269,498612.95,22
163418.SZ,2024-11-21,2024-11-22,2024-11-29,2024-11-21,0.0026607754486134283,-0.02373417721518989,-0.003231017770597755,-0.0019500000000001183,-0.012483994878360938,0.06548431105047747,0.010887318741223402,-0.06065318818040444,899245.9,86
165516.SZ,2024-11-21,2024-11-22,2024-11-29,2024-11-21,-0.01069911090947362,-0.04624624624624618,-0.003138731952291196,-0.007600000000000051,-0.01923848933082173,0.11010935518151599,0.012752367644849518,-0.04777133719768134,397834.75000000006,68
501078.SH,2024-11-21,2024-11-22,2024-11-29,2024-11-21,-0.016085910287769845,-0.0212418300653594,0.00955056179775271,0.0025500000000000522,-0.008879819094368746,0.1186681200255022,0.014783591287279829,-0.059637912673056515,1037327.7,49
501083.SH,2024-11-21,2024-11-22,2024-11-29,2024-11-21,-0.010821940818253162,-0.040632054176072074,-0.0199846272098384,-0.005849999999999911,-0.024670109007458363,0.1430341008452347,0.019341079362619997,-0.08309248554913273,422307.3,67
501089.SH,2024-11-21,2024-11-22,2024-11-29,2024-11-21,0.015588156248934393,-0.002540220152413064,0.04247787610619458,0.010850000000000026,0.004862236628849326,0.07330545976134539,0.016854187217791913,-0.04466501240694776,592645.0,91
501095.SH,2024-11-21,2024-11-22,2024-11-29,2024-11-21,-0.01240384807086603,-0.040968342644320366,0.015779092702169706,-0.00034999999999996145,-0.00971060474954355,0.11538873994638088,0.014328129299996176,-0.07299270072992703,254685.6,63
501205.SH,2024-11-21,2024-11-22,2024-11-29,2024-11-21,-0.0005999099999999258,-0.02244897959183667,0.03455723542116629,0.002599999999999991,-0.007665216490573834,0.18979541533152577,0.023145119460587178,-0.09784735812133072,3255306.1,83
501207.SH,2024-11-21,2024-11-22,2024-11-29,2024-11-21,-0.026558353896103837,-0.014705882352941235,-0.0018621973929237035,-0.0019999999999998908,-0.009608277900960971,0.08798498961334866,0.013118541790673746,-0.05525846702317294,524911.75,16
506006.SH,2024-11-21,2024-11-22,2024-11-29,2024-11-21,-0.007696241999999853,-0.029069767441860517,-1.1102230246251565e-16,-0.00014999999999998348,-0.0037582771580266794,0.10056024861032076,0.01270292374564734,-0.043528064146620915,696891.9,72
510810.SH,2024-11-21,2024-11-22,2024-11-29,2024-11-21,-0.03424974468013464,-0.02631578947368418,0.062200956937799035,0.015700000000000047,-0.010143796678185213,0.12095464200924644,0.018516500443290243,-0.06461864406779672,17897997.3,1
512220.SH,2024-11-21,2024-11-22,2024-11-29,2024-11-21,-0.01615943235928141,-0.036311239193083544,0.032736256948733944,0.007100000000000106,-0.008274266733888869,0.14880641424580365,0.02117494179978208,-0.10209713024282563,9715176.25,48
512330.SH,2024-11-21,2024-11-22,2024-11-29,2024-11-21,-0.02932399583746259,-0.03897338403041839,0.08244111349036376,0.01495000000000013,-0.0033517350157729053,0.20296471983397568,0.028252542672247485,-0.1324977618621307,9040817.55,8
512520.SH,2024-11-21,2024-11-22,2024-11-29,2024-11-21,-0.016358085692945945,-0.013877551020408108,0.017691659646166924,0.003649999999999931,-0.004039904361447744,0.08783521181500187,0.010541729330421188,-0.04316546762589912,4134210.55,47
512910.SH,2024-11-21,2024-11-22,2024-11-29,2024-11-21,-0.01907131244163429,-0.021883920076117946,0.00390625,0.001000000000000112,-0.0109202867176601,0.08207388384723502,0.011010102493211002,-0.043884220354808545,32978381.75,33
512950.SH,2024-11-21,2024-11-22,2024-11-29,2024-11-21,-0.02888481820754729,-0.008651766402307137,0.010286554004408588,0.0026999999999999247,-0.0042365209834522854,0.06860393127998776,0.010680495149499905,-0.03511235955056169,41362261.4,12
512960.SH,2024-11-21,2024-11-22,2024-11-29,2024-11-21,-0.029068578230884823,-0.010408921933085513,0.00909780136467031,0.002649999999999819,-0.004897013195768296,0.0688428959565286,0.01164406940655559,-0.035507246376811574,19396136.7,10
515050.SH,2024-11-21,2024-11-22,2024-11-29,2024-11-21,-0.030125606481647194,-0.04526046114432103,-0.02867072111207658,-0.010099999999999998,-0.030439684329199634,0.11480640015468646,0.022033083353478786,-0.10474631751227492,129643027.25,5
515600.SH,2024-11-21,2024-11-22,2024-11-29,2024-11-21,-0.032201493873517784,-0.005897771952817932,0.0153949129852744,0.004750000000000032,-0.0039722924395129144,0.07241937755245753,0.0116320669816436,-0.03684879288437104,26707252.35,3
515680.SH,2024-11-21,2024-11-22,2024-11-29,2024-11-21,-0.03009040445901645,-0.0077972709551655806,0.011928429423459397,0.004450000000000065,-0.0051793218020130816,0.07274146205097165,0.011021876053620037,-0.03415559772296006,9810846.2,6
515770.SH,2024-11-21,2024-11-22,2024-11-29,2024-11-21,-0.01751023301184429,-0.012500000000000067,0.018041237113401998,0.00354999999999972,-0.003908712646576773,0.08797841693721686,0.012553799031342409,-0.05024311183144248,8213394.1,45
515860.SH,2024-11-21,2024-11-22,2024-11-29,2024-11-21,-0.015490183032427662,-0.01716738197424894,0.017777777777777892,0.0026999999999999247,-0.001787193234819684,0.10424221031351277,0.018507612665564572,-0.07666941467436106,3885746.65,53
515900.SH,2024-11-21,2024-11-22,2024-11-29,2024-11-21,-0.03218068967083598,-0.005235602094240788,0.015364061456245803,0.0049000000000001265,-0.0034747262833541015,0.07216663933081846,0.010938259092461551,-0.03498727735368967,38946683.0,4
515910.SH,2024-11-21,2024-11-22,2024-11-29,2024-11-21,-0.011850192439024299,-0.03266787658802184,0.01717557251908408,0.002849999999999908,-0.014787430683918634,0.10097344232269445,0.0177316840500849,-0.05882352941176472,4971264.45,64
515920.SH,2024-11-21,2024-11-22,2024-11-29,2024-11-21,-0.021590810373395497,-0.029445073612684003,0.009422850412249772,0.00015000000000020552,-0.013468401059053892,0.13711630342299896,0.016788791499409008,-0.07692307692307698,5281240.05,29
516260.SH,2024-11-21,2024-11-22,2024-11-29,2024-11-21,-0.0273591673573923,-0.03490990990990994,0.001168224299065379,-0.0029000000000000137,-0.01448942042318302,0.13440883593512187,0.02001523279121438,-0.09425785482123505,1249921.95,13
516330.SH,2024-11-21,2024-11-22,2024-11-29,2024-11-21,-0.023678426134538078,-0.03771760154738857,-0.0030060120240480437,-0.0042999999999999705,-0.016458261256363294,0.12345222010401824,0.02055429592336949,-0.09514925373134331,490503.5,24
516510.SH,2024-11-21,2024-11-22,2024-11-29,2024-11-21,-0.012651246141257566,-0.03722084367245648,0.10122989593188292,0.01849999999999996,0.01752698981598866,0.2147281608381708,0.03223616458311539,-0.13149606299212602,113075642.05,60
516630.SH,2024-11-21,2024-11-22,2024-11-29,2024-11-21,-0.01564844988485392,-0.039999999999999925,0.09834469328140183,0.017899999999999805,0.016399351234456683,0.21362567663622944,0.031512942321950864,-0.13068181818181823,16106737.15,52
516700.SH,2024-11-21,2024-11-22,2024-11-29,2024-11-21,-0.0038588233369565295,-0.030558482613277205,0.1428571428571428,0.02200000000000002,0.023017902813299296,0.21631125738244417,0.03545210287162783,-0.15600775193798455,9085585.95,81
517030.SH,2024-11-21,2024-11-22,2024-11-29,2024-11-21,-0.01788683047567563,-0.012806830309498363,0.004343105320304019,0.0005499999999999394,-0.008308764406325442,0.07552608820985895,0.010929298313669898,-0.03657262277951934,888743.85,42
517660.SH,2024-11-21,2024-11-22,2024-11-29,2024-11-21,-0.02953577006681507,-0.016574585635359185,-0.010011123470522798,-0.003150000000000097,-0.01352250055420079,0.10255209075910954,0.014307299104582954,-0.06687898089171984,3581913.15,7
517770.SH,2024-11-21,2024-11-22,2024-11-29,2024-11-21,0.029020070713501545,-0.0032188841201716833,0.055681818181818166,0.008449999999999958,0.00863145323272363,0.10823005655155815,0.02002725061024878,-0.0664589823468329,4263344.5,93
560660.SH,2024-11-21,2024-11-22,2024-11-29,2024-11-21,-0.0005999099999999258,-0.03989592367736339,0.06750241080038588,0.01045000000000007,0.008931826467371451,0.2065097866725314,0.030724942656813022,-0.12635078969243563,3434187.15,83
561100.SH,2024-11-21,2024-11-22,2024-11-29,2024-11-21,-0.02237582939220173,-0.030033370411568394,0.023474178403755985,0.0021499999999999853,-0.015523567598080712,0.15693573667711602,0.020688800697207316,-0.09745762711864414,22044911.15,26
561130.SH,2024-11-21,2024-11-22,2024-11-29,2024-11-21,-0.017873491802469,-0.02527075812274371,0.03316326530612246,0.0043000000000000815,-0.0019099254512969788,0.11578826764436312,0.016921514962474758,-0.06117647058823539,18273855.3,43
561310.SH,2024-11-21,2024-11-22,2024-11-29,2024-11-21,-0.014515607455696133,-0.03312883435582825,0.015463917525773141,0.0025000000000000577,-0.019534652233420435,0.1506359015963159,0.021027746922206866,-0.08823529411764708,10297912.55,57
561320.SH,2024-11-21,2024-11-22,2024-11-29,2024-11-21,-0.006859200751565542,0.008421052631578885,0.008421052631578885,0.0033000000000000806,-0.0008343763037129692,0.04257054314141251,0.00893117062746058,-0.02564102564102555,2695614.2,76
561600.SH,2024-11-21,2024-11-22,2024-11-29,2024-11-21,-0.022431465364077585,-0.030588235294117583,0.01728395061728394,0.0010499999999999954,-0.01776135415424962,0.1483915126625599,0.020140026820653616,-0.0911136107986501,18665600.85,25
562950.SH,2024-11-21,2024-11-22,2024-11-29,2024-11-21,-0.009204830824108168,-0.03084223013048626,0.018703241895261957,0.0011499999999998733,-0.016255267910897042,0.15229858477476643,0.020539947799713035,-0.09502262443438914,9856627.35,70
159630.SZ,2024-11-21,2024-11-22,2024-11-29,2024-11-21,-0.011443310614828173,-0.017590149516270914,0.004496402877697703,-0.00045000000000006146,-0.00935656955345665,0.07804955780415912,0.011676910372038862,-0.04306632213608963,5206411.75,65
159701.SZ,2024-11-21,2024-11-22,2024-11-29,2024-11-21,-0.021810648489388296,-0.04540023894862599,-0.006218905472636815,-0.0023000000000000798,-0.021492866327842752,0.12754597132402012,0.01811756360151126,-0.07754629629629628,2689606.65,28
159793.SZ,2024-11-21,2024-11-22,2024-11-29,2024-11-21,0.0005912700834329598,-0.008323424494649068,0.038605230386052236,0.0059499999999999,-0.0023923444976076125,0.1419205026635708,0.020090726272257154,-0.07534246575342463,404230.5,84
159862.SZ,2024-11-21,2024-11-22,2024-11-29,2024-11-21,-0.0075887218181817095,-0.02051983584131334,0.03318903318903299,0.006349999999999967,-0.007485444968117649,0.09408017794853651,0.023254817268481734,-0.05555555555555558,5477792.6,73
161812.SZ,2024-11-21,2024-11-22,2024-11-29,2024-11-21,-0.01247577944241307,-0.017086330935251914,0.01297497683039861,0.001000000000000112,-0.006047378711408258,0.10284825995386626,0.013746696243718336,-0.05861767279090113,454409.75,61
166001.SZ,2024-11-21,2024-11-22,2024-11-29,2024-11-21,-0.010337200513728995,-0.02235597592433347,-0.0026315789473685403,-0.0023500000000000743,-0.017498379779649964,0.05823452312006561,0.010752658233571032,-0.04729729729729715,198587.2,69
506008.SH,2024-11-21,2024-11-22,2024-11-29,2024-11-21,0.01958999080808077,-0.02805049088359035,0.03742514970059885,0.0030999999999998806,0.007560337307356946,0.1326782675522864,0.01547913528813206,-0.06740027510316371,848327.2,92
513360.SH,2024-11-21,2024-11-22,2024-11-29,2024-11-21,-0.004429029118773853,-0.016917293233082775,0.009652509652509744,-0.0019000000000000128,-0.023160254015689108,0.10574142916150353,0.021840906778985154,-0.09269162210338688,321502928.2,78
515090.SH,2024-11-21,2024-11-22,2024-11-29,2024-11-21,-0.017916248193069362,-0.020193861066235996,0.01336675020885525,0.0023500000000000743,-0.007446199165371148,0.08249431633647286,0.012341954942470751,-0.045274027005559936,3023368.25,41
561180.SH,2024-11-21,2024-11-22,2024-11-29,2024-11-21,-0.02210243766136566,-0.01839926402943881,0.0028195488721802775,-0.0009999999999998899,-0.009468993687337557,0.0804593858138718,0.012062282911245281,-0.04779080252479706,10040450.45,27
159777.SZ,2024-11-21,2024-11-22,2024-11-29,2024-11-21,-0.008814157315068627,-0.04444444444444451,0.03248587570621475,0.0019000000000000128,-0.0042906762923108355,0.13933578190471274,0.0246085442430278,-0.09860935524652337,20734090.0,71
159896.SZ,2024-11-21,2024-11-22,2024-11-29,2024-11-21,-0.025522605511221874,-0.03605769230769229,-0.001245330012453305,-0.003750000000000142,-0.015225933202357544,0.12717123019076837,0.020458403485340185,-0.09837962962962965,2189860.25,19
159916.SZ,2024-11-21,2024-11-22,2024-11-29,2024-11-21,-0.01804682058738938,-0.0219758064516129,-0.01000000000000012,-0.0001499999999996504,-0.020108876791467556,0.08463603001588416,0.011111820512630493,-0.04206161137440756,279288.45,39
161227.SZ,2024-11-21,2024-11-22,2024-11-29,2024-11-21,-0.018035914742267734,-0.03100775193798455,0.01296596434359798,0.0036999999999998145,-0.009312462849217273,0.10300866904640493,0.015126969642107675,-0.06025934401220434,389702.35,40
163801.SZ,2024-11-21,2024-11-22,2024-11-29,2024-11-21,-0.004131359081271935,-0.040632054176072296,-0.001175088131609825,0.001100000000000101,-0.020737327188940058,0.09542940075300232,0.016662219414066745,-0.04921700223713654,169412.9,80
501046.SH,2024-11-21,2024-11-22,2024-11-29,2024-11-21,0.004257978197083734,-0.051186017478152435,0.0164957646009809,0.009949999999999903,-0.025828366339806452,0.17403081656369368,0.017389334785494235,-0.07804878048780495,665010.3,88
501080.SH,2024-11-21,2024-11-22,2024-11-29,2024-11-21,-0.01752295950141125,-0.038181818181818206,-0.016728624535315983,-0.008200000000000207,-0.016180026036823336,0.0898956116347418,0.019383769477497793,-0.09236234458259318,347556.85,44
159791.SZ,2024-11-21,2024-11-22,2024-11-29,2024-11-21,-0.01855953106765329,-0.012499999999999845,0.016077170418006492,0.0018000000000000238,-0.0037307550838107106,0.08313255297755706,0.012312250807168442,-0.03684749232343898,1613108.55,35
159970.SZ,2024-11-21,2024-11-22,2024-11-29,2024-11-21,-0.019199167258064254,-0.023645917542441608,0.021785109983079476,0.014100000000000001,-0.005383815612035936,0.1063156975662718,0.016109666665559793,-0.06209343583678284,982780.95,32
501082.SH,2024-11-21,2024-11-22,2024-11-29,2024-11-21,-0.01310887028326746,-0.028169014084506894,-0.019379844961240345,-0.008000000000000007,-0.020012911555842394,0.08310317099604925,0.015825303979020332,-0.07863777089783286,360904.6,59
159716.SZ,2024-11-21,2024-11-22,2024-11-29,2024-11-21,-0.024335662137499936,-0.02676399026763987,0.028277634961439535,0.0037000000000000366,-0.002244948865053664,0.1284481140927003,0.01869472105982957,-0.07792207792207795,2869891.05,21
159895.SZ,2024-11-21,2024-11-22,2024-11-29,2024-11-21,-0.027266037691415335,-0.04357541899441342,-0.00696055684454755,-0.0040999999999997705,-0.02009043557895951,0.12544287217367023,0.020265038873367145,-0.09375000000000011,373155.25,15
501075.SH,2024-11-21,2024-11-22,2024-11-29,2024-11-21,-0.004184130286909671,-0.03509781357882624,0.0053956834532373765,-0.005699999999999816,-0.01737321653531787,0.08280813805938592,0.014245684590777807,-0.07757166947723448,557298.0,79
160916.SZ,2024-11-21,2024-11-22,2024-11-29,2024-11-21,0.0033009490554256615,-0.006398771435884298,-0.006653019447287578,-0.00794999999999968,-0.0009907742192827307,0.058098743357128946,0.008016326851102883,-0.02208121827411158,557404.1,87
512180.SH,2024-11-21,2024-11-22,2024-11-29,2024-11-21,-0.018745442360335263,-0.01580756013745699,0.01632363378282453,0.004150000000000098,-0.003860735278773064,0.08635086968021488,0.010402608562793689,-0.04253882511816354,505815.15,34
167001.SZ,2024-11-21,2024-11-22,2024-11-29,2024-11-21,-0.001361647873475702,-0.028169014084507116,-0.015765765765765716,-0.0052000000000000934,-0.019593179778641945,0.06177544862633,0.011723679182782734,-0.05217391304347829,106264.6,82
159663.SZ,2024-11-28,2024-11-29,2024-12-06,2024-11-28,0.09634911833849347,-0.0558276199804113,-0.004132231404958775,0.003149999999999986,-0.03950580381607127,0.12622031045446036,0.027654808174935593,-0.06627680311890838,8230655.65,59
159667.SZ,2024-11-28,2024-11-29,2024-12-06,2024-11-28,0.10618246476141069,-0.053974484789009014,-0.0020703933747413528,0.003849999999999909,-0.03744383424862696,0.12828119719103204,0.027796480014721396,-0.0634765625,57883528.8,60
159738.SZ,2024-11-28,2024-11-29,2024-12-06,2024-11-28,0.03227509296052644,-0.034545454545454324,0.01335877862595436,0.005600000000000049,-0.021558872305141086,0.14487632508833936,0.0291435407666978,-0.05181818181818176,4208855.25,28
159739.SZ,2024-11-28,2024-11-29,2024-12-06,2024-11-28,0.042852267826086754,-0.043946188340807324,0.012345679012345512,0.008000000000000007,-0.03244837758112107,0.1806150878696957,0.03333261904863076,-0.0654121863799283,22829911.65,45
159752.SZ,2024-11-28,2024-11-29,2024-12-06,2024-11-28,0.007269382047244033,-0.03780718336483935,-0.019267822736030893,-0.0027999999999999137,-0.03287098612958406,0.11107983533302845,0.02015017063130713,-0.04536862003780717,21221847.05,1
159755.SZ,2024-11-28,2024-11-29,2024-12-06,2024-11-28,0.024421889013254594,-0.05138888888888882,0.031722054380664666,0.005599999999999938,-0.03456074634249762,0.1352500668627976,0.026701731831148195,-0.05138888888888882,230552833.9,18
159757.SZ,2024-11-28,2024-11-29,2024-12-06,2024-11-28,0.024385092249999962,-0.04737732656514371,0.031135531135531247,0.004649999999999932,-0.03181427343078236,0.13408093612871763,0.025591878710140358,-0.04898648648648629,17140274.35,16
159767.SZ,2024-11-28,2024-11-29,2024-12-06,2024-11-28,0.01913689608617619,-0.04948805460750838,0.02957486136783727,0.0047000000000000375,-0.033824804856894986,0.13305817610062887,0.027680026541335216,-0.055932203389830515,6695966.05,11
159770.SZ,2024-11-28,2024-11-29,2024-12-06,2024-11-28,0.12936109000000018,-0.05405405405405406,0.03633916554508754,0.007750000000000035,-0.03181189488243441,0.13304048438798532,0.03251029735112446,-0.07055961070559613,64623988.2,61
159775.SZ,2024-11-28,2024-11-29,2024-12-06,2024-11-28,0.018552356533101166,-0.04966887417218524,0.030520646319569078,0.0050000000000000044,-0.03480746594921802,0.13211498191509619,0.024175614186329488,-0.0512396694214875,7234631.15,9
159778.SZ,2024-11-28,2024-11-29,2024-12-06,2024-11-28,0.024260788756218954,-0.04750593824228022,-0.011097410604192337,-0.0006500000000001505,-0.04404314917456331,0.11725928885337611,0.024876903940969627,-0.05805687203791465,1906747.6,15
159795.SZ,2024-11-28,2024-11-29,2024-12-06,2024-11-28,0.0396058407471267,-0.05939524838012966,-0.04285714285714293,-0.004250000000000087,-0.054596765440138806,0.12294316011863637,0.025206825083222997,-0.06889128094725516,5239889.4,43
159796.SZ,2024-11-28,2024-11-29,2024-12-06,2024-11-28,0.012379311948051974,-0.04643962848297223,0.011494252873563315,0.0019500000000000073,-0.03614457831325302,0.12484599589322376,0.028400579316704724,-0.057010785824345156,33139760.7,5
159819.SZ,2024-11-28,2024-11-29,2024-12-06,2024-11-28,0.03887977752821681,-0.03373231773667029,0.007945516458569779,0.0020499999999999963,-0.024765251770907715,0.1402542107569973,0.030064704764870845,-0.055495103373231824,525127820.3,40
159840.SZ,2024-11-28,2024-11-29,2024-12-06,2024-11-28,0.02140522959633051,-0.050434782608695716,0.030188679245283012,0.0044000000000000705,-0.035335689045936425,0.1357859531772576,0.028506615640726832,-0.06024096385542177,96706565.45,12
159852.SZ,2024-11-28,2024-11-29,2024-12-06,2024-11-28,0.04640157938118805,-0.037869822485207094,0.04364569961489084,0.01265000000000005,-0.01959602050045217,0.20782152740690396,0.0369934212555096,-0.059171597633136175,169857359.4,53
159872.SZ,2024-11-28,2024-11-29,2024-12-06,2024-11-28,0.0470445891827469,-0.05680600214362275,-0.03083700440528636,-0.0008500000000001284,-0.04274991841618625,0.12526010853155967,0.022376915493818445,-0.05680600214362275,2783229.15,54
159888.SZ,2024-11-28,2024-11-29,2024-12-06,2024-11-28,0.03746317936523447,-0.05801104972375681,-0.042134831460674316,-0.005149999999999988,-0.05361025024284205,0.12283161940376042,0.025332242096548885,-0.0705774518790101,12340423.45,37
159889.SZ,2024-11-28,2024-11-29,2024-12-06,2024-11-28,0.03905882373015901,-0.0566844919786097,-0.04956896551724144,-0.0049000000000000155,-0.05471303788650128,0.12224115465570806,0.025612346596601724,-0.071049840933192,4646268.0,41
159890.SZ,2024-11-28,2024-11-29,2024-12-06,2024-11-28,0.044216237533632574,-0.04344122657580918,0.008984725965857976,0.008000000000000007,-0.0343522937357581,0.17926314010478261,0.035379262605388595,-0.06870229007633588,23489127.05,47
159899.SZ,2024-11-28,2024-11-29,2024-12-06,2024-11-28,0.07310584663749986,-0.031212484993997647,0.04398447606727052,0.012599999999999945,-0.01794949802251289,0.20379413057278195,0.03694645607323314,-0.056422569027611114,31601477.45,58
160225.SZ,2024-11-28,2024-11-29,2024-12-06,2024-11-28,0.025854798264705936,-0.04494382022471899,0.021788129226145925,0.007249999999999979,-0.03350744412464912,0.11310481212920243,0.021067537294760193,-0.04628330995792418,788218.0,20
161024.SZ,2024-11-28,2024-11-29,2024-12-06,2024-11-28,0.02266449558680872,-0.03551401869158899,-0.027332704995287616,-0.007300000000000084,-0.04448868107957982,0.1137597965076309,0.025741372998458335,-0.05415499533146573,4908448.75,14
161027.SZ,2024-11-28,2024-11-29,2024-12-06,2024-11-28,0.05622518537003596,-0.04295532646048117,0.016423357664233418,0.007549999999999724,-0.03994484422803457,0.1549601857996017,0.027827104630617525,-0.05498281786941572,3436553.85,56
161033.SZ,2024-11-28,2024-11-29,2024-12-06,2024-11-28,0.04523859744719383,-0.04988532110091737,-0.03662790697674423,-0.0059499999999999,-0.04775587609907472,0.11510322656441918,0.022021108882050108,-0.06079545454545454,141341.4,50
161631.SZ,2024-11-28,2024-11-29,2024-12-06,2024-11-28,0.026032069957924397,-0.021291208791208938,0.010638297872340274,0.004750000000000032,-0.017884834074227363,0.1316244426824038,0.02492098178935873,-0.05020352781546811,1964686.8,21
162703.SZ,2024-11-28,2024-11-29,2024-12-06,2024-11-28,0.0386062276248218,-0.04594594594594603,-0.04141208418194153,-0.012799999999999923,-0.044169910306312565,0.12125237191650884,0.022101321278797985,-0.05675675675675662,9875140.6,39
165525.SZ,2024-11-28,2024-11-29,2024-12-06,2024-11-28,0.024484108110964353,-0.029677419354838697,-0.0026525198938992522,-0.0011500000000000954,-0.029927760577915352,0.09167722855935767,0.014630002011874433,-0.05443037974683551,1298201.85,19
501016.SH,2024-11-28,2024-11-29,2024-12-06,2024-11-28,0.042276068900156005,-0.0427927927927928,0.014319809069212486,0.008800000000000141,-0.03947566671689018,0.15640608665350242,0.02731870683362007,-0.05330330330330346,1590638.55,44
501057.SH,2024-11-28,2024-11-29,2024-12-06,2024-11-28,0.009306679813411378,-0.04082774049216997,0.0457317073170731,0.018750000000000044,-0.022402097702787338,0.1295958446910348,0.02291754390188305,-0.04194630872483229,2232878.45,3
501058.SH,2024-11-28,2024-11-29,2024-12-06,2024-11-28,0.014245605300059472,-0.042808219178082196,0.04161490683229818,0.017149999999999554,-0.0234670704012111,0.12681262439579166,0.024233800915816877,-0.044520547945205546,748304.55,6
501205.SH,2024-11-28,2024-11-29,2024-12-06,2024-11-28,0.051542703391304734,-0.04175365344467641,-0.0574948665297742,-0.003349999999999964,-0.042453322207155586,0.1542258608235012,0.024434922338970873,-0.06458333333333344,2909613.85,55
510770.SH,2024-11-28,2024-11-29,2024-12-06,2024-11-28,0.036414908148148184,-0.048576214405359974,-0.022375215146299476,-0.000300000000000078,-0.04753919678041396,0.14495536142843402,0.025448842284917957,-0.05518394648829439,5186532.4,36
512330.SH,2024-11-28,2024-11-29,2024-12-06,2024-11-28,0.03576080013513505,-0.047477744807121636,-0.034102306920762326,-0.0018000000000000238,-0.04898281651194947,0.167419249466787,0.0303740980211599,-0.06521739130434778,8370947.85,33
512680.SH,2024-11-28,2024-11-29,2024-12-06,2024-11-28,0.024408247951807294,-0.0357142857142857,-0.03052064631956919,-0.008199999999999985,-0.047577053661978175,0.12063314281949511,0.027815630135404064,-0.0596616206589492,123067066.55,17
512930.SH,2024-11-28,2024-11-29,2024-12-06,2024-11-28,0.03478404283241576,-0.03490136570561442,0.008723235527359208,0.00254999999999983,-0.024652072230955002,0.13873042668374147,0.02880372253269566,-0.05766312594840661,90237204.35,31
515000.SH,2024-11-28,2024-11-29,2024-12-06,2024-11-28,0.03219290545312492,-0.03814510097232626,0.014996053670086607,0.003949999999999898,-0.03220951234196279,0.12351507123430516,0.024868478521780216,-0.05459985041136872,131030539.4,27
515070.SH,2024-11-28,2024-11-29,2024-12-06,2024-11-28,0.03923446028343691,-0.030716723549487845,0.012477718360071277,0.003149999999999986,-0.021954369349978298,0.14101871408222388,0.028990016671212867,-0.05460750853242324,127692110.9,42
515230.SH,2024-11-28,2024-11-29,2024-12-06,2024-11-28,0.06262248012165461,-0.035169988276670616,0.043092522179974724,0.01244999999999985,-0.01877794336810712,0.2016762577903004,0.03782223131433463,-0.05744431418522866,163267269.75,57
515250.SH,2024-11-28,2024-11-29,2024-12-06,2024-11-28,0.03754513160305328,-0.057672502574665274,-0.04088050314465408,-0.004250000000000087,-0.05323607015365517,0.12393154110053684,0.02552342676459291,-0.06871794871794878,53764137.85,38
515530.SH,2024-11-28,2024-11-29,2024-12-06,2024-11-28,0.0313267143659246,-0.03775351014040562,-0.024667931688804545,-0.013399999999999856,-0.03869831522840261,0.10584551747910265,0.0165970203314952,-0.04957904583723105,11623112.9,26
515980.SH,2024-11-28,2024-11-29,2024-12-06,2024-11-28,0.03591261938413348,-0.03915662650602403,0.015923566878981,0.0041999999999998705,-0.024116657319125046,0.1438152446492098,0.03129089036718246,-0.0612449799196787,134289870.3,34
516050.SH,2024-11-28,2024-11-29,2024-12-06,2024-11-28,0.026129958677563403,-0.035816618911174825,0.0166163141993958,0.0022999999999999687,-0.03193325661680091,0.12786956169050634,0.024390986644990828,-0.05150214592274682,9735513.65,22
516270.SH,2024-11-28,2024-11-29,2024-12-06,2024-11-28,0.007459768145161361,-0.040776699029126284,-0.0275590551181103,-0.003349999999999964,-0.03590944574551147,0.11057327601777289,0.02020785381575119,-0.044660194174757306,15567970.6,2
516510.SH,2024-11-28,2024-11-29,2024-12-06,2024-11-28,0.04458092589511775,-0.04295532646048128,0.013648771610554888,0.008099999999999996,-0.03302808037845595,0.1826005132591959,0.03451084471922418,-0.07081911262798635,110814925.6,49
516520.SH,2024-11-28,2024-11-29,2024-12-06,2024-11-28,0.044373094050000006,-0.05743879472693025,-0.03842459173871304,-0.0039000000000000146,-0.05163429654192331,0.12402825600795131,0.02508547886453677,-0.06854460093896708,25384100.55,48
516630.SH,2024-11-28,2024-11-29,2024-12-06,2024-11-28,0.036380666873265355,-0.04166666666666663,0.01217228464419473,0.007750000000000146,-0.032705471790971385,0.18155066079295157,0.03360306861336577,-0.06954225352112686,16256255.75,35
516800.SH,2024-11-28,2024-11-29,2024-12-06,2024-11-28,0.030079348576744103,-0.04099821746880594,0.015094339622641284,0.005300000000000082,-0.02923132443161336,0.1609727144178903,0.027602700611396122,-0.06238859180035661,11520735.85,25
516850.SH,2024-11-28,2024-11-29,2024-12-06,2024-11-28,0.00972980669250667,-0.0383663366336634,-0.013959390862944177,-0.0025500000000000522,-0.030325720703856196,0.11661286202011278,0.02110196931416046,-0.04950495049504955,7393685.0,4
516890.SH,2024-11-28,2024-11-29,2024-12-06,2024-11-28,0.004921637458563666,-0.03035714285714286,-0.003669724770642202,-0.0006499999999999284,-0.028187919463087296,0.11709040018659822,0.0203406099002976,-0.04285714285714293,2334706.5,0
517390.SH,2024-11-28,2024-11-29,2024-12-06,2024-11-28,0.03241330618618621,-0.031037827352085268,0.013184584178498993,0.0047000000000001485,-0.020348124540328638,0.15061305852264195,0.029678177784334247,-0.051406401551891356,3639301.8,29
561160.SH,2024-11-28,2024-11-29,2024-12-06,2024-11-28,0.02264195255813961,-0.04761904761904767,0.009708737864077666,0.0016499999999999293,-0.03641248957657728,0.1266571557813423,0.028720085221448272,-0.06000000000000005,36107612.2,13
561910.SH,2024-11-28,2024-11-29,2024-12-06,2024-11-28,0.014864694874274997,-0.04428044280442811,0.01171875,0.0014000000000000679,-0.03529192662259062,0.1272568229531139,0.027366774356416376,-0.05504587155963303,46279475.2,8
562360.SH,2024-11-28,2024-11-29,2024-12-06,2024-11-28,0.13083484129032263,-0.054778554778554644,0.03443877551020402,0.007350000000000079,-0.031063321385902065,0.1276017693154008,0.0322631212815154,-0.07594936708860756,8491462.45,62
562500.SH,2024-11-28,2024-11-29,2024-12-06,2024-11-28,0.1327432286927226,-0.053299492385786795,0.034674063800277155,0.007299999999999973,-0.03179753406878649,0.13089850534504244,0.03061748506227652,-0.06801007556675065,206762154.25,63
562880.SH,2024-11-28,2024-11-29,2024-12-06,2024-11-28,0.014316509253731402,-0.0461811722912967,0.011299435028248705,0.0019000000000000128,-0.03590664272890487,0.12582112177867621,0.026192850006521076,-0.047957371225577305,10853563.75,7
562910.SH,2024-11-28,2024-11-29,2024-12-06,2024-11-28,0.018996170196078355,-0.03488372093023262,-0.020648967551622488,-0.00385000000000002,-0.037681159420289934,0.10170844643142263,0.01752017906208036,-0.04651162790697683,7880888.65,10
588010.SH,2024-11-28,2024-11-29,2024-12-06,2024-11-28,0.02923292850746284,-0.04739336492891,0.02203389830508451,0.0043000000000000815,-0.03504560729716755,0.16516983125640938,0.032694727821890826,-0.07042253521126762,48038452.6,23
588160.SH,2024-11-28,2024-11-29,2024-12-06,2024-11-28,0.03556259325657907,-0.04828660436137078,0.026890756302521135,0.004650000000000154,-0.03771950547287206,0.16955240375759817,0.0362036023876385,-0.07241910631741144,22936011.6,32
502003.SH,2024-11-28,2024-11-29,2024-12-06,2024-11-28,0.02978185273599987,-0.0376923076923078,-0.024180967238689677,-0.00649999999999995,-0.046275825264923576,0.1126316533540681,0.0234100258304432,-0.0476923076923077,449643.0,24
502053.SH,2024-11-28,2024-11-29,2024-12-06,2024-11-28,0.046369284830287016,-0.044962531223980085,0.01594331266607618,0.007650000000000157,-0.03940371006239274,0.1527433628318584,0.02435990224007743,-0.05995004163197337,696354.55,52
163115.SZ,2024-11-28,2024-11-29,2024-12-06,2024-11-28,0.03284458120078737,-0.0329566854990585,-0.017224880382775143,-0.005600000000000271,-0.04009720534629402,0.1142470318683606,0.023105901877786016,-0.05084745762711873,229184.5,30
502010.SH,2024-11-28,2024-11-29,2024-12-06,2024-11-28,0.04371938445676293,-0.04113475177304948,0.02037735849056621,0.009700000000000042,-0.03707132936861213,0.15393466200945127,0.02788358959751915,-0.05673758865248213,604774.2,46
161031.SZ,2024-11-28,2024-11-29,2024-12-06,2024-11-28,0.04537468340635287,-0.036726128016789095,0.02341137123745818,0.007399999999999962,-0.027902790279027867,0.12355740630577028,0.026080347245118877,-0.0482686253934943,103497.85,51
159608.SZ,2024-12-05,2024-12-06,2024-12-13,2024-12-05,-0.017037411480263165,0.015025041736226985,-0.052959501557632405,-0.003249999999999975,-0.021327967806841208,0.11411662731267014,0.02398311197383517,-0.02917341977309562,20380362.8,1
159755.SZ,2024-12-05,2024-12-06,2024-12-13,2024-12-05,-0.012271735868613076,0.0014641288433381305,-0.04201680672268915,0.0010000000000000009,-0.03451196273554935,0.1084830625603046,0.024785939628770702,-0.03802816901408457,224245311.5,3
159806.SZ,2024-12-05,2024-12-06,2024-12-13,2024-12-05,-0.006101194899082563,0.005524861878453136,-0.03191489361702127,0.0022999999999999687,-0.0263040570664288,0.11098269713379993,0.025915721573940117,-0.033868092691622165,41418345.7,7
159840.SZ,2024-12-05,2024-12-06,2024-12-13,2024-12-05,-0.00790813734917728,0.001831501831501825,-0.04035087719298247,0.0007999999999999119,-0.034932956951305494,0.10894446799491297,0.027174375921683497,-0.03873239436619724,90674760.85,5
161028.SZ,2024-12-05,2024-12-06,2024-12-13,2024-12-05,-0.0043243823850931395,0.00249066002490661,-0.02777777777777779,0.00385000000000002,-0.026896343306134773,0.10651626279064574,0.02154462434466209,-0.029020556227327687,1846200.2,8
162411.SZ,2024-12-05,2024-12-06,2024-12-13,2024-12-05,-0.007055982932816507,-0.03598014888337475,0.005174644243208348,0.015350000000000086,-0.024726998870340244,0.05679481794265273,0.01344041583045116,-0.061594202898550776,45246284.8,6
162719.SZ,2024-12-05,2024-12-06,2024-12-13,2024-12-05,-0.00948158663563281,-0.031020408163265345,0.005506141465480452,0.03630000000000022,-0.025791493116113173,0.04613524323318763,0.011898131181835164,-0.057936507936508064,3873989.6,4
163208.SZ,2024-12-05,2024-12-06,2024-12-13,2024-12-05,-0.014027550364683061,-0.016997167138810165,0.0,0.011949999999999905,-0.01616104337964286,0.039186800235710084,0.009708409354532307,-0.039667896678966974,531564.05,2
560000.SH,2024-12-05,2024-12-06,2024-12-13,2024-12-05,0.005493992987805063,0.01078582434514641,-0.04233576642335768,-0.0006000000000000449,-0.02670623145400597,0.0727928692699491,0.020800628469447652,-0.02235469448584204,318212.5,9
562800.SH,2024-12-05,2024-12-06,2024-12-13,2024-12-05,-0.026558353896103837,0.01132075471698113,-0.06129597197898429,-0.0034999999999999476,-0.024745269286754135,0.11007877196525961,0.022895613642738944,-0.031078610603290646,53655638.85,0
162719.SZ,2024-12-12,2024-12-13,2024-12-20,2024-12-12,-0.07134635560341152,-0.0016849199663016012,-0.022680412371134273,-0.005550000000000388,-0.02521284909307786,0.040291525230339076,0.010760480888743408,-0.04229361529076847,3351371.1,0
163208.SZ,2024-12-12,2024-12-13,2024-12-20,2024-12-12,-0.043251320242482905,-0.007684918347742542,-0.014312977099236512,-0.0021500000000003183,-0.021733983616648356,0.03303386541879272,0.008964760351019764,-0.03007518796992481,455243.1,2
501057.SH,2024-12-12,2024-12-13,2024-12-20,2024-12-12,-0.03139537788953495,0.012287887653598784,-0.03888888888888897,-0.023149999999999782,-0.004602991944764212,0.06684672518568546,0.01761664750756966,-0.02509982886480333,1181448.95,4
501058.SH,2024-12-12,2024-12-13,2024-12-20,2024-12-12,-0.028393876999999845,0.007104795737122416,-0.03461975028376851,-0.020200000000000218,-0.002287524194967472,0.065762330436957,0.019322609610427973,-0.013434579439252303,365983.75,5
561910.SH,2024-12-12,2024-12-13,2024-12-20,2024-12-12,-0.04080566074712644,0.011605415860735047,-0.05253623188405798,-0.009550000000000058,-0.006836308393467383,0.0556632141663882,0.019677022428126436,-0.024528301886792447,34208823.15,3
160311.SZ,2024-12-12,2024-12-13,2024-12-20,2024-12-12,-0.0467790865724137,-0.002741603838245399,-0.031936127744511045,-0.012649999999999828,-0.0139938332260362,0.06758386186606247,0.01463053995244814,-0.029352901934623143,499877.15,1
159655.SZ,2024-12-19,2024-12-20,2024-12-27,2024-12-19,0.02003130011536136,-0.025443786982248473,0.01981424148606803,0.0180499999999999,-0.01955531743905714,0.061538947634494745,0.008984029243781345,-0.028891509433962237,61950394.55,14
159663.SZ,2024-12-19,2024-12-20,2024-12-27,2024-12-19,0.00036850093992257804,-0.03821062441752088,0.010773751224290029,0.007450000000000179,0.005798937673602511,0.062108586512085395,0.020240656133342083,-0.06561922365988881,10174259.05,12
159667.SZ,2024-12-19,2024-12-20,2024-12-27,2024-12-19,-0.0015664478046422126,-0.03724394785847285,0.014720314033366044,0.008349999999999858,0.007110158761079344,0.06515198672061406,0.01977322680835884,-0.06457564575645758,50505230.75,11
159770.SZ,2024-12-19,2024-12-20,2024-12-27,2024-12-19,-0.007729993876337549,-0.04740406320541757,0.03685503685503688,0.011699999999999933,0.00776119402985076,0.0835579514824798,0.02524055268117931,-0.08388520971302427,121525784.35,10
159805.SZ,2024-12-19,2024-12-20,2024-12-27,2024-12-19,-0.04742018678875626,-0.030402629416598326,0.0678733031674208,0.023950000000000138,0.011096354055095903,0.0891062929666846,0.02171407802018617,-0.06255077173030055,56303815.15,2
159851.SZ,2024-12-19,2024-12-20,2024-12-27,2024-12-19,-0.02584382419041442,-0.06196840826245431,0.005863192182410604,0.012849999999999806,-0.012219307785810152,0.10897481376374585,0.02641773929534513,-0.07290400972053457,693158793.15,5
510760.SH,2024-12-19,2024-12-20,2024-12-27,2024-12-19,-0.036744578716094045,-0.02466960352422909,0.006363636363636349,0.0036000000000000476,0.005769318130195877,0.018821641802557743,0.009731937659672764,-0.028193832599119006,142447615.05,4
512980.SH,2024-12-19,2024-12-20,2024-12-27,2024-12-19,-0.05276314126927628,-0.029714285714285582,0.07196969696969702,0.017650000000000055,0.012643129770992356,0.08876047009934429,0.02152299696068709,-0.06108597285067863,234885977.35,1
515210.SH,2024-12-19,2024-12-20,2024-12-27,2024-12-19,-0.07027148869868316,-0.039434523809523614,0.015735641227380137,0.009350000000000191,0.002445937026827716,0.03850495927747777,0.014822921303928269,-0.051073279052553655,56394081.0,0
516100.SH,2024-12-19,2024-12-20,2024-12-27,2024-12-19,-0.01907756439710595,-0.06362275449101806,-0.0007987220447285281,0.009649999999999714,-0.015038185969608597,0.10491518051326643,0.025618926881874705,-0.07110778443113785,62827105.2,7
516860.SH,2024-12-19,2024-12-20,2024-12-27,2024-12-19,-0.020390010792078916,-0.06187766714082499,0.0022796352583585033,0.009749999999999925,-0.013573645439928339,0.10738588524341264,0.02662970946007236,-0.07041251778093882,171957482.5,6
517770.SH,2024-12-19,2024-12-20,2024-12-27,2024-12-19,-0.042929872489669396,-0.032032032032031976,0.04090419806243273,0.011400000000000077,0.008236888749869609,0.05045452885984458,0.01841978738625824,-0.05184446660019926,3839903.6,3
562360.SH,2024-12-19,2024-12-20,2024-12-27,2024-12-19,-0.011867103799323542,-0.0452099031216362,0.03379953379953382,0.011550000000000171,0.008355595975672037,0.08012033398821217,0.025070634971606436,-0.08995815899581594,22914320.05,8
562500.SH,2024-12-19,2024-12-20,2024-12-27,2024-12-19,-0.009204830824108168,-0.04900816802800456,0.03426395939086291,0.011149999999999882,0.005862388151805176,0.08177570093457942,0.024199670658690605,-0.08447488584474883,398418116.35,9
513030.SH,2024-12-19,2024-12-20,2024-12-27,2024-12-19,0.009868666361732004,-0.02571041948579167,0.03971119133573997,0.018950000000000022,-0.004011619864434879,0.013292839621539487,0.008546057532503452,-0.030303030303030276,50546621.8,13
159628.SZ,2024-12-26,2024-12-27,2025-01-03,2024-12-26,-0.08485166177325565,-0.014299332697807365,0.013725490196078383,0.005349999999999966,-0.02388369678089297,0.040876486194359796,0.01607492446656977,-0.05092592592592582,155666229.0,25
159629.SZ,2024-12-26,2024-12-27,2025-01-03,2024-12-26,-0.08654831773999994,-0.009119746233148485,0.010513546300040089,0.010199999999999765,-0.01705115346038122,0.028604373596585297,0.01391222601474669,-0.04142469996128528,198750378.9,22
159633.SZ,2024-12-26,2024-12-27,2025-01-03,2024-12-26,-0.08338810611969871,-0.005910165484633634,0.013660104459622069,0.011600000000000055,-0.015030255709545304,0.028687317608631746,0.01379556825997331,-0.04224270353302606,137823199.6,28
159663.SZ,2024-12-26,2024-12-27,2025-01-03,2024-12-26,-0.09509905891117465,0.007751937984496138,0.07883817427385909,0.014799999999999924,-0.0008166402459528488,0.05246216589706432,0.01810089855256548,-0.035305343511450094,11292888.7,15
159680.SZ,2024-12-26,2024-12-27,2025-01-03,2024-12-26,-0.08611469730337062,-0.013651877133105783,0.025732031943212164,0.010199999999999987,-0.012851714273515058,0.04749765195223388,0.014594416413285152,-0.04173622704507518,30117965.95,23
159729.SZ,2024-12-26,2024-12-27,2025-01-03,2024-12-26,-0.07597728999999998,-0.012919896640826933,0.015957446808510634,0.0040000000000000036,-0.009464540386360687,0.028765783389649524,0.01606759014247375,-0.0283870967741936,2068806.5,46
159736.SZ,2024-12-26,2024-12-27,2025-01-03,2024-12-26,-0.04540996838315203,-0.004059539918809252,0.012379642365887289,0.003249999999999975,-0.014725568942436373,0.011213139904789893,0.014178780486990308,-0.041884816753926746,16426705.75,70
159743.SZ,2024-12-26,2024-12-27,2025-01-03,2024-12-26,-0.07679726492817684,-0.005494505494505475,0.035469107551487467,0.008900000000000241,-0.005931458699472869,0.043458327761752846,0.015876526029829065,-0.04399141630901293,330132.35,38
159758.SZ,2024-12-26,2024-12-27,2025-01-03,2024-12-26,-0.03543738590413936,-0.0021762785636560977,0.02572706935123037,0.005350000000000188,-0.004505238017695423,0.0044891134455311565,0.011306100103568808,-0.01833872707659112,12484664.55,73
159770.SZ,2024-12-26,2024-12-27,2025-01-03,2024-12-26,-0.10548977793632075,0.004739336492890933,0.10129870129870144,0.01594999999999991,-0.006385845685160096,0.07534807534807508,0.02364470890745761,-0.048387096774193505,137949570.4,9
159792.SZ,2024-12-26,2024-12-27,2025-01-03,2024-12-26,-0.02600838686440654,-1.1102230246251565e-16,0.03362573099415189,0.006299999999999972,0.0021971791055352963,0.006467720841754732,0.014407747025071211,-0.019662921348314488,812792284.0,75
159804.SZ,2024-12-26,2024-12-27,2025-01-03,2024-12-26,-0.10646856360169488,-0.02066115702479354,-0.007537688442211143,0.0012000000000000899,-0.03497699417728761,0.016094331816301155,0.017317444241958337,-0.06841686555290383,521890.65,7
159820.SZ,2024-12-26,2024-12-27,2025-01-03,2024-12-26,-0.07598788824668701,-0.005070993914807254,0.024008350730688965,0.005700000000000038,-0.007336200354161493,0.00924223856209161,0.010048991023745275,-0.026973026973026837,7852508.95,45
159836.SZ,2024-12-26,2024-12-27,2025-01-03,2024-12-26,-0.08930405999999991,-0.007042253521126751,0.015606242496998712,0.0035000000000000586,-0.013411078717201153,0.009199505698201271,0.012886158753474175,-0.02662037037037035,3466230.25,19
159841.SZ,2024-12-26,2024-12-27,2025-01-03,2024-12-26,-0.10767849107142857,0.0055299539170508005,0.017723880597015018,0.005250000000000199,-0.012133285041651676,0.01655288793434062,0.013504836603979152,-0.02707581227436806,317595446.45,5
159843.SZ,2024-12-26,2024-12-27,2025-01-03,2024-12-26,-0.04596067543191806,-0.0014619883040936088,0.014858841010401136,0.0029000000000000137,-0.009857929834734769,0.0025919914730747617,0.012796036253193558,-0.02710413694721825,20061922.65,69
159845.SZ,2024-12-26,2024-12-27,2025-01-03,2024-12-26,-0.08348476594896326,-0.007512850929221271,0.01250504235578842,0.010400000000000187,-0.01591782325727298,0.028792696617883307,0.013979545405607363,-0.042020046260601185,750007659.85,27
159848.SZ,2024-12-26,2024-12-27,2025-01-03,2024-12-26,-0.10294182099268545,0.003144654088050425,0.01700318809776835,0.004450000000000176,-0.012332937716084458,0.016647722304800272,0.013786888475178711,-0.025773195876288568,5904180.45,12
159851.SZ,2024-12-26,2024-12-27,2025-01-03,2024-12-26,-0.12796782436952114,-0.036917098445595764,-0.0086666666666666,0.008099999999999996,-0.05358961303462306,0.07184519004468282,0.024193205057102703,-0.06628787878787878,696111965.65,2
159856.SZ,2024-12-26,2024-12-27,2025-01-03,2024-12-26,-0.062291273580246886,-0.007645259938837912,0.015649452269170583,0.003650000000000042,-0.0036078913026791337,0.030753000131874098,0.013067617653151951,-0.024390243902439046,9043996.15,64
159872.SZ,2024-12-26,2024-12-27,2025-01-03,2024-12-26,-0.10682681761388291,0.0010834236186347823,0.050000000000000044,0.006450000000000067,0.0075237160614980425,0.018641589070512277,0.014941374482125288,-0.029126213592232997,1363730.35,6
159899.SZ,2024-12-26,2024-12-27,2025-01-03,2024-12-26,-0.13278261658838064,-0.0193003618817853,0.0074349442379182396,0.0012999999999999678,-0.027686419900735393,0.049912104470115404,0.019051821888847936,-0.05100830367734277,23125914.15,0
159935.SZ,2024-12-26,2024-12-27,2025-01-03,2024-12-26,-0.08271278225945955,-0.004338394793926281,0.021134593993325845,0.010099999999999998,-0.007567567567567601,0.006811853168736226,0.010713692179374257,-0.024598930481283476,548828.6,31
159943.SZ,2024-12-26,2024-12-27,2025-01-03,2024-12-26,-0.06922069082746474,0.0008810572687223406,0.021582733812949728,0.004850000000000021,-0.0020643914437563637,0.004293549383169726,0.00967962865897015,-0.014899211218229569,15169969.5,55
159966.SZ,2024-12-26,2024-12-27,2025-01-03,2024-12-26,-0.0702302441393442,-0.006122448979591799,0.01670146137787043,0.0020999999999999908,-0.010162601626016232,0.004218260987889577,0.01147668620193698,-0.020242914979757054,6155060.9,53
159968.SZ,2024-12-26,2024-12-27,2025-01-03,2024-12-26,-0.07708390638900409,-0.00440832070533137,0.02336448598130847,0.04174999999999951,-0.007109737248840675,0.010551525459026045,0.010588120450190244,-0.03241053342336264,13461413.45,37
159982.SZ,2024-12-26,2024-12-27,2025-01-03,2024-12-26,-0.073907184434724,-0.0033489618218353057,0.023383768913342484,0.008950000000000014,-0.006476597449422528,0.012141827356280555,0.010398907005488548,-0.027667984189723382,17058139.7,50
160119.SZ,2024-12-26,2024-12-27,2025-01-03,2024-12-26,-0.07752343207878765,0.0,0.021170610211705965,0.007850000000000135,-0.004733584172836647,0.008980691513246652,0.010004741899582966,-0.028160575194727366,693433.9,36
161720.SZ,2024-12-26,2024-12-27,2025-01-03,2024-12-26,-0.09274318070921983,0.003172085646312217,0.007968127490039834,0.0043999999999999595,-0.012413147006011371,0.018270950645909112,0.011474605584624833,-0.027237354085603016,1732626.45,18
163109.SZ,2024-12-26,2024-12-27,2025-01-03,2024-12-26,-0.067685286092943,0.005181347150258864,0.021052631578947212,0.0027000000000000357,-0.001201304273210968,0.003991614737385962,0.009154600664082076,-0.010273972602739767,182247.45,57
163415.SZ,2024-12-26,2024-12-27,2025-01-03,2024-12-26,-0.06626237611577412,0.0008668015024559939,0.02942050520059447,0.032050000000000356,0.0014310287506686947,0.015958253990787208,0.01107312202959324,-0.014891179839633506,3212453.75,60
164206.SZ,2024-12-26,2024-12-27,2025-01-03,2024-12-26,-0.01950747927027019,-0.004026845637583931,0.032707028531663296,0.013900000000000023,-0.0032575477717701196,0.03864801702187015,0.008869015955490684,-0.03211009174311941,1550939.9,76
164403.SZ,2024-12-26,2024-12-27,2025-01-03,2024-12-26,-0.040386453867298444,-0.013863216266173817,0.015223596574690745,0.005799999999999805,-0.01907607446564008,0.018587882760558117,0.013598851052236481,-0.05793226381461669,187703.05,71
501012.SH,2024-12-26,2024-12-27,2025-01-03,2024-12-26,-0.018304074570416162,-0.006156552330694676,0.003552397868561208,0.0035000000000000586,-0.017263121276688165,0.006638846737481163,0.014582738420796802,-0.0358361774744026,381442.9,77
501219.SH,2024-12-26,2024-12-27,2025-01-03,2024-12-26,-0.05903940678813546,-0.010906040268456318,0.02254986990459673,0.008850000000000025,-0.012810851544837853,0.033817122082118845,0.00921833645140555,-0.03621399176954754,2530537.5,65
508008.SH,2024-12-26,2024-12-27,2025-01-03,2024-12-26,0.026826887282306755,0.013669821240799296,0.039041916167664725,0.08750000000000036,0.013581004118111029,0.012974179843670663,0.009678872310575399,-0.026944065484311053,11332821.0,79
510500.SH,2024-12-26,2024-12-27,2025-01-03,2024-12-26,-0.07496452202614368,-0.003335000833750157,0.0203141003755547,0.030549999999999855,-0.006920156513503861,0.008227890510704272,0.010431958213765597,-0.03016888014428598,2521941774.65,48
510510.SH,2024-12-26,2024-12-27,2025-01-03,2024-12-26,-0.07664122119565231,-0.0037878787878788955,0.02220988339811214,0.010099999999999998,-0.006449175638846061,0.008463045607924213,0.010646064916952263,-0.02983484283431015,78953093.5,39
510530.SH,2024-12-26,2024-12-27,2025-01-03,2024-12-26,-0.07598985876208886,-0.004177377892030987,0.0200789993416719,0.03389999999999915,-0.006897877760953741,0.00910575503120592,0.010255904171060766,-0.02878835811452063,9818125.9,44
510550.SH,2024-12-26,2024-12-27,2025-01-03,2024-12-26,-0.07643514718157174,0.0006779661016949046,0.022869022869022704,0.006950000000000012,-0.005055611729019249,0.005614994407601159,0.010143324410562968,-0.031187790311878016,871200.25,41
510580.SH,2024-12-26,2024-12-27,2025-01-03,2024-12-26,-0.07087022882812488,-0.0033795201081445736,0.02006226219301288,0.01540000000000008,-0.006635901236231145,0.008909707786506571,0.009854956705221801,-0.029900332225913595,61073775.25,52
510590.SH,2024-12-26,2024-12-27,2025-01-03,2024-12-26,-0.08133139359331465,-0.000988467874794119,0.01915966386554624,0.02725000000000044,-0.006105306289694745,0.006433254979586689,0.010439517381341482,-0.029097963142579952,4473815.15,32
510630.SH,2024-12-26,2024-12-27,2025-01-03,2024-12-26,-0.037767681942148634,-0.00512820512820511,0.01997896950578326,0.005850000000000022,-0.011061834123464398,0.0069983915677080955,0.013046134217759063,-0.03203203203203209,33473467.4,72
512100.SH,2024-12-26,2024-12-27,2025-01-03,2024-12-26,-0.08564674147023554,-0.008320126782884296,0.012540453074433744,0.011150000000000215,-0.01594228538853182,0.02841027783580552,0.01418340534189491,-0.041779497098646035,2642780985.9,24
512260.SH,2024-12-26,2024-12-27,2025-01-03,2024-12-26,-0.0661546188737624,-0.006760909649661917,0.0352338244714927,0.014900000000000135,-0.0022535733028740124,0.020798537799766814,0.010024819098082465,-0.021393643031784815,948436.5,61
512500.SH,2024-12-26,2024-12-27,2025-01-03,2024-12-26,-0.07797681384019817,-0.004016064257028051,0.021222679759265173,0.017300000000000093,-0.006364322808315226,0.009002705476257145,0.010300757711348188,-0.03039513677811534,303288930.6,34
512510.SH,2024-12-26,2024-12-27,2025-01-03,2024-12-26,-0.0660151886181819,-0.004801920768307433,0.020935960591133007,0.009100000000000108,-0.007631303306898096,0.009587785644506575,0.009639611390610562,-0.028352037802717,27094730.6,62
513590.SH,2024-12-26,2024-12-27,2025-01-03,2024-12-26,-0.01585792664122132,-0.0063131313131312705,0.03145478374836186,0.006449999999999956,-0.0008252396368945147,0.004399387911247166,0.014080968250160754,-0.022499999999999964,13874970.05,78
515530.SH,2024-12-26,2024-12-27,2025-01-03,2024-12-26,-0.07637929499682727,-0.0019011406844107182,0.021400778210116655,0.015499999999999403,-0.005995582202587446,0.008491611815061972,0.01062414132834938,-0.030510585305105975,13340781.95,42
515560.SH,2024-12-26,2024-12-27,2025-01-03,2024-12-26,-0.10455210914233581,0.003663003663003428,0.016697588126159513,0.005049999999999999,-0.011989542955016752,0.02123546199404669,0.01310307536425615,-0.023423423423423295,6132674.7,10
515760.SH,2024-12-26,2024-12-27,2025-01-03,2024-12-26,-0.05856014719966851,-0.0074013157894737835,0.014285714285714235,0.00945000000000018,-0.014049991831400321,0.02927287249695243,0.00932963888840026,-0.02348178137651835,3485083.0,66
516100.SH,2024-12-26,2024-12-27,2025-01-03,2024-12-26,-0.1289404352278376,-0.03597122302158273,-0.010664479081214262,0.005850000000000133,-0.05482189740977306,0.0680981081533567,0.02359565484062315,-0.07048799380325332,61601434.45,1
516200.SH,2024-12-26,2024-12-27,2025-01-03,2024-12-26,-0.10557162084201399,0.0034965034965035446,0.0159292035398233,0.005349999999999966,-0.01340666895840481,0.019911472104947814,0.013185239106185234,-0.02491408934707895,10373028.6,8
516300.SH,2024-12-26,2024-12-27,2025-01-03,2024-12-26,-0.08304941682418887,-0.00835987261146498,0.019647973802701557,0.01540000000000008,-0.013933971973715487,0.20892022523887777,0.013781091512299106,-0.04006223259432118,18458702.3,30
516560.SH,2024-12-26,2024-12-27,2025-01-03,2024-12-26,-0.04719770560736203,-0.009720534629404587,0.03426395939086291,0.009199999999999986,-0.014152655134873626,0.03281555823928706,0.013650740620721757,-0.0400471142520612,6641251.25,68
516860.SH,2024-12-26,2024-12-27,2025-01-03,2024-12-26,-0.12709630503930824,-0.0356330553449582,-0.007800312012480548,0.006349999999999856,-0.05321920357275767,0.06962302456112424,0.024143892107750264,-0.0650887573964497,170734719.2,3
517050.SH,2024-12-26,2024-12-27,2025-01-03,2024-12-26,-0.06658506037138923,-0.00545702592087316,0.025316455696202445,0.005049999999999999,-0.0025312991721967437,0.03466094096550432,0.012335007032891601,-0.027137042062415184,4195152.05,59
517200.SH,2024-12-26,2024-12-27,2025-01-03,2024-12-26,-0.07619749623298033,-0.0030211480362537513,0.024844720496894457,0.0040000000000000036,-0.003397508493771184,0.03044526853556695,0.012954225680973337,-0.024060150375939893,2048808.6,43
517770.SH,2024-12-26,2024-12-27,2025-01-03,2024-12-26,-0.08662691030818281,-0.028955532574974185,0.015135135135135203,0.006549999999999834,-0.0275979909905244,0.039190013272589974,0.016186228844080164,-0.05070993914807298,3204433.35,21
560010.SH,2024-12-26,2024-12-27,2025-01-03,2024-12-26,-0.08335023745199988,-0.009101701622477254,0.011308562197092087,0.01100000000000012,-0.016670266449370752,0.028965693735436338,0.01341416219129031,-0.04129679660362784,271290395.3,29
560100.SH,2024-12-26,2024-12-27,2025-01-03,2024-12-26,-0.06530926834532358,-0.0030737704918032405,0.03400637619553648,0.008000000000000007,-0.0017441263978660304,0.011396849004721155,0.009653566126608447,-0.025278058645096024,12170684.0,63
560110.SH,2024-12-26,2024-12-27,2025-01-03,2024-12-26,-0.07644723825892852,-0.00770925110132159,0.008958566629339249,0.003950000000000009,-0.016107016107016148,0.029086754569973117,0.013511338500677216,-0.04291845493562241,22363785.8,40
561350.SH,2024-12-26,2024-12-27,2025-01-03,2024-12-26,-0.07386009165207885,-0.0021810250817884125,0.026936026936027035,0.00605,-0.004027430064221127,0.013570167696381308,0.009713887467369743,-0.02685284640171859,39214653.55,51
561590.SH,2024-12-26,2024-12-27,2025-01-03,2024-12-26,-0.07422958264243606,0.00789733464955611,0.05041152263374493,0.012399999999999967,0.009641532756489601,0.029454181441829652,0.013062013944986588,-0.027263875365141077,9155371.25,49
562360.SH,2024-12-26,2024-12-27,2025-01-03,2024-12-26,-0.10166284044943807,0.0033821871476888976,0.09741060419235503,0.016499999999999848,-0.006862690397812732,0.0726126593389056,0.023874210191333147,-0.0483516483516484,26086912.4,13
562500.SH,2024-12-26,2024-12-27,2025-01-03,2024-12-26,-0.1032277921026894,0.0036809815950920033,0.09651474530831106,0.014550000000000174,-0.008244422890397729,0.0730734203564769,0.022963418792543683,-0.04892601431980903,480862340.7,11
562530.SH,2024-12-26,2024-12-27,2025-01-03,2024-12-26,-0.057956784730434974,-0.0017361111111111605,0.024955436720142554,0.009400000000000075,-0.007551240560949357,0.038570126824313045,0.012174998948617996,-0.035683942225998355,1450932.2,67
159677.SZ,2024-12-26,2024-12-27,2025-01-03,2024-12-26,-0.06998930872709741,-0.00858778625954193,0.017629774730655967,0.006400000000000183,-0.014465259663267949,0.03730731387340125,0.013466876670063263,-0.04096834264432059,11277930.85,54
159793.SZ,2024-12-26,2024-12-27,2025-01-03,2024-12-26,-0.06819218661835758,-0.02135231316725983,0.0012135922330096527,0.0026000000000000467,-0.02758132956152759,0.024452092012316573,0.01751582868119597,-0.0552359033371691,813696.75,56
161039.SZ,2024-12-26,2024-12-27,2025-01-03,2024-12-26,-0.06668435135300099,0.0005089058524172518,0.027168234064785635,0.013499999999999845,-0.0015489703156343904,0.024026835166549576,0.011726380809751791,-0.030561122244488925,469798.15,58
501215.SH,2024-12-26,2024-12-27,2025-01-03,2024-12-26,-0.03433984318975536,0.004678362573099504,0.015366430260047359,0.0041999999999999815,-0.001336976108818222,0.010099230814397231,0.005813968562833082,-0.011560693641618491,1463425.65,74
502000.SH,2024-12-26,2024-12-27,2025-01-03,2024-12-26,-0.08466159981308408,-0.0037406483790524137,0.021086261980830745,0.010199999999999987,-0.0025591411272704034,0.016335204745139054,0.008741603784052013,-0.019826517967781787,265797.6,26
515590.SH,2024-12-26,2024-12-27,2025-01-03,2024-12-26,-0.077686742880546,-0.002739726027397249,0.01747030048916831,0.007949999999999902,-0.007498295841854019,0.011201102877821834,0.010822152546944687,-0.02764666217127454,646888.7,35
516980.SH,2024-12-26,2024-12-27,2025-01-03,2024-12-26,-0.09496386699570825,0.008620689655172153,0.01298701298701288,0.007400000000000073,-0.011907778059285556,0.017967675378266712,0.01068945180012812,-0.026845637583892468,2856023.1,16
159728.SZ,2024-12-26,2024-12-27,2025-01-03,2024-12-26,-0.11150894437804881,-0.03755868544600938,0.003671970624234966,0.0039000000000000146,-0.03101920236336775,0.056689767122432455,0.02078588806786391,-0.06995412844036686,7524991.05,4
159821.SZ,2024-12-26,2024-12-27,2025-01-03,2024-12-26,-0.08123610308068463,-0.002430133657351119,0.013580246913580174,0.002449999999999952,-0.010306792839491208,-0.00262504007694786,0.012582141708404288,-0.022864019253911017,1921592.4,33
159907.SZ,2024-12-26,2024-12-27,2025-01-03,2024-12-26,-0.0872313248366835,-0.011249999999999982,0.02860858257477239,0.006799999999999917,-0.01242274798676557,0.05339646215558602,0.01730594426709314,-0.05717761557177625,15545247.2,20
502010.SH,2024-12-26,2024-12-27,2025-01-03,2024-12-26,-0.09705869952830193,0.0014641288433383526,0.01183431952662728,0.006099999999999994,-0.01529602303401112,0.01963302752293572,0.01211600019116862,-0.027896995708154404,160269.05,14
159918.SZ,2024-12-26,2024-12-27,2025-01-03,2024-12-26,-0.09494327849600004,-0.004774535809018654,0.01295896328293722,0.007200000000000317,-0.013540160378598842,0.02548778186197409,0.014897921919144536,-0.043005181347150256,278467.6,17
515190.SH,2024-12-26,2024-12-27,2025-01-03,2024-12-26,-0.07518200626865679,-0.00411522633744843,0.0315430520034099,0.007349999999999968,-0.004852372728020415,0.005624017864527264,0.011921221617778067,-0.029911075181891733,440797.65,47
159770.SZ,2024-12-30,2025-01-03,2025-01-10,2024-12-30,-0.0018665767807350964,0.009685230024213176,-0.009501187648456089,0.010650000000000048,-0.023247643028635023,0.06983106062188082,0.018550775570152507,-0.0361726954492414,134386736.95,9
159819.SZ,2024-12-30,2025-01-03,2025-01-10,2024-12-30,-0.02686985522285723,0.007454739084131967,0.024918743228602436,0.012900000000000245,0.019176901529842638,0.02766039894451322,0.015301367818158263,-0.022727272727272707,483251032.65,5
512930.SH,2024-12-30,2025-01-03,2025-01-10,2024-12-30,-0.027740168035143786,0.008941877794336861,0.02653525398028811,0.018650000000000055,0.020500452215857834,0.02612753122542877,0.014903290583676867,-0.02026049204052105,94281066.8,4
515070.SH,2024-12-30,2025-01-03,2025-01-10,2024-12-30,-0.029205279302325526,0.009197324414715657,0.024617996604414216,0.016199999999999992,0.01985635825940002,0.02753700782843982,0.015201687915119595,-0.02108678021086796,118917746.85,3
515980.SH,2024-12-30,2025-01-03,2025-01-10,2024-12-30,-0.02531625631182788,0.011988011988012026,0.018090452261306345,0.011199999999999877,0.018397506785965634,0.025446298173570803,0.015412414869310793,-0.018664047151277008,118818841.9,6
517800.SH,2024-12-30,2025-01-03,2025-01-10,2024-12-30,-0.04153578939265534,-0.014569536423841067,0.026206896551724146,0.010249999999999981,0.009429482396038358,0.026460552886289124,0.012423453739617504,-0.0223390275952694,7460377.2,1
562360.SH,2024-12-30,2025-01-03,2025-01-10,2024-12-30,0.0018140998792270935,0.011547344110854452,-0.009049773755656076,0.011299999999999977,-0.023193577163247103,0.06715322676609436,0.019707740721509843,-0.0388457269700333,24861872.8,10
562500.SH,2024-12-30,2025-01-03,2025-01-10,2024-12-30,-0.0032195694757536364,0.010037641154328814,-0.011056511056511065,0.009800000000000031,-0.024478914202617497,0.06759816288246334,0.018324121489232983,-0.03627569528415964,474067456.15,8
562520.SH,2024-12-30,2025-01-03,2025-01-10,2024-12-30,-0.024419808518134634,0.01288404360753237,0.008884501480750373,0.008950000000000014,0.007690790771051059,0.02741946376713722,0.013733820800558993,-0.022286821705426507,2716238.8,7
161030.SZ,2024-12-30,2025-01-03,2025-01-10,2024-12-30,-0.051554259895712495,-0.015184381778741929,-0.03094983991462119,-0.003050000000000219,-0.043958936562253026,0.05764769205070608,0.021032740381261864,-0.12753623188405783,149131.55,0
159907.SZ,2024-12-30,2025-01-03,2025-01-10,2024-12-30,-0.03934670493315506,0.011523687580025532,-0.0062893081761006275,0.003449999999999953,-0.014102084113315816,0.04893640231264307,0.016533774601689217,-0.04202719406674915,14692096.45,2
